/*******************************************************************************
 * Size: 28 px
 * Bpp: 4
 * Opts: --no-compress --format lvgl --font /tmp/Alexandria-Regular-remapped.ttf --size 28 --bpp 4 --range 0x0020-0x007F,0x0600-0x06FF,0xFB50-0xFDFF,0xFE70-0xFEFF --symbols ‌‍​ صم -o /home/abdas/Projects/esp32-S3-Touch-LCD-1.28-sample-pio-project/src/font_alexandria_28.c
 ******************************************************************************/

#ifdef LV_LVGL_H_INCLUDE_SIMPLE
#include "lvgl.h"
#else
#include <lvgl.h>
#endif

#ifndef FONT_ALEXANDRIA_28
#define FONT_ALEXANDRIA_28 1
#endif

#if FONT_ALEXANDRIA_28

/*-----------------
 *    BITMAPS
 *----------------*/

/*Store the image of the glyphs*/
static LV_ATTRIBUTE_LARGE_CONST const uint8_t glyph_bitmap[] = {
    /* U+0020 " " */

    /* U+0021 "!" */
    0x3f, 0xfe, 0x3, 0xff, 0xe0, 0x3f, 0xfe, 0x3,
    0xff, 0xe0, 0x3f, 0xfe, 0x2, 0xff, 0xd0, 0x1f,
    0xfc, 0x0, 0xff, 0xb0, 0xf, 0xfa, 0x0, 0xef,
    0x90, 0xd, 0xf8, 0x0, 0xcf, 0x70, 0xb, 0xf6,
    0x0, 0x23, 0x10, 0x0, 0x0, 0x0, 0x0, 0x0,
    0x4, 0x82, 0x3, 0xff, 0xe0, 0x5f, 0xff, 0x10,
    0xbf, 0x80,

    /* U+0022 "\"" */
    0x5f, 0xf2, 0xf, 0xf7, 0x5f, 0xf2, 0xf, 0xf7,
    0x5f, 0xf2, 0xf, 0xf7, 0x5f, 0xf2, 0xf, 0xf7,
    0x5f, 0xf2, 0xf, 0xf7, 0x5f, 0xf2, 0xf, 0xf7,
    0x3c, 0xc1, 0xc, 0xc5,

    /* U+0023 "#" */
    0x0, 0x0, 0x0, 0x9f, 0xd0, 0x0, 0x3, 0xff,
    0x20, 0x0, 0x0, 0x0, 0x0, 0xaf, 0xb0, 0x0,
    0x5, 0xff, 0x0, 0x0, 0x0, 0x0, 0x0, 0xcf,
    0x90, 0x0, 0x7, 0xfe, 0x0, 0x0, 0x0, 0x0,
    0x0, 0xef, 0x70, 0x0, 0x9, 0xfc, 0x0, 0x0,
    0x0, 0x0, 0x0, 0xff, 0x50, 0x0, 0xb, 0xfa,
    0x0, 0x0, 0x2, 0xff, 0xff, 0xff, 0xff, 0xff,
    0xff, 0xff, 0xff, 0xf7, 0x3, 0xff, 0xff, 0xff,
    0xff, 0xff, 0xff, 0xff, 0xff, 0xf5, 0x1, 0x44,
    0x49, 0xff, 0x44, 0x44, 0x5f, 0xf7, 0x44, 0x41,
    0x0, 0x0, 0x8, 0xfd, 0x0, 0x0, 0x3f, 0xf3,
    0x0, 0x0, 0x0, 0x0, 0xa, 0xfb, 0x0, 0x0,
    0x5f, 0xf1, 0x0, 0x0, 0x0, 0x0, 0xc, 0xf9,
    0x0, 0x0, 0x7f, 0xf0, 0x0, 0x0, 0x0, 0x0,
    0xe, 0xf7, 0x0, 0x0, 0x8f, 0xd0, 0x0, 0x0,
    0x4, 0x44, 0x4f, 0xf8, 0x44, 0x44, 0xcf, 0xc4,
    0x44, 0x20, 0x1f, 0xff, 0xff, 0xff, 0xff, 0xff,
    0xff, 0xff, 0xff, 0x80, 0x3f, 0xff, 0xff, 0xff,
    0xff, 0xff, 0xff, 0xff, 0xff, 0x60, 0x0, 0x0,
    0x5f, 0xf0, 0x0, 0x0, 0xff, 0x50, 0x0, 0x0,
    0x0, 0x0, 0x7f, 0xd0, 0x0, 0x2, 0xff, 0x30,
    0x0, 0x0, 0x0, 0x0, 0x9f, 0xb0, 0x0, 0x4,
    0xff, 0x10, 0x0, 0x0, 0x0, 0x0, 0xbf, 0xa0,
    0x0, 0x6, 0xff, 0x0, 0x0, 0x0, 0x0, 0x0,
    0xdf, 0x80, 0x0, 0x8, 0xfd, 0x0, 0x0, 0x0,

    /* U+0024 "$" */
    0x0, 0x0, 0x0, 0x2, 0x88, 0x10, 0x0, 0x0,
    0x0, 0x0, 0x0, 0x0, 0x4f, 0xf2, 0x0, 0x0,
    0x0, 0x0, 0x0, 0x0, 0x4, 0xff, 0x20, 0x0,
    0x0, 0x0, 0x0, 0x0, 0x0, 0x4f, 0xf2, 0x0,
    0x0, 0x0, 0x0, 0x0, 0x6, 0xbe, 0xff, 0xeb,
    0x72, 0x0, 0x0, 0x0, 0x3e, 0xff, 0xff, 0xff,
    0xff, 0xfb, 0x30, 0x0, 0x3f, 0xff, 0xff, 0xff,
    0xff, 0xff, 0xfa, 0x0, 0xb, 0xff, 0xf9, 0x20,
    0x3, 0x7c, 0xff, 0x20, 0x0, 0xff, 0xfb, 0x0,
    0x0, 0x0, 0x3, 0x70, 0x0, 0x1f, 0xff, 0x90,
    0x0, 0x0, 0x0, 0x0, 0x0, 0x0, 0xff, 0xfe,
    0x10, 0x0, 0x0, 0x0, 0x0, 0x0, 0xb, 0xff,
    0xfe, 0x50, 0x0, 0x0, 0x0, 0x0, 0x0, 0x2f,
    0xff, 0xff, 0xfa, 0x50, 0x0, 0x0, 0x0, 0x0,
    0x2c, 0xff, 0xff, 0xff, 0xf9, 0x20, 0x0, 0x0,
    0x0, 0x4, 0xaf, 0xff, 0xff, 0xff, 0x70, 0x0,
    0x0, 0x0, 0x0, 0x4, 0x9f, 0xff, 0xff, 0x50,
    0x0, 0x0, 0x0, 0x0, 0x0, 0x9, 0xff, 0xfd,
    0x0, 0x0, 0x0, 0x0, 0x0, 0x0, 0xc, 0xff,
    0xf1, 0x1, 0x80, 0x0, 0x0, 0x0, 0x0, 0x9f,
    0xff, 0x10, 0x8f, 0xc3, 0x0, 0x0, 0x0, 0xc,
    0xff, 0xf0, 0x1f, 0xff, 0xfb, 0x51, 0x0, 0x3b,
    0xff, 0xfa, 0x0, 0x7f, 0xff, 0xff, 0xff, 0xff,
    0xff, 0xfe, 0x10, 0x0, 0x3b, 0xff, 0xff, 0xff,
    0xff, 0xfc, 0x20, 0x0, 0x0, 0x2, 0x8c, 0xff,
    0xfe, 0xa4, 0x0, 0x0, 0x0, 0x0, 0x0, 0x4,
    0xff, 0x20, 0x0, 0x0, 0x0, 0x0, 0x0, 0x0,
    0x4f, 0xf2, 0x0, 0x0, 0x0, 0x0, 0x0, 0x0,
    0x4, 0xff, 0x20, 0x0, 0x0, 0x0, 0x0, 0x0,
    0x0, 0x28, 0x81, 0x0, 0x0, 0x0,

    /* U+0025 "%" */
    0x0, 0x5c, 0xff, 0xd8, 0x0, 0x0, 0x0, 0x0,
    0x1, 0xef, 0x70, 0x0, 0x0, 0x8f, 0xfe, 0xdf,
    0xfd, 0x10, 0x0, 0x0, 0x0, 0xcf, 0xc0, 0x0,
    0x0, 0x3f, 0xf5, 0x0, 0x2d, 0xf9, 0x0, 0x0,
    0x0, 0x7f, 0xe1, 0x0, 0x0, 0xa, 0xfa, 0x0,
    0x0, 0x3f, 0xf0, 0x0, 0x0, 0x3f, 0xf5, 0x0,
    0x0, 0x0, 0xdf, 0x40, 0x0, 0x0, 0xef, 0x40,
    0x0, 0xd, 0xf9, 0x0, 0x0, 0x0, 0xf, 0xf2,
    0x0, 0x0, 0xc, 0xf5, 0x0, 0xa, 0xfd, 0x0,
    0x0, 0x0, 0x0, 0xff, 0x20, 0x0, 0x0, 0xcf,
    0x50, 0x5, 0xff, 0x30, 0x0, 0x0, 0x0, 0xd,
    0xf4, 0x0, 0x0, 0xe, 0xf4, 0x2, 0xff, 0x70,
    0x0, 0x0, 0x0, 0x0, 0x9f, 0xa0, 0x0, 0x4,
    0xff, 0x0, 0xcf, 0xb0, 0x4, 0xac, 0xb8, 0x20,
    0x3, 0xff, 0x50, 0x2, 0xdf, 0x90, 0x8f, 0xe1,
    0xa, 0xff, 0xff, 0xff, 0x50, 0x7, 0xff, 0xed,
    0xff, 0xd0, 0x4f, 0xf4, 0x8, 0xfe, 0x40, 0x18,
    0xff, 0x20, 0x4, 0xbf, 0xfd, 0x80, 0x1e, 0xf9,
    0x0, 0xff, 0x50, 0x0, 0xb, 0xf9, 0x0, 0x0,
    0x0, 0x0, 0xb, 0xfd, 0x0, 0x3f, 0xf0, 0x0,
    0x0, 0x5f, 0xd0, 0x0, 0x0, 0x0, 0x6, 0xff,
    0x20, 0x5, 0xfd, 0x0, 0x0, 0x2, 0xff, 0x0,
    0x0, 0x0, 0x2, 0xff, 0x60, 0x0, 0x5f, 0xc0,
    0x0, 0x0, 0x2f, 0xf0, 0x0, 0x0, 0x0, 0xdf,
    0xb0, 0x0, 0x4, 0xfe, 0x0, 0x0, 0x4, 0xfd,
    0x0, 0x0, 0x0, 0x9f, 0xe1, 0x0, 0x0, 0xf,
    0xf3, 0x0, 0x0, 0x9f, 0xa0, 0x0, 0x0, 0x4f,
    0xf4, 0x0, 0x0, 0x0, 0x9f, 0xc1, 0x0, 0x4f,
    0xf3, 0x0, 0x0, 0x1e, 0xf8, 0x0, 0x0, 0x0,
    0x0, 0xdf, 0xfc, 0xdf, 0xf8, 0x0, 0x0, 0xb,
    0xfc, 0x0, 0x0, 0x0, 0x0, 0x0, 0x8d, 0xff,
    0xc5, 0x0,

    /* U+0026 "&" */
    0x0, 0x0, 0x7, 0xdf, 0xfd, 0x80, 0x0, 0x0,
    0x0, 0x0, 0x1, 0xdf, 0xff, 0xff, 0xfd, 0x10,
    0x0, 0x0, 0x0, 0x9, 0xff, 0x60, 0x5, 0xff,
    0xa0, 0x0, 0x0, 0x0, 0xf, 0xfa, 0x0, 0x0,
    0xaf, 0xf0, 0x0, 0x0, 0x0, 0xf, 0xf8, 0x0,
    0x0, 0x9f, 0xf0, 0x0, 0x0, 0x0, 0xe, 0xfa,
    0x0, 0x0, 0xef, 0xc0, 0x0, 0x0, 0x0, 0x9,
    0xff, 0x10, 0x1b, 0xff, 0x40, 0x0, 0x0, 0x0,
    0x2, 0xff, 0xa6, 0xef, 0xf6, 0x0, 0x0, 0x0,
    0x0, 0x0, 0x8f, 0xff, 0xfc, 0x30, 0x0, 0x0,
    0x0, 0x0, 0x3, 0xcf, 0xff, 0x90, 0x0, 0x0,
    0x0, 0x0, 0x0, 0x7f, 0xfe, 0xef, 0xe2, 0x0,
    0x0, 0x60, 0x0, 0x6, 0xff, 0xb1, 0x2e, 0xfe,
    0x20, 0x5, 0xfb, 0x0, 0xf, 0xfc, 0x0, 0x3,
    0xff, 0xe2, 0xd, 0xfe, 0x0, 0x4f, 0xf5, 0x0,
    0x0, 0x4f, 0xfe, 0x8f, 0xf6, 0x0, 0x6f, 0xf4,
    0x0, 0x0, 0x4, 0xff, 0xff, 0xd0, 0x0, 0x4f,
    0xf7, 0x0, 0x0, 0x0, 0x5f, 0xff, 0x50, 0x0,
    0xf, 0xfe, 0x20, 0x0, 0x2, 0xdf, 0xff, 0xe2,
    0x0, 0x7, 0xff, 0xf9, 0x56, 0xaf, 0xff, 0x9f,
    0xfe, 0x20, 0x0, 0x8f, 0xff, 0xff, 0xff, 0xe5,
    0x3, 0xff, 0xe1, 0x0, 0x3, 0xae, 0xff, 0xc7,
    0x0, 0x0, 0x3f, 0x90, 0x0, 0x0, 0x0, 0x0,
    0x0, 0x0, 0x0, 0x2, 0x0,

    /* U+0027 "'" */
    0x5f, 0xf2, 0x5f, 0xf2, 0x5f, 0xf2, 0x5f, 0xf2,
    0x5f, 0xf2, 0x5f, 0xf2, 0x3c, 0xc1,

    /* U+0028 "(" */
    0x0, 0x0, 0xef, 0xe1, 0x0, 0x8, 0xff, 0x60,
    0x0, 0x1f, 0xfe, 0x0, 0x0, 0x7f, 0xf8, 0x0,
    0x0, 0xdf, 0xf2, 0x0, 0x2, 0xff, 0xe0, 0x0,
    0x6, 0xff, 0xa0, 0x0, 0x9, 0xff, 0x60, 0x0,
    0xc, 0xff, 0x30, 0x0, 0xe, 0xff, 0x20, 0x0,
    0xf, 0xff, 0x0, 0x0, 0xf, 0xff, 0x0, 0x0,
    0xf, 0xff, 0x0, 0x0, 0xf, 0xff, 0x0, 0x0,
    0xe, 0xff, 0x10, 0x0, 0xd, 0xff, 0x30, 0x0,
    0xa, 0xff, 0x50, 0x0, 0x7, 0xff, 0x90, 0x0,
    0x3, 0xff, 0xd0, 0x0, 0x0, 0xef, 0xf1, 0x0,
    0x0, 0x9f, 0xf7, 0x0, 0x0, 0x2f, 0xfd, 0x0,
    0x0, 0xa, 0xff, 0x40, 0x0, 0x2, 0xff, 0xd0,
    0x0, 0x0, 0x34, 0x40,

    /* U+0029 ")" */
    0x4f, 0xfa, 0x0, 0x0, 0xbf, 0xf4, 0x0, 0x3,
    0xff, 0xc0, 0x0, 0xc, 0xff, 0x30, 0x0, 0x7f,
    0xf9, 0x0, 0x2, 0xff, 0xe0, 0x0, 0xe, 0xff,
    0x20, 0x0, 0xaf, 0xf5, 0x0, 0x8, 0xff, 0x80,
    0x0, 0x6f, 0xfa, 0x0, 0x4, 0xff, 0xb0, 0x0,
    0x4f, 0xfc, 0x0, 0x4, 0xff, 0xc0, 0x0, 0x4f,
    0xfb, 0x0, 0x5, 0xff, 0xa0, 0x0, 0x7f, 0xf8,
    0x0, 0xa, 0xff, 0x60, 0x0, 0xdf, 0xf3, 0x0,
    0x1f, 0xff, 0x0, 0x6, 0xff, 0xa0, 0x0, 0xbf,
    0xf4, 0x0, 0x2f, 0xfe, 0x0, 0x9, 0xff, 0x60,
    0x2, 0xff, 0xd0, 0x0, 0x14, 0x41, 0x0, 0x0,

    /* U+002A "*" */
    0x0, 0x0, 0xa7, 0x0, 0x0, 0x1, 0x0, 0xfb,
    0x0, 0x0, 0xd, 0xa2, 0xfb, 0x3d, 0x90, 0x1b,
    0xff, 0xff, 0xff, 0x80, 0x0, 0x5f, 0xff, 0xd2,
    0x0, 0x5, 0xdf, 0xff, 0xfb, 0x30, 0x1f, 0xf6,
    0xfc, 0x9f, 0xc0, 0x4, 0x10, 0xfb, 0x3, 0x30,
    0x0, 0x0, 0xfb, 0x0, 0x0,

    /* U+002B "+" */
    0x0, 0x0, 0x1, 0xff, 0x0, 0x0, 0x0, 0x0,
    0x0, 0x1f, 0xf0, 0x0, 0x0, 0x0, 0x0, 0x1,
    0xff, 0x0, 0x0, 0x0, 0x0, 0x0, 0x1f, 0xf0,
    0x0, 0x0, 0x0, 0x0, 0x1, 0xff, 0x0, 0x0,
    0x0, 0xff, 0xff, 0xff, 0xff, 0xff, 0xff, 0xf,
    0xff, 0xff, 0xff, 0xff, 0xff, 0xf0, 0x22, 0x22,
    0x3f, 0xf2, 0x22, 0x21, 0x0, 0x0, 0x1, 0xff,
    0x0, 0x0, 0x0, 0x0, 0x0, 0x1f, 0xf0, 0x0,
    0x0, 0x0, 0x0, 0x1, 0xff, 0x0, 0x0, 0x0,
    0x0, 0x0, 0x1f, 0xf0, 0x0, 0x0,

    /* U+002C "," */
    0x5, 0x50, 0x7f, 0xf8, 0xaf, 0xfb, 0x3f, 0xf6,
    0x1f, 0xe0, 0x7f, 0x60, 0xce, 0x0,

    /* U+002D "-" */
    0x2, 0x22, 0x22, 0x21, 0x4f, 0xff, 0xff, 0xf9,
    0x4f, 0xff, 0xff, 0xf9,

    /* U+002E "." */
    0x7, 0x71, 0x8f, 0xfa, 0xaf, 0xfc, 0x3e, 0xe4,

    /* U+002F "/" */
    0x0, 0x0, 0x0, 0x0, 0xe, 0xfd, 0x0, 0x0,
    0x0, 0x0, 0x3, 0xff, 0x80, 0x0, 0x0, 0x0,
    0x0, 0x9f, 0xf2, 0x0, 0x0, 0x0, 0x0, 0xe,
    0xfd, 0x0, 0x0, 0x0, 0x0, 0x4, 0xff, 0x70,
    0x0, 0x0, 0x0, 0x0, 0x9f, 0xf2, 0x0, 0x0,
    0x0, 0x0, 0xe, 0xfd, 0x0, 0x0, 0x0, 0x0,
    0x4, 0xff, 0x70, 0x0, 0x0, 0x0, 0x0, 0x9f,
    0xf2, 0x0, 0x0, 0x0, 0x0, 0xe, 0xfc, 0x0,
    0x0, 0x0, 0x0, 0x4, 0xff, 0x70, 0x0, 0x0,
    0x0, 0x0, 0xaf, 0xf1, 0x0, 0x0, 0x0, 0x0,
    0xf, 0xfc, 0x0, 0x0, 0x0, 0x0, 0x5, 0xff,
    0x60, 0x0, 0x0, 0x0, 0x0, 0xaf, 0xf1, 0x0,
    0x0, 0x0, 0x0, 0xf, 0xfb, 0x0, 0x0, 0x0,
    0x0, 0x5, 0xff, 0x60, 0x0, 0x0, 0x0, 0x0,
    0xbf, 0xf1, 0x0, 0x0, 0x0, 0x0, 0xf, 0xfb,
    0x0, 0x0, 0x0, 0x0, 0x6, 0xff, 0x60, 0x0,
    0x0, 0x0, 0x0, 0xbf, 0xf0, 0x0, 0x0, 0x0,
    0x0, 0x1f, 0xfb, 0x0, 0x0, 0x0, 0x0, 0x6,
    0xff, 0x50, 0x0, 0x0, 0x0, 0x0, 0xbf, 0xf0,
    0x0, 0x0, 0x0, 0x0, 0x1f, 0xfa, 0x0, 0x0,
    0x0, 0x0, 0x6, 0xff, 0x50, 0x0, 0x0, 0x0,
    0x0,

    /* U+0030 "0" */
    0x0, 0x0, 0x6, 0xbe, 0xff, 0xea, 0x50, 0x0,
    0x0, 0x0, 0x3, 0xdf, 0xff, 0xff, 0xff, 0xfc,
    0x10, 0x0, 0x0, 0x3f, 0xff, 0xfa, 0x78, 0xbf,
    0xff, 0xe1, 0x0, 0x0, 0xdf, 0xfd, 0x20, 0x0,
    0x3, 0xef, 0xfb, 0x0, 0x6, 0xff, 0xf2, 0x0,
    0x0, 0x0, 0x4f, 0xff, 0x30, 0xc, 0xff, 0xa0,
    0x0, 0x0, 0x0, 0xc, 0xff, 0x90, 0xf, 0xff,
    0x50, 0x0, 0x0, 0x0, 0x7, 0xff, 0xe0, 0x3f,
    0xff, 0x20, 0x0, 0x0, 0x0, 0x4, 0xff, 0xf1,
    0x5f, 0xff, 0x0, 0x0, 0x0, 0x0, 0x2, 0xff,
    0xf3, 0x6f, 0xff, 0x0, 0x0, 0x0, 0x0, 0x2,
    0xff, 0xf3, 0x6f, 0xff, 0x0, 0x0, 0x0, 0x0,
    0x2, 0xff, 0xf3, 0x5f, 0xff, 0x0, 0x0, 0x0,
    0x0, 0x2, 0xff, 0xf3, 0x3f, 0xff, 0x20, 0x0,
    0x0, 0x0, 0x4, 0xff, 0xf1, 0xf, 0xff, 0x50,
    0x0, 0x0, 0x0, 0x7, 0xff, 0xe0, 0xc, 0xff,
    0xa0, 0x0, 0x0, 0x0, 0xc, 0xff, 0x90, 0x6,
    0xff, 0xf2, 0x0, 0x0, 0x0, 0x4f, 0xff, 0x30,
    0x0, 0xdf, 0xfd, 0x20, 0x0, 0x3, 0xef, 0xfb,
    0x0, 0x0, 0x3f, 0xff, 0xfa, 0x78, 0xbf, 0xff,
    0xe1, 0x0, 0x0, 0x3, 0xdf, 0xff, 0xff, 0xff,
    0xfc, 0x20, 0x0, 0x0, 0x0, 0x6, 0xbe, 0xff,
    0xea, 0x50, 0x0, 0x0,

    /* U+0031 "1" */
    0xdf, 0xff, 0xff, 0xfb, 0xdf, 0xff, 0xff, 0xfb,
    0xad, 0xdd, 0xef, 0xfb, 0x0, 0x0, 0x9f, 0xfb,
    0x0, 0x0, 0x9f, 0xfb, 0x0, 0x0, 0x9f, 0xfb,
    0x0, 0x0, 0x9f, 0xfb, 0x0, 0x0, 0x9f, 0xfb,
    0x0, 0x0, 0x9f, 0xfb, 0x0, 0x0, 0x9f, 0xfb,
    0x0, 0x0, 0x9f, 0xfb, 0x0, 0x0, 0x9f, 0xfb,
    0x0, 0x0, 0x9f, 0xfb, 0x0, 0x0, 0x9f, 0xfb,
    0x0, 0x0, 0x9f, 0xfb, 0x0, 0x0, 0x9f, 0xfb,
    0x0, 0x0, 0x9f, 0xfb, 0x0, 0x0, 0x9f, 0xfb,
    0x0, 0x0, 0x9f, 0xfb, 0x0, 0x0, 0x9f, 0xfb,

    /* U+0032 "2" */
    0x0, 0x0, 0x5a, 0xdf, 0xfe, 0xa5, 0x0, 0x0,
    0x0, 0x6e, 0xff, 0xff, 0xff, 0xff, 0xc1, 0x0,
    0x1c, 0xff, 0xff, 0xdc, 0xdf, 0xff, 0xfb, 0x0,
    0xd, 0xff, 0x92, 0x0, 0x1, 0xcf, 0xff, 0x30,
    0x5, 0xd2, 0x0, 0x0, 0x0, 0x2f, 0xff, 0x60,
    0x0, 0x0, 0x0, 0x0, 0x0, 0xf, 0xff, 0x60,
    0x0, 0x0, 0x0, 0x0, 0x0, 0x3f, 0xff, 0x30,
    0x0, 0x0, 0x0, 0x0, 0x0, 0xbf, 0xfc, 0x0,
    0x0, 0x0, 0x0, 0x0, 0x5, 0xff, 0xf3, 0x0,
    0x0, 0x0, 0x0, 0x0, 0x3f, 0xff, 0x70, 0x0,
    0x0, 0x0, 0x0, 0x3, 0xff, 0xfa, 0x0, 0x0,
    0x0, 0x0, 0x0, 0x2e, 0xff, 0xb0, 0x0, 0x0,
    0x0, 0x0, 0x2, 0xef, 0xfc, 0x0, 0x0, 0x0,
    0x0, 0x0, 0x1d, 0xff, 0xc0, 0x0, 0x0, 0x0,
    0x0, 0x1, 0xdf, 0xfd, 0x10, 0x0, 0x0, 0x0,
    0x0, 0x1d, 0xff, 0xd1, 0x0, 0x0, 0x0, 0x0,
    0x0, 0xcf, 0xfe, 0x10, 0x0, 0x0, 0x0, 0x0,
    0xb, 0xff, 0xfe, 0xcc, 0xcc, 0xcc, 0xcc, 0xc5,
    0xf, 0xff, 0xff, 0xff, 0xff, 0xff, 0xff, 0xf6,
    0xf, 0xff, 0xff, 0xff, 0xff, 0xff, 0xff, 0xf6,

    /* U+0033 "3" */
    0xb, 0xff, 0xff, 0xff, 0xff, 0xff, 0xff, 0x20,
    0xb, 0xff, 0xff, 0xff, 0xff, 0xff, 0xff, 0x20,
    0x9, 0xdd, 0xdd, 0xdd, 0xdd, 0xff, 0xf9, 0x0,
    0x0, 0x0, 0x0, 0x0, 0xb, 0xff, 0x90, 0x0,
    0x0, 0x0, 0x0, 0x0, 0xbf, 0xf9, 0x0, 0x0,
    0x0, 0x0, 0x0, 0xb, 0xff, 0x90, 0x0, 0x0,
    0x0, 0x0, 0x0, 0xbf, 0xf9, 0x0, 0x0, 0x0,
    0x0, 0x0, 0xc, 0xff, 0x90, 0x0, 0x0, 0x0,
    0x0, 0x0, 0xaf, 0xff, 0xa9, 0x62, 0x0, 0x0,
    0x0, 0x0, 0xbf, 0xff, 0xff, 0xff, 0xa1, 0x0,
    0x0, 0x0, 0x46, 0x67, 0x8c, 0xff, 0xfe, 0x10,
    0x0, 0x0, 0x0, 0x0, 0x0, 0x3e, 0xff, 0xa0,
    0x0, 0x0, 0x0, 0x0, 0x0, 0x5, 0xff, 0xf0,
    0x0, 0x0, 0x0, 0x0, 0x0, 0x1, 0xff, 0xf1,
    0x0, 0x0, 0x0, 0x0, 0x0, 0x2, 0xff, 0xf1,
    0x4, 0x10, 0x0, 0x0, 0x0, 0x9, 0xff, 0xd0,
    0xe, 0xf8, 0x10, 0x0, 0x0, 0x8f, 0xff, 0x70,
    0x7f, 0xff, 0xfd, 0xaa, 0xbf, 0xff, 0xfc, 0x0,
    0x19, 0xff, 0xff, 0xff, 0xff, 0xff, 0xa0, 0x0,
    0x0, 0x16, 0xad, 0xff, 0xfd, 0x93, 0x0, 0x0,

    /* U+0034 "4" */
    0x0, 0x0, 0x0, 0x4f, 0xfd, 0x0, 0x0, 0x0,
    0x0, 0x0, 0x0, 0xdf, 0xf5, 0x0, 0x0, 0x0,
    0x0, 0x0, 0x5, 0xff, 0xd0, 0x0, 0x0, 0x0,
    0x0, 0x0, 0xd, 0xff, 0x50, 0x0, 0x0, 0x0,
    0x0, 0x0, 0x6f, 0xfc, 0x0, 0x0, 0x0, 0x0,
    0x0, 0x0, 0xef, 0xf4, 0x0, 0x0, 0x0, 0x0,
    0x0, 0x7, 0xff, 0xc0, 0x0, 0x0, 0x0, 0x0,
    0x0, 0xe, 0xff, 0x30, 0x1, 0xaa, 0x90, 0x0,
    0x0, 0x8f, 0xfb, 0x0, 0x2, 0xff, 0xf0, 0x0,
    0x1, 0xff, 0xf3, 0x0, 0x2, 0xff, 0xf0, 0x0,
    0x8, 0xff, 0xa0, 0x0, 0x2, 0xff, 0xf0, 0x0,
    0x1f, 0xff, 0x20, 0x0, 0x2, 0xff, 0xf0, 0x0,
    0x9f, 0xff, 0xdd, 0xdd, 0xdd, 0xff, 0xfd, 0xdb,
    0xbf, 0xff, 0xff, 0xff, 0xff, 0xff, 0xff, 0xfd,
    0xbf, 0xff, 0xff, 0xff, 0xff, 0xff, 0xff, 0xfd,
    0x0, 0x0, 0x0, 0x0, 0x2, 0xff, 0xf0, 0x0,
    0x0, 0x0, 0x0, 0x0, 0x2, 0xff, 0xf0, 0x0,
    0x0, 0x0, 0x0, 0x0, 0x2, 0xff, 0xf0, 0x0,
    0x0, 0x0, 0x0, 0x0, 0x2, 0xff, 0xf0, 0x0,
    0x0, 0x0, 0x0, 0x0, 0x2, 0xff, 0xf0, 0x0,

    /* U+0035 "5" */
    0x2, 0xff, 0xff, 0xff, 0xff, 0xff, 0xff, 0x40,
    0x2, 0xff, 0xff, 0xff, 0xff, 0xff, 0xff, 0x40,
    0x2, 0xff, 0xfd, 0xdd, 0xdd, 0xdd, 0xdd, 0x30,
    0x2, 0xff, 0xf0, 0x0, 0x0, 0x0, 0x0, 0x0,
    0x2, 0xff, 0xf0, 0x0, 0x0, 0x0, 0x0, 0x0,
    0x2, 0xff, 0xf0, 0x0, 0x0, 0x0, 0x0, 0x0,
    0x2, 0xff, 0xf0, 0x0, 0x0, 0x0, 0x0, 0x0,
    0x2, 0xff, 0xfd, 0xdd, 0xca, 0x71, 0x0, 0x0,
    0x2, 0xff, 0xff, 0xff, 0xff, 0xff, 0x80, 0x0,
    0x2, 0xff, 0xff, 0xff, 0xff, 0xff, 0xfb, 0x0,
    0x0, 0x20, 0x0, 0x0, 0x26, 0xef, 0xff, 0x60,
    0x0, 0x0, 0x0, 0x0, 0x0, 0x1e, 0xff, 0xd0,
    0x0, 0x0, 0x0, 0x0, 0x0, 0x8, 0xff, 0xf1,
    0x0, 0x0, 0x0, 0x0, 0x0, 0x6, 0xff, 0xf1,
    0x0, 0x0, 0x0, 0x0, 0x0, 0x8, 0xff, 0xf0,
    0x7, 0x40, 0x0, 0x0, 0x0, 0x1e, 0xff, 0xc0,
    0x1f, 0xfa, 0x40, 0x0, 0x3, 0xcf, 0xff, 0x50,
    0x7f, 0xff, 0xff, 0xcc, 0xef, 0xff, 0xfa, 0x0,
    0x7, 0xef, 0xff, 0xff, 0xff, 0xff, 0x90, 0x0,
    0x0, 0x4, 0x9c, 0xef, 0xfd, 0x92, 0x0, 0x0,

    /* U+0036 "6" */
    0x0, 0x0, 0x4, 0xae, 0xff, 0xeb, 0x72, 0x0,
    0x0, 0x1, 0xaf, 0xff, 0xff, 0xff, 0xff, 0x80,
    0x0, 0xc, 0xff, 0xfd, 0xa9, 0xbe, 0xff, 0x40,
    0x0, 0xaf, 0xfe, 0x40, 0x0, 0x0, 0x49, 0x0,
    0x3, 0xff, 0xf2, 0x0, 0x0, 0x0, 0x0, 0x0,
    0xa, 0xff, 0x80, 0x0, 0x0, 0x0, 0x0, 0x0,
    0xf, 0xff, 0x20, 0x0, 0x0, 0x0, 0x0, 0x0,
    0x3f, 0xfe, 0x1, 0x8d, 0xff, 0xea, 0x30, 0x0,
    0x5f, 0xfc, 0x3e, 0xff, 0xff, 0xff, 0xf7, 0x0,
    0x6f, 0xfd, 0xef, 0xe9, 0x79, 0xef, 0xff, 0x50,
    0x7f, 0xff, 0xf9, 0x0, 0x0, 0xb, 0xff, 0xe0,
    0x6f, 0xff, 0xc0, 0x0, 0x0, 0x0, 0xff, 0xf3,
    0x5f, 0xff, 0x60, 0x0, 0x0, 0x0, 0xbf, 0xf6,
    0x2f, 0xff, 0x50, 0x0, 0x0, 0x0, 0xaf, 0xf6,
    0xe, 0xff, 0x70, 0x0, 0x0, 0x0, 0xcf, 0xf5,
    0x8, 0xff, 0xd0, 0x0, 0x0, 0x3, 0xff, 0xf2,
    0x1, 0xef, 0xfb, 0x10, 0x0, 0x3e, 0xff, 0xc0,
    0x0, 0x4f, 0xff, 0xfc, 0xbd, 0xff, 0xff, 0x30,
    0x0, 0x4, 0xef, 0xff, 0xff, 0xff, 0xe4, 0x0,
    0x0, 0x0, 0x17, 0xcf, 0xff, 0xc7, 0x10, 0x0,

    /* U+0037 "7" */
    0xcf, 0xff, 0xff, 0xff, 0xff, 0xff, 0xff, 0xf2,
    0xcf, 0xff, 0xff, 0xff, 0xff, 0xff, 0xff, 0xf2,
    0xcf, 0xfd, 0xdd, 0xdd, 0xdd, 0xde, 0xff, 0xf1,
    0xcf, 0xf3, 0x0, 0x0, 0x0, 0xd, 0xff, 0x90,
    0xcf, 0xf2, 0x0, 0x0, 0x0, 0x5f, 0xff, 0x20,
    0x8a, 0xa1, 0x0, 0x0, 0x0, 0xcf, 0xfa, 0x0,
    0x0, 0x0, 0x0, 0x0, 0x4, 0xff, 0xf3, 0x0,
    0x0, 0x0, 0x0, 0x0, 0xb, 0xff, 0xc0, 0x0,
    0x0, 0x0, 0x0, 0x0, 0x3f, 0xff, 0x40, 0x0,
    0x0, 0x0, 0x0, 0x0, 0xaf, 0xfd, 0x0, 0x0,
    0x0, 0x0, 0x0, 0x2, 0xff, 0xf5, 0x0, 0x0,
    0x0, 0x0, 0x0, 0x9, 0xff, 0xd0, 0x0, 0x0,
    0x0, 0x0, 0x0, 0x1f, 0xff, 0x60, 0x0, 0x0,
    0x0, 0x0, 0x0, 0x8f, 0xfe, 0x0, 0x0, 0x0,
    0x0, 0x0, 0x1, 0xff, 0xf7, 0x0, 0x0, 0x0,
    0x0, 0x0, 0x7, 0xff, 0xf0, 0x0, 0x0, 0x0,
    0x0, 0x0, 0xe, 0xff, 0x80, 0x0, 0x0, 0x0,
    0x0, 0x0, 0x6f, 0xff, 0x10, 0x0, 0x0, 0x0,
    0x0, 0x0, 0xef, 0xf9, 0x0, 0x0, 0x0, 0x0,
    0x0, 0x6, 0xff, 0xf2, 0x0, 0x0, 0x0, 0x0,

    /* U+0038 "8" */
    0x0, 0x0, 0x6b, 0xef, 0xfd, 0xa4, 0x0, 0x0,
    0x0, 0x1d, 0xff, 0xff, 0xff, 0xff, 0xb0, 0x0,
    0x0, 0xdf, 0xfd, 0x74, 0x58, 0xef, 0xfa, 0x0,
    0x5, 0xff, 0xd0, 0x0, 0x0, 0x1e, 0xff, 0x20,
    0x8, 0xff, 0x50, 0x0, 0x0, 0x8, 0xff, 0x50,
    0x9, 0xff, 0x30, 0x0, 0x0, 0x6, 0xff, 0x60,
    0x6, 0xff, 0x60, 0x0, 0x0, 0x8, 0xff, 0x40,
    0x0, 0xef, 0xe2, 0x0, 0x0, 0x3f, 0xfd, 0x0,
    0x0, 0x3f, 0xff, 0xa7, 0x7a, 0xff, 0xe3, 0x0,
    0x0, 0x2, 0xef, 0xff, 0xff, 0xfe, 0x20, 0x0,
    0x0, 0x5e, 0xff, 0xff, 0xff, 0xff, 0xe5, 0x0,
    0x7, 0xff, 0xe6, 0x20, 0x2, 0x8f, 0xff, 0x50,
    0x1f, 0xff, 0x20, 0x0, 0x0, 0x4, 0xff, 0xf0,
    0x6f, 0xfa, 0x0, 0x0, 0x0, 0x0, 0xcf, 0xf4,
    0x8f, 0xf9, 0x0, 0x0, 0x0, 0x0, 0xbf, 0xf6,
    0x7f, 0xfd, 0x0, 0x0, 0x0, 0x0, 0xef, 0xf4,
    0x2f, 0xff, 0x80, 0x0, 0x0, 0xa, 0xff, 0xf0,
    0x9, 0xff, 0xfe, 0x97, 0x8a, 0xef, 0xff, 0x60,
    0x0, 0x8f, 0xff, 0xff, 0xff, 0xff, 0xf6, 0x0,
    0x0, 0x2, 0x8c, 0xef, 0xfe, 0xb7, 0x10, 0x0,

    /* U+0039 "9" */
    0x0, 0x2, 0x8d, 0xff, 0xeb, 0x50, 0x0, 0x0,
    0x0, 0x6f, 0xff, 0xff, 0xff, 0xfc, 0x20, 0x0,
    0x5, 0xff, 0xff, 0xcb, 0xdf, 0xff, 0xe1, 0x0,
    0xe, 0xff, 0xc2, 0x0, 0x3, 0xdf, 0xfb, 0x0,
    0x5f, 0xfe, 0x10, 0x0, 0x0, 0x2f, 0xff, 0x30,
    0x8f, 0xf9, 0x0, 0x0, 0x0, 0xb, 0xff, 0x90,
    0x9f, 0xf7, 0x0, 0x0, 0x0, 0x9, 0xff, 0xd0,
    0x9f, 0xf8, 0x0, 0x0, 0x0, 0xa, 0xff, 0xf0,
    0x6f, 0xfd, 0x0, 0x0, 0x0, 0x1f, 0xff, 0xf2,
    0x1f, 0xff, 0x80, 0x0, 0x1, 0xcf, 0xff, 0xf2,
    0x8, 0xff, 0xfd, 0x87, 0x9f, 0xfb, 0xff, 0xf2,
    0x0, 0xaf, 0xff, 0xff, 0xff, 0xc2, 0xff, 0xf1,
    0x0, 0x4, 0xbe, 0xff, 0xc6, 0x3, 0xff, 0xe0,
    0x0, 0x0, 0x0, 0x0, 0x0, 0x7, 0xff, 0xb0,
    0x0, 0x0, 0x0, 0x0, 0x0, 0xc, 0xff, 0x50,
    0x0, 0x0, 0x0, 0x0, 0x0, 0x6f, 0xfe, 0x0,
    0x0, 0x93, 0x0, 0x0, 0x7, 0xff, 0xf5, 0x0,
    0x8, 0xff, 0xea, 0x9b, 0xef, 0xff, 0x90, 0x0,
    0xc, 0xff, 0xff, 0xff, 0xff, 0xf7, 0x0, 0x0,
    0x0, 0x38, 0xce, 0xff, 0xd8, 0x20, 0x0, 0x0,

    /* U+003A ":" */
    0x3e, 0xe4, 0xaf, 0xfc, 0x8f, 0xfa, 0x6, 0x70,
    0x0, 0x0, 0x0, 0x0, 0x0, 0x0, 0x0, 0x0,
    0x7, 0x71, 0x8f, 0xfa, 0xaf, 0xfc, 0x3e, 0xe4,

    /* U+003B ";" */
    0x3e, 0xe4, 0xaf, 0xfc, 0x8f, 0xfa, 0x6, 0x70,
    0x0, 0x0, 0x0, 0x0, 0x0, 0x0, 0x0, 0x0,
    0x5, 0x50, 0x7f, 0xf8, 0xaf, 0xfb, 0x3f, 0xf6,
    0x1f, 0xe0, 0x7f, 0x60, 0xce, 0x0,

    /* U+003C "<" */
    0x0, 0x0, 0x0, 0x0, 0x0, 0x1, 0x70, 0x0,
    0x0, 0x0, 0x0, 0x29, 0xff, 0x0, 0x0, 0x0,
    0x4, 0xbf, 0xff, 0xd0, 0x0, 0x0, 0x7d, 0xff,
    0xfb, 0x40, 0x0, 0x29, 0xff, 0xff, 0x92, 0x0,
    0x0, 0xbf, 0xff, 0xd6, 0x0, 0x0, 0x0, 0xf,
    0xfb, 0x40, 0x0, 0x0, 0x0, 0x0, 0xff, 0xf8,
    0x20, 0x0, 0x0, 0x0, 0x6, 0xdf, 0xff, 0xb4,
    0x0, 0x0, 0x0, 0x0, 0x4b, 0xff, 0xfd, 0x60,
    0x0, 0x0, 0x0, 0x2, 0x9f, 0xff, 0xf9, 0x20,
    0x0, 0x0, 0x0, 0x17, 0xef, 0xff, 0x0, 0x0,
    0x0, 0x0, 0x0, 0x5c, 0xf0, 0x0, 0x0, 0x0,
    0x0, 0x0, 0x3,

    /* U+003D "=" */
    0xf, 0xff, 0xff, 0xff, 0xff, 0xff, 0xf0, 0xff,
    0xff, 0xff, 0xff, 0xff, 0xff, 0x1, 0x11, 0x11,
    0x11, 0x11, 0x11, 0x10, 0x0, 0x0, 0x0, 0x0,
    0x0, 0x0, 0x0, 0x0, 0x0, 0x0, 0x0, 0x0,
    0x0, 0x11, 0x11, 0x11, 0x11, 0x11, 0x11, 0xf,
    0xff, 0xff, 0xff, 0xff, 0xff, 0xf0, 0xff, 0xff,
    0xff, 0xff, 0xff, 0xff,

    /* U+003E ">" */
    0x9, 0x20, 0x0, 0x0, 0x0, 0x0, 0x0, 0xff,
    0xb4, 0x0, 0x0, 0x0, 0x0, 0xc, 0xff, 0xfd,
    0x60, 0x0, 0x0, 0x0, 0x3, 0x9f, 0xff, 0xe8,
    0x10, 0x0, 0x0, 0x0, 0x17, 0xef, 0xff, 0xa3,
    0x0, 0x0, 0x0, 0x0, 0x5c, 0xff, 0xfc, 0x0,
    0x0, 0x0, 0x0, 0x3, 0xbf, 0xf0, 0x0, 0x0,
    0x0, 0x4, 0xbf, 0xff, 0x0, 0x0, 0x0, 0x6d,
    0xff, 0xfb, 0x40, 0x0, 0x29, 0xff, 0xff, 0x92,
    0x0, 0x4, 0xbf, 0xff, 0xe7, 0x10, 0x0, 0x0,
    0xff, 0xfc, 0x50, 0x0, 0x0, 0x0, 0xf, 0xa3,
    0x0, 0x0, 0x0, 0x0, 0x0, 0x10, 0x0, 0x0,
    0x0, 0x0, 0x0,

    /* U+003F "?" */
    0x0, 0x5, 0xbf, 0xfe, 0xb6, 0x0, 0x0, 0xb,
    0xff, 0xff, 0xff, 0xfb, 0x0, 0x8, 0xff, 0xfa,
    0xad, 0xff, 0xf8, 0x0, 0xff, 0xd1, 0x0, 0x8,
    0xff, 0xe0, 0x4f, 0xf5, 0x0, 0x0, 0x1f, 0xff,
    0x3, 0x99, 0x10, 0x0, 0x0, 0xff, 0xf0, 0x0,
    0x0, 0x0, 0x0, 0x3f, 0xfc, 0x0, 0x0, 0x0,
    0x0, 0xd, 0xff, 0x30, 0x0, 0x0, 0x0, 0xc,
    0xff, 0x60, 0x0, 0x0, 0x0, 0xc, 0xff, 0x50,
    0x0, 0x0, 0x0, 0x9, 0xff, 0x40, 0x0, 0x0,
    0x0, 0x1, 0xff, 0x80, 0x0, 0x0, 0x0, 0x0,
    0x4f, 0xf3, 0x0, 0x0, 0x0, 0x0, 0x2, 0x55,
    0x0, 0x0, 0x0, 0x0, 0x0, 0x0, 0x0, 0x0,
    0x0, 0x0, 0x0, 0x0, 0x0, 0x0, 0x0, 0x0,
    0x0, 0x0, 0x18, 0x60, 0x0, 0x0, 0x0, 0x0,
    0xb, 0xff, 0x70, 0x0, 0x0, 0x0, 0x0, 0xdf,
    0xf9, 0x0, 0x0, 0x0, 0x0, 0x5, 0xfd, 0x20,
    0x0, 0x0,

    /* U+0040 "@" */
    0x0, 0x0, 0x0, 0x0, 0x5, 0x9d, 0xef, 0xfe,
    0xb8, 0x30, 0x0, 0x0, 0x0, 0x0, 0x0, 0x0,
    0x0, 0x8e, 0xff, 0xff, 0xff, 0xff, 0xff, 0xc4,
    0x0, 0x0, 0x0, 0x0, 0x0, 0x3, 0xef, 0xff,
    0xb7, 0x43, 0x35, 0x8c, 0xff, 0xfa, 0x0, 0x0,
    0x0, 0x0, 0x5, 0xff, 0xf9, 0x10, 0x0, 0x0,
    0x0, 0x3, 0xbf, 0xfc, 0x0, 0x0, 0x0, 0x4,
    0xff, 0xe3, 0x0, 0x0, 0x0, 0x0, 0x0, 0x0,
    0x7f, 0xfb, 0x0, 0x0, 0x1, 0xef, 0xe2, 0x0,
    0x6, 0xab, 0xa6, 0x0, 0x77, 0x70, 0x6f, 0xf7,
    0x0, 0x0, 0x9f, 0xf3, 0x0, 0x3e, 0xff, 0xff,
    0xfe, 0x4f, 0xff, 0x0, 0xaf, 0xf1, 0x0, 0x1f,
    0xf8, 0x0, 0x2f, 0xff, 0xff, 0xff, 0xff, 0xff,
    0xf0, 0x2, 0xff, 0x70, 0x7, 0xff, 0x10, 0xc,
    0xff, 0xf7, 0x10, 0x4d, 0xff, 0xff, 0x0, 0xb,
    0xfd, 0x0, 0xbf, 0xb0, 0x3, 0xff, 0xf5, 0x0,
    0x0, 0x1e, 0xff, 0xf0, 0x0, 0x6f, 0xf1, 0xe,
    0xf8, 0x0, 0x7f, 0xfd, 0x0, 0x0, 0x0, 0x7f,
    0xff, 0x0, 0x3, 0xff, 0x30, 0xff, 0x60, 0x9,
    0xff, 0xa0, 0x0, 0x0, 0x4, 0xff, 0xf0, 0x0,
    0x1f, 0xf4, 0xf, 0xf6, 0x0, 0x9f, 0xfb, 0x0,
    0x0, 0x0, 0x4f, 0xff, 0x0, 0x1, 0xff, 0x40,
    0xff, 0x70, 0x7, 0xff, 0xe0, 0x0, 0x0, 0x7,
    0xff, 0xf0, 0x0, 0x3f, 0xf3, 0xd, 0xfa, 0x0,
    0x2f, 0xff, 0x70, 0x0, 0x1, 0xef, 0xff, 0x0,
    0x7, 0xff, 0x0, 0x9f, 0xe0, 0x0, 0xbf, 0xff,
    0x71, 0x3, 0xdf, 0xff, 0xf0, 0x0, 0xdf, 0xb0,
    0x4, 0xff, 0x60, 0x1, 0xef, 0xff, 0xff, 0xff,
    0xfb, 0xff, 0x50, 0x9f, 0xf3, 0x0, 0xc, 0xfe,
    0x10, 0x1, 0xcf, 0xff, 0xff, 0xf7, 0x1e, 0xff,
    0xff, 0xf6, 0x0, 0x0, 0x3f, 0xfc, 0x0, 0x0,
    0x49, 0xba, 0x72, 0x0, 0x3c, 0xff, 0xb4, 0x0,
    0x0, 0x0, 0x8f, 0xfc, 0x10, 0x0, 0x0, 0x0,
    0x0, 0x0, 0x0, 0x0, 0x0, 0x0, 0x0, 0x0,
    0x9f, 0xfe, 0x60, 0x0, 0x0, 0x0, 0x3, 0xb2,
    0x0, 0x0, 0x0, 0x0, 0x0, 0x0, 0x7f, 0xff,
    0xfa, 0x75, 0x46, 0x8d, 0xff, 0xa0, 0x0, 0x0,
    0x0, 0x0, 0x0, 0x0, 0x2a, 0xff, 0xff, 0xff,
    0xff, 0xff, 0xe6, 0x0, 0x0, 0x0, 0x0, 0x0,
    0x0, 0x0, 0x1, 0x7b, 0xdf, 0xfe, 0xc9, 0x40,
    0x0, 0x0, 0x0, 0x0,

    /* U+0041 "A" */
    0x0, 0x0, 0x0, 0x0, 0x8f, 0xff, 0x40, 0x0,
    0x0, 0x0, 0x0, 0x0, 0x0, 0x0, 0xe, 0xff,
    0xfb, 0x0, 0x0, 0x0, 0x0, 0x0, 0x0, 0x0,
    0x6, 0xff, 0xff, 0xf2, 0x0, 0x0, 0x0, 0x0,
    0x0, 0x0, 0x0, 0xdf, 0xfe, 0xff, 0x80, 0x0,
    0x0, 0x0, 0x0, 0x0, 0x0, 0x4f, 0xfd, 0x5f,
    0xff, 0x0, 0x0, 0x0, 0x0, 0x0, 0x0, 0xb,
    0xff, 0x70, 0xef, 0xf6, 0x0, 0x0, 0x0, 0x0,
    0x0, 0x2, 0xff, 0xf1, 0x7, 0xff, 0xd0, 0x0,
    0x0, 0x0, 0x0, 0x0, 0x8f, 0xfa, 0x0, 0x1f,
    0xff, 0x40, 0x0, 0x0, 0x0, 0x0, 0xf, 0xff,
    0x30, 0x0, 0xaf, 0xfb, 0x0, 0x0, 0x0, 0x0,
    0x6, 0xff, 0xc0, 0x0, 0x3, 0xff, 0xf2, 0x0,
    0x0, 0x0, 0x0, 0xdf, 0xf6, 0x0, 0x0, 0xd,
    0xff, 0x90, 0x0, 0x0, 0x0, 0x4f, 0xff, 0x0,
    0x0, 0x0, 0x6f, 0xff, 0x0, 0x0, 0x0, 0xb,
    0xff, 0x90, 0x0, 0x0, 0x0, 0xff, 0xf6, 0x0,
    0x0, 0x2, 0xff, 0xff, 0xff, 0xff, 0xff, 0xff,
    0xff, 0xd0, 0x0, 0x0, 0x9f, 0xff, 0xff, 0xff,
    0xff, 0xff, 0xff, 0xff, 0x40, 0x0, 0x1f, 0xff,
    0xdc, 0xcc, 0xcc, 0xcc, 0xcc, 0xef, 0xfb, 0x0,
    0x7, 0xff, 0xe0, 0x0, 0x0, 0x0, 0x0, 0x5,
    0xff, 0xf2, 0x0, 0xdf, 0xf8, 0x0, 0x0, 0x0,
    0x0, 0x0, 0xe, 0xff, 0x90, 0x5f, 0xff, 0x10,
    0x0, 0x0, 0x0, 0x0, 0x0, 0x8f, 0xff, 0xc,
    0xff, 0xa0, 0x0, 0x0, 0x0, 0x0, 0x0, 0x1,
    0xff, 0xf6,

    /* U+0042 "B" */
    0x6f, 0xff, 0xff, 0xff, 0xff, 0xeb, 0x60, 0x0,
    0x6, 0xff, 0xff, 0xff, 0xff, 0xff, 0xff, 0xe3,
    0x0, 0x6f, 0xff, 0xdd, 0xdd, 0xdd, 0xff, 0xff,
    0xe1, 0x6, 0xff, 0xe0, 0x0, 0x0, 0x1, 0xaf,
    0xff, 0x70, 0x6f, 0xfe, 0x0, 0x0, 0x0, 0x0,
    0xef, 0xfa, 0x6, 0xff, 0xe0, 0x0, 0x0, 0x0,
    0xb, 0xff, 0xa0, 0x6f, 0xfe, 0x0, 0x0, 0x0,
    0x0, 0xef, 0xf6, 0x6, 0xff, 0xe0, 0x0, 0x0,
    0x1, 0xaf, 0xfd, 0x0, 0x6f, 0xff, 0xdd, 0xdd,
    0xde, 0xff, 0xfc, 0x20, 0x6, 0xff, 0xff, 0xff,
    0xff, 0xff, 0xfd, 0x40, 0x0, 0x6f, 0xff, 0xff,
    0xff, 0xff, 0xff, 0xff, 0xb0, 0x6, 0xff, 0xe0,
    0x0, 0x0, 0x3, 0x8f, 0xff, 0xa0, 0x6f, 0xfe,
    0x0, 0x0, 0x0, 0x0, 0x6f, 0xff, 0x16, 0xff,
    0xe0, 0x0, 0x0, 0x0, 0x0, 0xff, 0xf5, 0x6f,
    0xfe, 0x0, 0x0, 0x0, 0x0, 0xf, 0xff, 0x66,
    0xff, 0xe0, 0x0, 0x0, 0x0, 0x5, 0xff, 0xf5,
    0x6f, 0xfe, 0x0, 0x0, 0x0, 0x5, 0xef, 0xff,
    0x16, 0xff, 0xfc, 0xcc, 0xcc, 0xdf, 0xff, 0xff,
    0x70, 0x6f, 0xff, 0xff, 0xff, 0xff, 0xff, 0xff,
    0x70, 0x6, 0xff, 0xff, 0xff, 0xff, 0xfe, 0xc8,
    0x20, 0x0,

    /* U+0043 "C" */
    0x0, 0x0, 0x0, 0x5, 0xad, 0xff, 0xec, 0x72,
    0x0, 0x0, 0x0, 0x0, 0x5e, 0xff, 0xff, 0xff,
    0xff, 0xfa, 0x10, 0x0, 0x0, 0x9f, 0xff, 0xff,
    0xdc, 0xef, 0xff, 0xfe, 0x30, 0x0, 0xaf, 0xff,
    0xd5, 0x0, 0x0, 0x29, 0xff, 0xf4, 0x0, 0x6f,
    0xff, 0xb0, 0x0, 0x0, 0x0, 0x3, 0xe7, 0x0,
    0xe, 0xff, 0xc0, 0x0, 0x0, 0x0, 0x0, 0x1,
    0x0, 0x6, 0xff, 0xf2, 0x0, 0x0, 0x0, 0x0,
    0x0, 0x0, 0x0, 0xbf, 0xfb, 0x0, 0x0, 0x0,
    0x0, 0x0, 0x0, 0x0, 0xe, 0xff, 0x70, 0x0,
    0x0, 0x0, 0x0, 0x0, 0x0, 0x0, 0xff, 0xf5,
    0x0, 0x0, 0x0, 0x0, 0x0, 0x0, 0x0, 0xf,
    0xff, 0x50, 0x0, 0x0, 0x0, 0x0, 0x0, 0x0,
    0x0, 0xef, 0xf7, 0x0, 0x0, 0x0, 0x0, 0x0,
    0x0, 0x0, 0xb, 0xff, 0xc0, 0x0, 0x0, 0x0,
    0x0, 0x0, 0x0, 0x0, 0x6f, 0xff, 0x30, 0x0,
    0x0, 0x0, 0x0, 0x0, 0x0, 0x0, 0xef, 0xfd,
    0x10, 0x0, 0x0, 0x0, 0x0, 0x10, 0x0, 0x6,
    0xff, 0xfd, 0x20, 0x0, 0x0, 0x0, 0x3e, 0x70,
    0x0, 0xa, 0xff, 0xff, 0x82, 0x0, 0x4, 0xaf,
    0xff, 0x60, 0x0, 0x9, 0xff, 0xff, 0xff, 0xef,
    0xff, 0xff, 0xc1, 0x0, 0x0, 0x5, 0xef, 0xff,
    0xff, 0xff, 0xff, 0x70, 0x0, 0x0, 0x0, 0x0,
    0x5a, 0xdf, 0xfe, 0xb6, 0x10, 0x0,

    /* U+0044 "D" */
    0x6f, 0xff, 0xff, 0xff, 0xff, 0xda, 0x40, 0x0,
    0x0, 0x6, 0xff, 0xff, 0xff, 0xff, 0xff, 0xff,
    0xd4, 0x0, 0x0, 0x6f, 0xff, 0xdd, 0xdd, 0xde,
    0xff, 0xff, 0xf7, 0x0, 0x6, 0xff, 0xe0, 0x0,
    0x0, 0x1, 0x7f, 0xff, 0xf7, 0x0, 0x6f, 0xfe,
    0x0, 0x0, 0x0, 0x0, 0x1d, 0xff, 0xf3, 0x6,
    0xff, 0xe0, 0x0, 0x0, 0x0, 0x0, 0x1e, 0xff,
    0xc0, 0x6f, 0xfe, 0x0, 0x0, 0x0, 0x0, 0x0,
    0x6f, 0xff, 0x26, 0xff, 0xe0, 0x0, 0x0, 0x0,
    0x0, 0x0, 0xff, 0xf7, 0x6f, 0xfe, 0x0, 0x0,
    0x0, 0x0, 0x0, 0xb, 0xff, 0xa6, 0xff, 0xe0,
    0x0, 0x0, 0x0, 0x0, 0x0, 0x9f, 0xfb, 0x6f,
    0xfe, 0x0, 0x0, 0x0, 0x0, 0x0, 0x9, 0xff,
    0xb6, 0xff, 0xe0, 0x0, 0x0, 0x0, 0x0, 0x0,
    0xbf, 0xfa, 0x6f, 0xfe, 0x0, 0x0, 0x0, 0x0,
    0x0, 0xf, 0xff, 0x76, 0xff, 0xe0, 0x0, 0x0,
    0x0, 0x0, 0x6, 0xff, 0xf2, 0x6f, 0xfe, 0x0,
    0x0, 0x0, 0x0, 0x1, 0xef, 0xfb, 0x6, 0xff,
    0xe0, 0x0, 0x0, 0x0, 0x1, 0xcf, 0xff, 0x30,
    0x6f, 0xfe, 0x0, 0x0, 0x0, 0x17, 0xef, 0xff,
    0x70, 0x6, 0xff, 0xfd, 0xdd, 0xdd, 0xef, 0xff,
    0xff, 0x70, 0x0, 0x6f, 0xff, 0xff, 0xff, 0xff,
    0xff, 0xfd, 0x40, 0x0, 0x6, 0xff, 0xff, 0xff,
    0xff, 0xfd, 0x94, 0x0, 0x0, 0x0,

    /* U+0045 "E" */
    0x6f, 0xff, 0xff, 0xff, 0xff, 0xff, 0xff, 0x96,
    0xff, 0xff, 0xff, 0xff, 0xff, 0xff, 0xf9, 0x6f,
    0xff, 0xdd, 0xdd, 0xdd, 0xdd, 0xdd, 0x76, 0xff,
    0xe0, 0x0, 0x0, 0x0, 0x0, 0x0, 0x6f, 0xfe,
    0x0, 0x0, 0x0, 0x0, 0x0, 0x6, 0xff, 0xe0,
    0x0, 0x0, 0x0, 0x0, 0x0, 0x6f, 0xfe, 0x0,
    0x0, 0x0, 0x0, 0x0, 0x6, 0xff, 0xe0, 0x0,
    0x0, 0x0, 0x0, 0x0, 0x6f, 0xfe, 0x0, 0x0,
    0x0, 0x0, 0x0, 0x6, 0xff, 0xff, 0xff, 0xff,
    0xff, 0xff, 0x70, 0x6f, 0xff, 0xff, 0xff, 0xff,
    0xff, 0xf7, 0x6, 0xff, 0xfc, 0xcc, 0xcc, 0xcc,
    0xcc, 0x50, 0x6f, 0xfe, 0x0, 0x0, 0x0, 0x0,
    0x0, 0x6, 0xff, 0xe0, 0x0, 0x0, 0x0, 0x0,
    0x0, 0x6f, 0xfe, 0x0, 0x0, 0x0, 0x0, 0x0,
    0x6, 0xff, 0xe0, 0x0, 0x0, 0x0, 0x0, 0x0,
    0x6f, 0xfe, 0x0, 0x0, 0x0, 0x0, 0x0, 0x6,
    0xff, 0xfd, 0xdd, 0xdd, 0xdd, 0xdd, 0xdc, 0x6f,
    0xff, 0xff, 0xff, 0xff, 0xff, 0xff, 0xe6, 0xff,
    0xff, 0xff, 0xff, 0xff, 0xff, 0xfe,

    /* U+0046 "F" */
    0x6f, 0xff, 0xff, 0xff, 0xff, 0xff, 0xfb, 0x6f,
    0xff, 0xff, 0xff, 0xff, 0xff, 0xfb, 0x6f, 0xff,
    0xdd, 0xdd, 0xdd, 0xdd, 0xd9, 0x6f, 0xfe, 0x0,
    0x0, 0x0, 0x0, 0x0, 0x6f, 0xfe, 0x0, 0x0,
    0x0, 0x0, 0x0, 0x6f, 0xfe, 0x0, 0x0, 0x0,
    0x0, 0x0, 0x6f, 0xfe, 0x0, 0x0, 0x0, 0x0,
    0x0, 0x6f, 0xfe, 0x0, 0x0, 0x0, 0x0, 0x0,
    0x6f, 0xfe, 0x0, 0x0, 0x0, 0x0, 0x0, 0x6f,
    0xff, 0xff, 0xff, 0xff, 0xff, 0xc0, 0x6f, 0xff,
    0xff, 0xff, 0xff, 0xff, 0xc0, 0x6f, 0xff, 0xcc,
    0xcc, 0xcc, 0xcc, 0x90, 0x6f, 0xfe, 0x0, 0x0,
    0x0, 0x0, 0x0, 0x6f, 0xfe, 0x0, 0x0, 0x0,
    0x0, 0x0, 0x6f, 0xfe, 0x0, 0x0, 0x0, 0x0,
    0x0, 0x6f, 0xfe, 0x0, 0x0, 0x0, 0x0, 0x0,
    0x6f, 0xfe, 0x0, 0x0, 0x0, 0x0, 0x0, 0x6f,
    0xfe, 0x0, 0x0, 0x0, 0x0, 0x0, 0x6f, 0xfe,
    0x0, 0x0, 0x0, 0x0, 0x0, 0x6f, 0xfe, 0x0,
    0x0, 0x0, 0x0, 0x0,

    /* U+0047 "G" */
    0x0, 0x0, 0x0, 0x4, 0x9d, 0xff, 0xfc, 0x94,
    0x0, 0x0, 0x0, 0x0, 0x4d, 0xff, 0xff, 0xff,
    0xff, 0xfd, 0x50, 0x0, 0x0, 0x9f, 0xff, 0xff,
    0xdc, 0xdf, 0xff, 0xff, 0x90, 0x0, 0x9f, 0xff,
    0xe6, 0x0, 0x0, 0x16, 0xdf, 0xf6, 0x0, 0x6f,
    0xff, 0xb1, 0x0, 0x0, 0x0, 0x0, 0x88, 0x0,
    0xe, 0xff, 0xc0, 0x0, 0x0, 0x0, 0x0, 0x0,
    0x0, 0x6, 0xff, 0xf3, 0x0, 0x0, 0x0, 0x0,
    0x0, 0x0, 0x0, 0xbf, 0xfb, 0x0, 0x0, 0x0,
    0x0, 0x0, 0x0, 0x0, 0xe, 0xff, 0x70, 0x0,
    0x0, 0x0, 0x0, 0x0, 0x0, 0x0, 0xff, 0xf5,
    0x0, 0x0, 0x0, 0x0, 0x0, 0x0, 0x0, 0xf,
    0xff, 0x50, 0x0, 0x0, 0x0, 0x0, 0x0, 0xff,
    0xe0, 0xef, 0xf7, 0x0, 0x0, 0x0, 0x0, 0x0,
    0xf, 0xfe, 0xb, 0xff, 0xc0, 0x0, 0x0, 0x0,
    0x0, 0x0, 0xff, 0xe0, 0x6f, 0xff, 0x30, 0x0,
    0x0, 0x0, 0x0, 0xf, 0xfe, 0x0, 0xef, 0xfd,
    0x0, 0x0, 0x0, 0x0, 0x0, 0xff, 0xe0, 0x6,
    0xff, 0xfc, 0x10, 0x0, 0x0, 0x0, 0xf, 0xfe,
    0x0, 0x9, 0xff, 0xfe, 0x71, 0x0, 0x1, 0x7e,
    0xff, 0xe0, 0x0, 0x9, 0xff, 0xff, 0xfd, 0xce,
    0xff, 0xff, 0xf8, 0x0, 0x0, 0x5, 0xef, 0xff,
    0xff, 0xff, 0xff, 0xb3, 0x0, 0x0, 0x0, 0x0,
    0x5a, 0xdf, 0xfe, 0xc8, 0x20, 0x0,

    /* U+0048 "H" */
    0x6f, 0xfe, 0x0, 0x0, 0x0, 0x0, 0x0, 0xbf,
    0xf9, 0x6f, 0xfe, 0x0, 0x0, 0x0, 0x0, 0x0,
    0xbf, 0xf9, 0x6f, 0xfe, 0x0, 0x0, 0x0, 0x0,
    0x0, 0xbf, 0xf9, 0x6f, 0xfe, 0x0, 0x0, 0x0,
    0x0, 0x0, 0xbf, 0xf9, 0x6f, 0xfe, 0x0, 0x0,
    0x0, 0x0, 0x0, 0xbf, 0xf9, 0x6f, 0xfe, 0x0,
    0x0, 0x0, 0x0, 0x0, 0xbf, 0xf9, 0x6f, 0xfe,
    0x0, 0x0, 0x0, 0x0, 0x0, 0xbf, 0xf9, 0x6f,
    0xfe, 0x0, 0x0, 0x0, 0x0, 0x0, 0xbf, 0xf9,
    0x6f, 0xfe, 0x0, 0x0, 0x0, 0x0, 0x0, 0xbf,
    0xf9, 0x6f, 0xff, 0xff, 0xff, 0xff, 0xff, 0xff,
    0xff, 0xf9, 0x6f, 0xff, 0xff, 0xff, 0xff, 0xff,
    0xff, 0xff, 0xf9, 0x6f, 0xff, 0xcc, 0xcc, 0xcc,
    0xcc, 0xcc, 0xff, 0xf9, 0x6f, 0xfe, 0x0, 0x0,
    0x0, 0x0, 0x0, 0xbf, 0xf9, 0x6f, 0xfe, 0x0,
    0x0, 0x0, 0x0, 0x0, 0xbf, 0xf9, 0x6f, 0xfe,
    0x0, 0x0, 0x0, 0x0, 0x0, 0xbf, 0xf9, 0x6f,
    0xfe, 0x0, 0x0, 0x0, 0x0, 0x0, 0xbf, 0xf9,
    0x6f, 0xfe, 0x0, 0x0, 0x0, 0x0, 0x0, 0xbf,
    0xf9, 0x6f, 0xfe, 0x0, 0x0, 0x0, 0x0, 0x0,
    0xbf, 0xf9, 0x6f, 0xfe, 0x0, 0x0, 0x0, 0x0,
    0x0, 0xbf, 0xf9, 0x6f, 0xfe, 0x0, 0x0, 0x0,
    0x0, 0x0, 0xbf, 0xf9,

    /* U+0049 "I" */
    0x6f, 0xfe, 0x6f, 0xfe, 0x6f, 0xfe, 0x6f, 0xfe,
    0x6f, 0xfe, 0x6f, 0xfe, 0x6f, 0xfe, 0x6f, 0xfe,
    0x6f, 0xfe, 0x6f, 0xfe, 0x6f, 0xfe, 0x6f, 0xfe,
    0x6f, 0xfe, 0x6f, 0xfe, 0x6f, 0xfe, 0x6f, 0xfe,
    0x6f, 0xfe, 0x6f, 0xfe, 0x6f, 0xfe, 0x6f, 0xfe,

    /* U+004A "J" */
    0x0, 0x4f, 0xff, 0xff, 0xff, 0xff, 0xd0, 0x4,
    0xff, 0xff, 0xff, 0xff, 0xfd, 0x0, 0x3d, 0xdd,
    0xdd, 0xde, 0xff, 0xd0, 0x0, 0x0, 0x0, 0x0,
    0x8f, 0xfd, 0x0, 0x0, 0x0, 0x0, 0x8, 0xff,
    0xd0, 0x0, 0x0, 0x0, 0x0, 0x8f, 0xfd, 0x0,
    0x0, 0x0, 0x0, 0x8, 0xff, 0xd0, 0x0, 0x0,
    0x0, 0x0, 0x8f, 0xfd, 0x0, 0x0, 0x0, 0x0,
    0x8, 0xff, 0xd0, 0x0, 0x0, 0x0, 0x0, 0x8f,
    0xfd, 0x0, 0x0, 0x0, 0x0, 0x8, 0xff, 0xd0,
    0x0, 0x0, 0x0, 0x0, 0x8f, 0xfd, 0x0, 0x0,
    0x0, 0x0, 0x8, 0xff, 0xd0, 0x0, 0x0, 0x0,
    0x0, 0x8f, 0xfd, 0x0, 0x0, 0x0, 0x0, 0x9,
    0xff, 0xc0, 0x1e, 0x50, 0x0, 0x0, 0xdf, 0xfa,
    0x9, 0xff, 0xb4, 0x12, 0xbf, 0xff, 0x50, 0xbf,
    0xff, 0xff, 0xff, 0xff, 0xd0, 0x0, 0xaf, 0xff,
    0xff, 0xff, 0xd2, 0x0, 0x0, 0x3a, 0xef, 0xfc,
    0x70, 0x0,

    /* U+004B "K" */
    0x6f, 0xfe, 0x0, 0x0, 0x0, 0x0, 0x3f, 0xff,
    0xa0, 0x6f, 0xfe, 0x0, 0x0, 0x0, 0x2, 0xef,
    0xfc, 0x0, 0x6f, 0xfe, 0x0, 0x0, 0x0, 0x1d,
    0xff, 0xd1, 0x0, 0x6f, 0xfe, 0x0, 0x0, 0x0,
    0xcf, 0xfe, 0x10, 0x0, 0x6f, 0xfe, 0x0, 0x0,
    0xa, 0xff, 0xe2, 0x0, 0x0, 0x6f, 0xfe, 0x0,
    0x0, 0x8f, 0xff, 0x30, 0x0, 0x0, 0x6f, 0xfe,
    0x0, 0x6, 0xff, 0xf5, 0x0, 0x0, 0x0, 0x6f,
    0xfe, 0x0, 0x4f, 0xff, 0x60, 0x0, 0x0, 0x0,
    0x6f, 0xfe, 0x3, 0xff, 0xfb, 0x0, 0x0, 0x0,
    0x0, 0x6f, 0xfe, 0x2e, 0xff, 0xff, 0x20, 0x0,
    0x0, 0x0, 0x6f, 0xfe, 0xdf, 0xff, 0xff, 0xd0,
    0x0, 0x0, 0x0, 0x6f, 0xff, 0xff, 0xc8, 0xff,
    0xf9, 0x0, 0x0, 0x0, 0x6f, 0xff, 0xfd, 0x10,
    0xcf, 0xff, 0x40, 0x0, 0x0, 0x6f, 0xff, 0xe2,
    0x0, 0x1e, 0xff, 0xe1, 0x0, 0x0, 0x6f, 0xff,
    0x30, 0x0, 0x5, 0xff, 0xfb, 0x0, 0x0, 0x6f,
    0xfe, 0x0, 0x0, 0x0, 0x9f, 0xff, 0x60, 0x0,
    0x6f, 0xfe, 0x0, 0x0, 0x0, 0xd, 0xff, 0xf2,
    0x0, 0x6f, 0xfe, 0x0, 0x0, 0x0, 0x2, 0xff,
    0xfd, 0x0, 0x6f, 0xfe, 0x0, 0x0, 0x0, 0x0,
    0x6f, 0xff, 0x80, 0x6f, 0xfe, 0x0, 0x0, 0x0,
    0x0, 0xb, 0xff, 0xf4,

    /* U+004C "L" */
    0x6f, 0xfe, 0x0, 0x0, 0x0, 0x0, 0x6, 0xff,
    0xe0, 0x0, 0x0, 0x0, 0x0, 0x6f, 0xfe, 0x0,
    0x0, 0x0, 0x0, 0x6, 0xff, 0xe0, 0x0, 0x0,
    0x0, 0x0, 0x6f, 0xfe, 0x0, 0x0, 0x0, 0x0,
    0x6, 0xff, 0xe0, 0x0, 0x0, 0x0, 0x0, 0x6f,
    0xfe, 0x0, 0x0, 0x0, 0x0, 0x6, 0xff, 0xe0,
    0x0, 0x0, 0x0, 0x0, 0x6f, 0xfe, 0x0, 0x0,
    0x0, 0x0, 0x6, 0xff, 0xe0, 0x0, 0x0, 0x0,
    0x0, 0x6f, 0xfe, 0x0, 0x0, 0x0, 0x0, 0x6,
    0xff, 0xe0, 0x0, 0x0, 0x0, 0x0, 0x6f, 0xfe,
    0x0, 0x0, 0x0, 0x0, 0x6, 0xff, 0xe0, 0x0,
    0x0, 0x0, 0x0, 0x6f, 0xfe, 0x0, 0x0, 0x0,
    0x0, 0x6, 0xff, 0xe0, 0x0, 0x0, 0x0, 0x0,
    0x6f, 0xfe, 0x0, 0x0, 0x0, 0x0, 0x6, 0xff,
    0xfd, 0xdd, 0xdd, 0xdd, 0xd4, 0x6f, 0xff, 0xff,
    0xff, 0xff, 0xff, 0x56, 0xff, 0xff, 0xff, 0xff,
    0xff, 0xf5,

    /* U+004D "M" */
    0x6f, 0xff, 0xa0, 0x0, 0x0, 0x0, 0x0, 0x0,
    0x5, 0xff, 0xfc, 0x6f, 0xff, 0xf2, 0x0, 0x0,
    0x0, 0x0, 0x0, 0xd, 0xff, 0xfc, 0x6f, 0xff,
    0xfa, 0x0, 0x0, 0x0, 0x0, 0x0, 0x5f, 0xff,
    0xfc, 0x6f, 0xff, 0xff, 0x20, 0x0, 0x0, 0x0,
    0x0, 0xdf, 0xff, 0xfc, 0x6f, 0xff, 0xff, 0xa0,
    0x0, 0x0, 0x0, 0x5, 0xff, 0xff, 0xfc, 0x6f,
    0xfa, 0xef, 0xf2, 0x0, 0x0, 0x0, 0xd, 0xff,
    0x9f, 0xfc, 0x6f, 0xfa, 0x8f, 0xfa, 0x0, 0x0,
    0x0, 0x5f, 0xfc, 0x5f, 0xfc, 0x6f, 0xfa, 0x1f,
    0xff, 0x20, 0x0, 0x0, 0xcf, 0xf5, 0x5f, 0xfc,
    0x6f, 0xfa, 0x8, 0xff, 0xa0, 0x0, 0x4, 0xff,
    0xd0, 0x5f, 0xfc, 0x6f, 0xfa, 0x1, 0xff, 0xf2,
    0x0, 0xc, 0xff, 0x50, 0x5f, 0xfc, 0x6f, 0xfa,
    0x0, 0x8f, 0xfa, 0x0, 0x4f, 0xfd, 0x0, 0x5f,
    0xfc, 0x6f, 0xfa, 0x0, 0x1f, 0xff, 0x20, 0xcf,
    0xf5, 0x0, 0x5f, 0xfc, 0x6f, 0xfa, 0x0, 0x8,
    0xff, 0xa4, 0xff, 0xd0, 0x0, 0x5f, 0xfc, 0x6f,
    0xfa, 0x0, 0x1, 0xff, 0xfd, 0xff, 0x60, 0x0,
    0x5f, 0xfc, 0x6f, 0xfa, 0x0, 0x0, 0x8f, 0xff,
    0xfd, 0x0, 0x0, 0x5f, 0xfc, 0x6f, 0xfa, 0x0,
    0x0, 0x1f, 0xff, 0xf6, 0x0, 0x0, 0x5f, 0xfc,
    0x6f, 0xfa, 0x0, 0x0, 0x9, 0xff, 0xe0, 0x0,
    0x0, 0x5f, 0xfc, 0x6f, 0xfa, 0x0, 0x0, 0x1,
    0xee, 0x60, 0x0, 0x0, 0x5f, 0xfc, 0x6f, 0xfa,
    0x0, 0x0, 0x0, 0x0, 0x0, 0x0, 0x0, 0x5f,
    0xfc, 0x6f, 0xfa, 0x0, 0x0, 0x0, 0x0, 0x0,
    0x0, 0x0, 0x5f, 0xfc,

    /* U+004E "N" */
    0x6f, 0xff, 0x30, 0x0, 0x0, 0x0, 0x0, 0xaf,
    0xf9, 0x6f, 0xff, 0xd0, 0x0, 0x0, 0x0, 0x0,
    0xaf, 0xf9, 0x6f, 0xff, 0xf9, 0x0, 0x0, 0x0,
    0x0, 0xaf, 0xf9, 0x6f, 0xff, 0xff, 0x50, 0x0,
    0x0, 0x0, 0xaf, 0xf9, 0x6f, 0xff, 0xff, 0xe1,
    0x0, 0x0, 0x0, 0xaf, 0xf9, 0x6f, 0xff, 0xef,
    0xfb, 0x0, 0x0, 0x0, 0xaf, 0xf9, 0x6f, 0xfe,
    0x5f, 0xff, 0x70, 0x0, 0x0, 0xaf, 0xf9, 0x6f,
    0xfe, 0x9, 0xff, 0xf3, 0x0, 0x0, 0xaf, 0xf9,
    0x6f, 0xfe, 0x0, 0xdf, 0xfd, 0x0, 0x0, 0xaf,
    0xf9, 0x6f, 0xfe, 0x0, 0x3f, 0xff, 0x90, 0x0,
    0xaf, 0xf9, 0x6f, 0xfe, 0x0, 0x7, 0xff, 0xf5,
    0x0, 0xaf, 0xf9, 0x6f, 0xfe, 0x0, 0x0, 0xbf,
    0xfe, 0x10, 0xaf, 0xf9, 0x6f, 0xfe, 0x0, 0x0,
    0x1e, 0xff, 0xc0, 0xaf, 0xf9, 0x6f, 0xfe, 0x0,
    0x0, 0x5, 0xff, 0xf7, 0xaf, 0xf9, 0x6f, 0xfe,
    0x0, 0x0, 0x0, 0x9f, 0xff, 0xdf, 0xf9, 0x6f,
    0xfe, 0x0, 0x0, 0x0, 0xd, 0xff, 0xff, 0xf9,
    0x6f, 0xfe, 0x0, 0x0, 0x0, 0x3, 0xff, 0xff,
    0xf9, 0x6f, 0xfe, 0x0, 0x0, 0x0, 0x0, 0x7f,
    0xff, 0xf9, 0x6f, 0xfe, 0x0, 0x0, 0x0, 0x0,
    0xb, 0xff, 0xf9, 0x6f, 0xfe, 0x0, 0x0, 0x0,
    0x0, 0x1, 0xef, 0xf9,

    /* U+004F "O" */
    0x0, 0x0, 0x0, 0x5, 0xad, 0xff, 0xec, 0x83,
    0x0, 0x0, 0x0, 0x0, 0x0, 0x5, 0xdf, 0xff,
    0xff, 0xff, 0xff, 0xb2, 0x0, 0x0, 0x0, 0x0,
    0x9f, 0xff, 0xff, 0xdd, 0xef, 0xff, 0xff, 0x40,
    0x0, 0x0, 0x9, 0xff, 0xfe, 0x61, 0x0, 0x2,
    0x9f, 0xff, 0xf4, 0x0, 0x0, 0x6f, 0xff, 0xb1,
    0x0, 0x0, 0x0, 0x3, 0xef, 0xff, 0x10, 0x0,
    0xef, 0xfc, 0x0, 0x0, 0x0, 0x0, 0x0, 0x3f,
    0xff, 0xa0, 0x6, 0xff, 0xf3, 0x0, 0x0, 0x0,
    0x0, 0x0, 0x8, 0xff, 0xf1, 0xb, 0xff, 0xb0,
    0x0, 0x0, 0x0, 0x0, 0x0, 0x1, 0xff, 0xf6,
    0xe, 0xff, 0x70, 0x0, 0x0, 0x0, 0x0, 0x0,
    0x0, 0xcf, 0xf9, 0xf, 0xff, 0x50, 0x0, 0x0,
    0x0, 0x0, 0x0, 0x0, 0xaf, 0xfb, 0xf, 0xff,
    0x50, 0x0, 0x0, 0x0, 0x0, 0x0, 0x0, 0xbf,
    0xfb, 0xe, 0xff, 0x70, 0x0, 0x0, 0x0, 0x0,
    0x0, 0x0, 0xdf, 0xf9, 0xb, 0xff, 0xc0, 0x0,
    0x0, 0x0, 0x0, 0x0, 0x1, 0xff, 0xf6, 0x6,
    0xff, 0xf3, 0x0, 0x0, 0x0, 0x0, 0x0, 0x8,
    0xff, 0xf1, 0x0, 0xef, 0xfd, 0x10, 0x0, 0x0,
    0x0, 0x0, 0x3f, 0xff, 0x90, 0x0, 0x5f, 0xff,
    0xc1, 0x0, 0x0, 0x0, 0x3, 0xef, 0xfe, 0x10,
    0x0, 0x9, 0xff, 0xfe, 0x71, 0x0, 0x2, 0x9f,
    0xff, 0xf4, 0x0, 0x0, 0x0, 0x9f, 0xff, 0xff,
    0xdd, 0xef, 0xff, 0xff, 0x40, 0x0, 0x0, 0x0,
    0x4, 0xdf, 0xff, 0xff, 0xff, 0xff, 0xb2, 0x0,
    0x0, 0x0, 0x0, 0x0, 0x5, 0xad, 0xff, 0xec,
    0x83, 0x0, 0x0, 0x0,

    /* U+0050 "P" */
    0x6f, 0xff, 0xff, 0xff, 0xff, 0xd9, 0x30, 0x0,
    0x6, 0xff, 0xff, 0xff, 0xff, 0xff, 0xff, 0xa0,
    0x0, 0x6f, 0xff, 0xdd, 0xdd, 0xde, 0xff, 0xff,
    0xb0, 0x6, 0xff, 0xe0, 0x0, 0x0, 0x2, 0xaf,
    0xff, 0x60, 0x6f, 0xfe, 0x0, 0x0, 0x0, 0x0,
    0xaf, 0xfc, 0x6, 0xff, 0xe0, 0x0, 0x0, 0x0,
    0x3, 0xff, 0xf0, 0x6f, 0xfe, 0x0, 0x0, 0x0,
    0x0, 0xf, 0xff, 0x26, 0xff, 0xe0, 0x0, 0x0,
    0x0, 0x0, 0xff, 0xf1, 0x6f, 0xfe, 0x0, 0x0,
    0x0, 0x0, 0x3f, 0xff, 0x6, 0xff, 0xe0, 0x0,
    0x0, 0x0, 0xb, 0xff, 0xb0, 0x6f, 0xfe, 0x0,
    0x0, 0x0, 0x2b, 0xff, 0xf5, 0x6, 0xff, 0xfd,
    0xdd, 0xdd, 0xef, 0xff, 0xfa, 0x0, 0x6f, 0xff,
    0xff, 0xff, 0xff, 0xff, 0xf9, 0x0, 0x6, 0xff,
    0xff, 0xff, 0xff, 0xfd, 0x93, 0x0, 0x0, 0x6f,
    0xfe, 0x0, 0x0, 0x0, 0x0, 0x0, 0x0, 0x6,
    0xff, 0xe0, 0x0, 0x0, 0x0, 0x0, 0x0, 0x0,
    0x6f, 0xfe, 0x0, 0x0, 0x0, 0x0, 0x0, 0x0,
    0x6, 0xff, 0xe0, 0x0, 0x0, 0x0, 0x0, 0x0,
    0x0, 0x6f, 0xfe, 0x0, 0x0, 0x0, 0x0, 0x0,
    0x0, 0x6, 0xff, 0xe0, 0x0, 0x0, 0x0, 0x0,
    0x0, 0x0,

    /* U+0051 "Q" */
    0x0, 0x0, 0x0, 0x5, 0xad, 0xff, 0xec, 0x83,
    0x0, 0x0, 0x0, 0x0, 0x0, 0x0, 0x5d, 0xff,
    0xff, 0xff, 0xff, 0xfb, 0x20, 0x0, 0x0, 0x0,
    0x0, 0x9f, 0xff, 0xff, 0xdd, 0xef, 0xff, 0xff,
    0x40, 0x0, 0x0, 0x0, 0x9f, 0xff, 0xe6, 0x10,
    0x0, 0x29, 0xff, 0xff, 0x40, 0x0, 0x0, 0x6f,
    0xff, 0xb1, 0x0, 0x0, 0x0, 0x3, 0xef, 0xff,
    0x10, 0x0, 0xe, 0xff, 0xc0, 0x0, 0x0, 0x0,
    0x0, 0x3, 0xff, 0xfa, 0x0, 0x6, 0xff, 0xf3,
    0x0, 0x0, 0x0, 0x0, 0x0, 0x8, 0xff, 0xf1,
    0x0, 0xbf, 0xfb, 0x0, 0x0, 0x0, 0x0, 0x0,
    0x0, 0x1f, 0xff, 0x60, 0xe, 0xff, 0x70, 0x0,
    0x0, 0x0, 0x0, 0x0, 0x0, 0xcf, 0xf9, 0x0,
    0xff, 0xf5, 0x0, 0x0, 0x0, 0x0, 0x0, 0x0,
    0xa, 0xff, 0xb0, 0xf, 0xff, 0x50, 0x0, 0x0,
    0x0, 0x0, 0x0, 0x0, 0xbf, 0xfb, 0x0, 0xef,
    0xf7, 0x0, 0x0, 0x0, 0x0, 0x0, 0x0, 0xd,
    0xff, 0x90, 0xb, 0xff, 0xc0, 0x0, 0x0, 0x0,
    0x0, 0x0, 0x1, 0xff, 0xf6, 0x0, 0x6f, 0xff,
    0x30, 0x0, 0x0, 0x0, 0x0, 0x0, 0x8f, 0xff,
    0x10, 0x0, 0xef, 0xfd, 0x10, 0x0, 0x0, 0x0,
    0x0, 0x3f, 0xff, 0x90, 0x0, 0x5, 0xff, 0xfc,
    0x10, 0x0, 0x0, 0x0, 0x3e, 0xff, 0xe1, 0x0,
    0x0, 0x9, 0xff, 0xfe, 0x71, 0x0, 0x2, 0x9f,
    0xff, 0xf4, 0x0, 0x0, 0x0, 0x9, 0xff, 0xff,
    0xfd, 0xde, 0xff, 0xff, 0xf4, 0x0, 0x0, 0x0,
    0x0, 0x4, 0xdf, 0xff, 0xff, 0xff, 0xff, 0xb2,
    0x0, 0x0, 0x0, 0x0, 0x0, 0x0, 0x5a, 0xdf,
    0xff, 0xff, 0x30, 0x0, 0x0, 0x10, 0x0, 0x0,
    0x0, 0x0, 0x0, 0x4, 0xff, 0xfb, 0x10, 0x1,
    0x9f, 0x10, 0x0, 0x0, 0x0, 0x0, 0x0, 0x8,
    0xff, 0xff, 0xcc, 0xff, 0xfa, 0x0, 0x0, 0x0,
    0x0, 0x0, 0x0, 0x7, 0xff, 0xff, 0xff, 0xfd,
    0x30, 0x0, 0x0, 0x0, 0x0, 0x0, 0x0, 0x2,
    0xae, 0xfe, 0xb5, 0x0,

    /* U+0052 "R" */
    0x6f, 0xff, 0xff, 0xff, 0xff, 0xda, 0x50, 0x0,
    0x6, 0xff, 0xff, 0xff, 0xff, 0xff, 0xff, 0xc2,
    0x0, 0x6f, 0xff, 0xdd, 0xdd, 0xde, 0xff, 0xff,
    0xe1, 0x6, 0xff, 0xe0, 0x0, 0x0, 0x1, 0x7f,
    0xff, 0xa0, 0x6f, 0xfe, 0x0, 0x0, 0x0, 0x0,
    0x6f, 0xff, 0x16, 0xff, 0xe0, 0x0, 0x0, 0x0,
    0x0, 0xef, 0xf4, 0x6f, 0xfe, 0x0, 0x0, 0x0,
    0x0, 0xb, 0xff, 0x66, 0xff, 0xe0, 0x0, 0x0,
    0x0, 0x0, 0xcf, 0xf6, 0x6f, 0xfe, 0x0, 0x0,
    0x0, 0x0, 0xe, 0xff, 0x46, 0xff, 0xe0, 0x0,
    0x0, 0x0, 0x6, 0xff, 0xf0, 0x6f, 0xfe, 0x0,
    0x0, 0x0, 0x18, 0xff, 0xf9, 0x6, 0xff, 0xfd,
    0xdd, 0xdd, 0xef, 0xff, 0xfd, 0x10, 0x6f, 0xff,
    0xff, 0xff, 0xff, 0xff, 0xfc, 0x10, 0x6, 0xff,
    0xff, 0xff, 0xff, 0xff, 0xfa, 0x0, 0x0, 0x6f,
    0xfe, 0x0, 0x0, 0x4, 0xff, 0xf2, 0x0, 0x6,
    0xff, 0xe0, 0x0, 0x0, 0xa, 0xff, 0xc0, 0x0,
    0x6f, 0xfe, 0x0, 0x0, 0x0, 0x1f, 0xff, 0x60,
    0x6, 0xff, 0xe0, 0x0, 0x0, 0x0, 0x7f, 0xff,
    0x20, 0x6f, 0xfe, 0x0, 0x0, 0x0, 0x0, 0xdf,
    0xfc, 0x6, 0xff, 0xe0, 0x0, 0x0, 0x0, 0x4,
    0xff, 0xf6,

    /* U+0053 "S" */
    0x0, 0x0, 0x6, 0xbe, 0xff, 0xeb, 0x72, 0x0,
    0x0, 0x0, 0x3e, 0xff, 0xff, 0xff, 0xff, 0xfb,
    0x30, 0x0, 0x3f, 0xff, 0xff, 0xff, 0xff, 0xff,
    0xfa, 0x0, 0xb, 0xff, 0xf9, 0x20, 0x3, 0x7c,
    0xff, 0x20, 0x0, 0xff, 0xfb, 0x0, 0x0, 0x0,
    0x3, 0x70, 0x0, 0x1f, 0xff, 0x90, 0x0, 0x0,
    0x0, 0x0, 0x0, 0x0, 0xff, 0xfe, 0x10, 0x0,
    0x0, 0x0, 0x0, 0x0, 0xb, 0xff, 0xfe, 0x50,
    0x0, 0x0, 0x0, 0x0, 0x0, 0x2f, 0xff, 0xff,
    0xfa, 0x50, 0x0, 0x0, 0x0, 0x0, 0x2c, 0xff,
    0xff, 0xff, 0xf9, 0x20, 0x0, 0x0, 0x0, 0x4,
    0xaf, 0xff, 0xff, 0xff, 0x70, 0x0, 0x0, 0x0,
    0x0, 0x4, 0x9f, 0xff, 0xff, 0x50, 0x0, 0x0,
    0x0, 0x0, 0x0, 0x9, 0xff, 0xfd, 0x0, 0x0,
    0x0, 0x0, 0x0, 0x0, 0xc, 0xff, 0xf1, 0x1,
    0x80, 0x0, 0x0, 0x0, 0x0, 0x9f, 0xff, 0x10,
    0x8f, 0xc3, 0x0, 0x0, 0x0, 0xc, 0xff, 0xf0,
    0x1f, 0xff, 0xfb, 0x51, 0x0, 0x3b, 0xff, 0xfa,
    0x0, 0x7f, 0xff, 0xff, 0xff, 0xff, 0xff, 0xfe,
    0x10, 0x0, 0x3b, 0xff, 0xff, 0xff, 0xff, 0xfc,
    0x20, 0x0, 0x0, 0x2, 0x8c, 0xef, 0xfd, 0xa4,
    0x0, 0x0,

    /* U+0054 "T" */
    0xcf, 0xff, 0xff, 0xff, 0xff, 0xff, 0xff, 0xff,
    0xcf, 0xff, 0xff, 0xff, 0xff, 0xff, 0xff, 0xff,
    0x9d, 0xdd, 0xdd, 0xef, 0xff, 0xdd, 0xdd, 0xdc,
    0x0, 0x0, 0x0, 0x9f, 0xfc, 0x0, 0x0, 0x0,
    0x0, 0x0, 0x0, 0x9f, 0xfc, 0x0, 0x0, 0x0,
    0x0, 0x0, 0x0, 0x9f, 0xfc, 0x0, 0x0, 0x0,
    0x0, 0x0, 0x0, 0x9f, 0xfc, 0x0, 0x0, 0x0,
    0x0, 0x0, 0x0, 0x9f, 0xfc, 0x0, 0x0, 0x0,
    0x0, 0x0, 0x0, 0x9f, 0xfc, 0x0, 0x0, 0x0,
    0x0, 0x0, 0x0, 0x9f, 0xfc, 0x0, 0x0, 0x0,
    0x0, 0x0, 0x0, 0x9f, 0xfc, 0x0, 0x0, 0x0,
    0x0, 0x0, 0x0, 0x9f, 0xfc, 0x0, 0x0, 0x0,
    0x0, 0x0, 0x0, 0x9f, 0xfc, 0x0, 0x0, 0x0,
    0x0, 0x0, 0x0, 0x9f, 0xfc, 0x0, 0x0, 0x0,
    0x0, 0x0, 0x0, 0x9f, 0xfc, 0x0, 0x0, 0x0,
    0x0, 0x0, 0x0, 0x9f, 0xfc, 0x0, 0x0, 0x0,
    0x0, 0x0, 0x0, 0x9f, 0xfc, 0x0, 0x0, 0x0,
    0x0, 0x0, 0x0, 0x9f, 0xfc, 0x0, 0x0, 0x0,
    0x0, 0x0, 0x0, 0x9f, 0xfc, 0x0, 0x0, 0x0,
    0x0, 0x0, 0x0, 0x9f, 0xfc, 0x0, 0x0, 0x0,

    /* U+0055 "U" */
    0xdf, 0xf7, 0x0, 0x0, 0x0, 0x0, 0x3, 0xff,
    0xf1, 0xdf, 0xf7, 0x0, 0x0, 0x0, 0x0, 0x3,
    0xff, 0xf1, 0xdf, 0xf7, 0x0, 0x0, 0x0, 0x0,
    0x3, 0xff, 0xf1, 0xdf, 0xf7, 0x0, 0x0, 0x0,
    0x0, 0x3, 0xff, 0xf1, 0xdf, 0xf7, 0x0, 0x0,
    0x0, 0x0, 0x3, 0xff, 0xf1, 0xdf, 0xf7, 0x0,
    0x0, 0x0, 0x0, 0x3, 0xff, 0xf1, 0xdf, 0xf7,
    0x0, 0x0, 0x0, 0x0, 0x3, 0xff, 0xf1, 0xdf,
    0xf7, 0x0, 0x0, 0x0, 0x0, 0x3, 0xff, 0xf1,
    0xdf, 0xf7, 0x0, 0x0, 0x0, 0x0, 0x3, 0xff,
    0xf1, 0xdf, 0xf7, 0x0, 0x0, 0x0, 0x0, 0x3,
    0xff, 0xf1, 0xdf, 0xf7, 0x0, 0x0, 0x0, 0x0,
    0x3, 0xff, 0xf1, 0xdf, 0xf7, 0x0, 0x0, 0x0,
    0x0, 0x3, 0xff, 0xf0, 0xcf, 0xf8, 0x0, 0x0,
    0x0, 0x0, 0x4, 0xff, 0xf0, 0xaf, 0xfb, 0x0,
    0x0, 0x0, 0x0, 0x7, 0xff, 0xe0, 0x7f, 0xff,
    0x10, 0x0, 0x0, 0x0, 0xc, 0xff, 0xa0, 0x1f,
    0xff, 0xb0, 0x0, 0x0, 0x0, 0x6f, 0xff, 0x50,
    0x8, 0xff, 0xfb, 0x30, 0x0, 0x18, 0xff, 0xfc,
    0x0, 0x0, 0xcf, 0xff, 0xfe, 0xcd, 0xff, 0xff,
    0xe2, 0x0, 0x0, 0x9, 0xff, 0xff, 0xff, 0xff,
    0xfc, 0x20, 0x0, 0x0, 0x0, 0x28, 0xcf, 0xff,
    0xda, 0x40, 0x0, 0x0,

    /* U+0056 "V" */
    0xbf, 0xfd, 0x0, 0x0, 0x0, 0x0, 0x0, 0x6,
    0xff, 0xf1, 0x5f, 0xff, 0x30, 0x0, 0x0, 0x0,
    0x0, 0xc, 0xff, 0xa0, 0xe, 0xff, 0x90, 0x0,
    0x0, 0x0, 0x0, 0x2f, 0xff, 0x30, 0x8, 0xff,
    0xe0, 0x0, 0x0, 0x0, 0x0, 0x8f, 0xfd, 0x0,
    0x2, 0xff, 0xf4, 0x0, 0x0, 0x0, 0x0, 0xdf,
    0xf7, 0x0, 0x0, 0xcf, 0xfa, 0x0, 0x0, 0x0,
    0x4, 0xff, 0xf1, 0x0, 0x0, 0x6f, 0xff, 0x10,
    0x0, 0x0, 0x9, 0xff, 0xa0, 0x0, 0x0, 0xf,
    0xff, 0x60, 0x0, 0x0, 0xf, 0xff, 0x40, 0x0,
    0x0, 0x9, 0xff, 0xc0, 0x0, 0x0, 0x5f, 0xfd,
    0x0, 0x0, 0x0, 0x3, 0xff, 0xf2, 0x0, 0x0,
    0xbf, 0xf7, 0x0, 0x0, 0x0, 0x0, 0xdf, 0xf8,
    0x0, 0x1, 0xff, 0xf1, 0x0, 0x0, 0x0, 0x0,
    0x6f, 0xfd, 0x0, 0x7, 0xff, 0xa0, 0x0, 0x0,
    0x0, 0x0, 0x1f, 0xff, 0x30, 0xd, 0xff, 0x40,
    0x0, 0x0, 0x0, 0x0, 0xa, 0xff, 0x90, 0x3f,
    0xfe, 0x0, 0x0, 0x0, 0x0, 0x0, 0x4, 0xff,
    0xf0, 0x9f, 0xf7, 0x0, 0x0, 0x0, 0x0, 0x0,
    0x0, 0xdf, 0xf5, 0xef, 0xf1, 0x0, 0x0, 0x0,
    0x0, 0x0, 0x0, 0x7f, 0xfe, 0xff, 0xb0, 0x0,
    0x0, 0x0, 0x0, 0x0, 0x0, 0x1f, 0xff, 0xff,
    0x40, 0x0, 0x0, 0x0, 0x0, 0x0, 0x0, 0xb,
    0xff, 0xfe, 0x0, 0x0, 0x0, 0x0, 0x0, 0x0,
    0x0, 0x4, 0xff, 0xf8, 0x0, 0x0, 0x0, 0x0,

    /* U+0057 "W" */
    0xcf, 0xfc, 0x0, 0x0, 0x0, 0x0, 0xd, 0xff,
    0xb0, 0x0, 0x0, 0x0, 0x0, 0xef, 0xf8, 0x6f,
    0xff, 0x10, 0x0, 0x0, 0x0, 0x1f, 0xff, 0xf0,
    0x0, 0x0, 0x0, 0x2, 0xff, 0xf3, 0x1f, 0xff,
    0x60, 0x0, 0x0, 0x0, 0x6f, 0xff, 0xf5, 0x0,
    0x0, 0x0, 0x7, 0xff, 0xd0, 0xc, 0xff, 0xa0,
    0x0, 0x0, 0x0, 0xbf, 0xff, 0xf9, 0x0, 0x0,
    0x0, 0xc, 0xff, 0x80, 0x6, 0xff, 0xf0, 0x0,
    0x0, 0x0, 0xff, 0xdf, 0xfe, 0x0, 0x0, 0x0,
    0x1f, 0xff, 0x30, 0x1, 0xff, 0xf4, 0x0, 0x0,
    0x4, 0xff, 0x7b, 0xff, 0x30, 0x0, 0x0, 0x5f,
    0xfd, 0x0, 0x0, 0xcf, 0xf8, 0x0, 0x0, 0x9,
    0xff, 0x26, 0xff, 0x80, 0x0, 0x0, 0xaf, 0xf8,
    0x0, 0x0, 0x7f, 0xfd, 0x0, 0x0, 0xe, 0xfd,
    0x1, 0xff, 0xc0, 0x0, 0x0, 0xef, 0xf3, 0x0,
    0x0, 0x1f, 0xff, 0x20, 0x0, 0x2f, 0xf9, 0x0,
    0xdf, 0xf1, 0x0, 0x3, 0xff, 0xd0, 0x0, 0x0,
    0xc, 0xff, 0x70, 0x0, 0x7f, 0xf4, 0x0, 0x8f,
    0xf6, 0x0, 0x8, 0xff, 0x80, 0x0, 0x0, 0x7,
    0xff, 0xb0, 0x0, 0xcf, 0xf0, 0x0, 0x3f, 0xfb,
    0x0, 0xd, 0xff, 0x30, 0x0, 0x0, 0x2, 0xff,
    0xf0, 0x1, 0xff, 0xa0, 0x0, 0xe, 0xff, 0x0,
    0x1f, 0xfd, 0x0, 0x0, 0x0, 0x0, 0xcf, 0xf5,
    0x5, 0xff, 0x50, 0x0, 0x9, 0xff, 0x40, 0x6f,
    0xf8, 0x0, 0x0, 0x0, 0x0, 0x7f, 0xf9, 0xa,
    0xff, 0x10, 0x0, 0x5, 0xff, 0x90, 0xbf, 0xf3,
    0x0, 0x0, 0x0, 0x0, 0x2f, 0xfe, 0xe, 0xfb,
    0x0, 0x0, 0x0, 0xff, 0xe0, 0xff, 0xd0, 0x0,
    0x0, 0x0, 0x0, 0xc, 0xff, 0x7f, 0xf7, 0x0,
    0x0, 0x0, 0xbf, 0xf7, 0xff, 0x80, 0x0, 0x0,
    0x0, 0x0, 0x7, 0xff, 0xff, 0xf2, 0x0, 0x0,
    0x0, 0x6f, 0xff, 0xff, 0x30, 0x0, 0x0, 0x0,
    0x0, 0x2, 0xff, 0xff, 0xd0, 0x0, 0x0, 0x0,
    0x1f, 0xff, 0xfd, 0x0, 0x0, 0x0, 0x0, 0x0,
    0x0, 0xcf, 0xff, 0x80, 0x0, 0x0, 0x0, 0xd,
    0xff, 0xf8, 0x0, 0x0, 0x0, 0x0, 0x0, 0x0,
    0x7f, 0xff, 0x30, 0x0, 0x0, 0x0, 0x8, 0xff,
    0xf3, 0x0, 0x0, 0x0,

    /* U+0058 "X" */
    0xb, 0xff, 0xf2, 0x0, 0x0, 0x0, 0x1, 0xef,
    0xfd, 0x0, 0x1f, 0xff, 0xc0, 0x0, 0x0, 0x0,
    0xaf, 0xff, 0x30, 0x0, 0x6f, 0xff, 0x70, 0x0,
    0x0, 0x5f, 0xff, 0x80, 0x0, 0x0, 0xbf, 0xff,
    0x20, 0x0, 0x1e, 0xff, 0xc0, 0x0, 0x0, 0x1,
    0xef, 0xfc, 0x0, 0xb, 0xff, 0xf2, 0x0, 0x0,
    0x0, 0x5, 0xff, 0xf7, 0x5, 0xff, 0xf7, 0x0,
    0x0, 0x0, 0x0, 0xa, 0xff, 0xf4, 0xff, 0xfc,
    0x0, 0x0, 0x0, 0x0, 0x0, 0x1e, 0xff, 0xff,
    0xff, 0x20, 0x0, 0x0, 0x0, 0x0, 0x0, 0x4f,
    0xff, 0xff, 0x60, 0x0, 0x0, 0x0, 0x0, 0x0,
    0x0, 0xaf, 0xff, 0xd0, 0x0, 0x0, 0x0, 0x0,
    0x0, 0x0, 0x1e, 0xff, 0xff, 0x40, 0x0, 0x0,
    0x0, 0x0, 0x0, 0xa, 0xff, 0xff, 0xfe, 0x10,
    0x0, 0x0, 0x0, 0x0, 0x5, 0xff, 0xfa, 0xff,
    0xfa, 0x0, 0x0, 0x0, 0x0, 0x1, 0xff, 0xfb,
    0x9, 0xff, 0xf5, 0x0, 0x0, 0x0, 0x0, 0xbf,
    0xfe, 0x10, 0xe, 0xff, 0xe1, 0x0, 0x0, 0x0,
    0x7f, 0xff, 0x50, 0x0, 0x4f, 0xff, 0xb0, 0x0,
    0x0, 0x2f, 0xff, 0xa0, 0x0, 0x0, 0x8f, 0xff,
    0x60, 0x0, 0xd, 0xff, 0xe1, 0x0, 0x0, 0x0,
    0xdf, 0xff, 0x20, 0x8, 0xff, 0xf4, 0x0, 0x0,
    0x0, 0x3, 0xff, 0xfb, 0x3, 0xff, 0xf9, 0x0,
    0x0, 0x0, 0x0, 0x8, 0xff, 0xf6,

    /* U+0059 "Y" */
    0xbf, 0xfa, 0x0, 0x0, 0x0, 0x0, 0x0, 0xcf,
    0xf8, 0x2f, 0xff, 0x30, 0x0, 0x0, 0x0, 0x5,
    0xff, 0xe1, 0x9, 0xff, 0xb0, 0x0, 0x0, 0x0,
    0xe, 0xff, 0x70, 0x1, 0xff, 0xf4, 0x0, 0x0,
    0x0, 0x7f, 0xfe, 0x0, 0x0, 0x8f, 0xfd, 0x0,
    0x0, 0x1, 0xef, 0xf6, 0x0, 0x0, 0x1e, 0xff,
    0x60, 0x0, 0x8, 0xff, 0xd0, 0x0, 0x0, 0x7,
    0xff, 0xe0, 0x0, 0x1f, 0xff, 0x40, 0x0, 0x0,
    0x0, 0xef, 0xf7, 0x0, 0x9f, 0xfc, 0x0, 0x0,
    0x0, 0x0, 0x5f, 0xff, 0x12, 0xff, 0xf3, 0x0,
    0x0, 0x0, 0x0, 0xd, 0xff, 0x9b, 0xff, 0xb0,
    0x0, 0x0, 0x0, 0x0, 0x4, 0xff, 0xff, 0xff,
    0x20, 0x0, 0x0, 0x0, 0x0, 0x0, 0xbf, 0xff,
    0xf9, 0x0, 0x0, 0x0, 0x0, 0x0, 0x0, 0x3f,
    0xff, 0xf1, 0x0, 0x0, 0x0, 0x0, 0x0, 0x0,
    0xc, 0xff, 0xa0, 0x0, 0x0, 0x0, 0x0, 0x0,
    0x0, 0xa, 0xff, 0x90, 0x0, 0x0, 0x0, 0x0,
    0x0, 0x0, 0xa, 0xff, 0x90, 0x0, 0x0, 0x0,
    0x0, 0x0, 0x0, 0xa, 0xff, 0x90, 0x0, 0x0,
    0x0, 0x0, 0x0, 0x0, 0xa, 0xff, 0x90, 0x0,
    0x0, 0x0, 0x0, 0x0, 0x0, 0xa, 0xff, 0x90,
    0x0, 0x0, 0x0, 0x0, 0x0, 0x0, 0xa, 0xff,
    0x90, 0x0, 0x0, 0x0,

    /* U+005A "Z" */
    0x9f, 0xff, 0xff, 0xff, 0xff, 0xff, 0xff, 0xff,
    0x79, 0xff, 0xff, 0xff, 0xff, 0xff, 0xff, 0xff,
    0xf7, 0x7d, 0xdd, 0xdd, 0xdd, 0xdd, 0xdd, 0xff,
    0xff, 0x30, 0x0, 0x0, 0x0, 0x0, 0x0, 0x8f,
    0xff, 0x60, 0x0, 0x0, 0x0, 0x0, 0x0, 0x5f,
    0xff, 0xa0, 0x0, 0x0, 0x0, 0x0, 0x0, 0x3f,
    0xff, 0xc0, 0x0, 0x0, 0x0, 0x0, 0x0, 0x1e,
    0xff, 0xe1, 0x0, 0x0, 0x0, 0x0, 0x0, 0xb,
    0xff, 0xf4, 0x0, 0x0, 0x0, 0x0, 0x0, 0x8,
    0xff, 0xf7, 0x0, 0x0, 0x0, 0x0, 0x0, 0x5,
    0xff, 0xfa, 0x0, 0x0, 0x0, 0x0, 0x0, 0x3,
    0xff, 0xfc, 0x0, 0x0, 0x0, 0x0, 0x0, 0x1,
    0xef, 0xfe, 0x10, 0x0, 0x0, 0x0, 0x0, 0x0,
    0xbf, 0xff, 0x40, 0x0, 0x0, 0x0, 0x0, 0x0,
    0x8f, 0xff, 0x70, 0x0, 0x0, 0x0, 0x0, 0x0,
    0x5f, 0xff, 0xa0, 0x0, 0x0, 0x0, 0x0, 0x0,
    0x3f, 0xff, 0xd0, 0x0, 0x0, 0x0, 0x0, 0x0,
    0x1e, 0xff, 0xe2, 0x0, 0x0, 0x0, 0x0, 0x0,
    0xb, 0xff, 0xfe, 0xdd, 0xdd, 0xdd, 0xdd, 0xdd,
    0xd7, 0xff, 0xff, 0xff, 0xff, 0xff, 0xff, 0xff,
    0xff, 0x9f, 0xff, 0xff, 0xff, 0xff, 0xff, 0xff,
    0xff, 0xf9,

    /* U+005B "[" */
    0xbf, 0xff, 0xff, 0xab, 0xff, 0xff, 0xfa, 0xbf,
    0xf8, 0x77, 0x4b, 0xff, 0x30, 0x0, 0xbf, 0xf3,
    0x0, 0xb, 0xff, 0x30, 0x0, 0xbf, 0xf3, 0x0,
    0xb, 0xff, 0x30, 0x0, 0xbf, 0xf3, 0x0, 0xb,
    0xff, 0x30, 0x0, 0xbf, 0xf3, 0x0, 0xb, 0xff,
    0x30, 0x0, 0xbf, 0xf3, 0x0, 0xb, 0xff, 0x30,
    0x0, 0xbf, 0xf3, 0x0, 0xb, 0xff, 0x30, 0x0,
    0xbf, 0xf3, 0x0, 0xb, 0xff, 0x30, 0x0, 0xbf,
    0xf3, 0x0, 0xb, 0xff, 0x30, 0x0, 0xbf, 0xf3,
    0x0, 0xb, 0xff, 0x30, 0x0, 0xbf, 0xff, 0xff,
    0xab, 0xff, 0xff, 0xfa, 0x47, 0x77, 0x77, 0x40,

    /* U+005C "\\" */
    0x9f, 0xf2, 0x0, 0x0, 0x0, 0x0, 0x4f, 0xf7,
    0x0, 0x0, 0x0, 0x0, 0xe, 0xfd, 0x0, 0x0,
    0x0, 0x0, 0x9, 0xff, 0x20, 0x0, 0x0, 0x0,
    0x3, 0xff, 0x80, 0x0, 0x0, 0x0, 0x0, 0xef,
    0xd0, 0x0, 0x0, 0x0, 0x0, 0x8f, 0xf3, 0x0,
    0x0, 0x0, 0x0, 0x3f, 0xf8, 0x0, 0x0, 0x0,
    0x0, 0xd, 0xfe, 0x0, 0x0, 0x0, 0x0, 0x8,
    0xff, 0x30, 0x0, 0x0, 0x0, 0x2, 0xff, 0x90,
    0x0, 0x0, 0x0, 0x0, 0xdf, 0xe0, 0x0, 0x0,
    0x0, 0x0, 0x8f, 0xf4, 0x0, 0x0, 0x0, 0x0,
    0x2f, 0xf9, 0x0, 0x0, 0x0, 0x0, 0xd, 0xfe,
    0x0, 0x0, 0x0, 0x0, 0x7, 0xff, 0x40, 0x0,
    0x0, 0x0, 0x2, 0xff, 0x90, 0x0, 0x0, 0x0,
    0x0, 0xcf, 0xe0, 0x0, 0x0, 0x0, 0x0, 0x7f,
    0xf4, 0x0, 0x0, 0x0, 0x0, 0x1f, 0xfa, 0x0,
    0x0, 0x0, 0x0, 0xc, 0xff, 0x0, 0x0, 0x0,
    0x0, 0x6, 0xff, 0x50, 0x0, 0x0, 0x0, 0x1,
    0xff, 0xa0, 0x0, 0x0, 0x0, 0x0, 0xbf, 0xf0,
    0x0, 0x0, 0x0, 0x0, 0x6f, 0xf5, 0x0, 0x0,
    0x0, 0x0, 0x1f, 0xfb,

    /* U+005D "]" */
    0x7f, 0xff, 0xff, 0xe7, 0xff, 0xff, 0xfe, 0x37,
    0x77, 0xff, 0xe0, 0x0, 0xf, 0xfe, 0x0, 0x0,
    0xff, 0xe0, 0x0, 0xf, 0xfe, 0x0, 0x0, 0xff,
    0xe0, 0x0, 0xf, 0xfe, 0x0, 0x0, 0xff, 0xe0,
    0x0, 0xf, 0xfe, 0x0, 0x0, 0xff, 0xe0, 0x0,
    0xf, 0xfe, 0x0, 0x0, 0xff, 0xe0, 0x0, 0xf,
    0xfe, 0x0, 0x0, 0xff, 0xe0, 0x0, 0xf, 0xfe,
    0x0, 0x0, 0xff, 0xe0, 0x0, 0xf, 0xfe, 0x0,
    0x0, 0xff, 0xe0, 0x0, 0xf, 0xfe, 0x0, 0x0,
    0xff, 0xe0, 0x0, 0xf, 0xfe, 0x7f, 0xff, 0xff,
    0xe7, 0xff, 0xff, 0xfe, 0x37, 0x77, 0x77, 0x60,

    /* U+005E "^" */
    0x0, 0x0, 0x1, 0xff, 0xf2, 0x0, 0x0, 0x0,
    0x0, 0x0, 0x8f, 0xff, 0x90, 0x0, 0x0, 0x0,
    0x0, 0xf, 0xf7, 0xff, 0x10, 0x0, 0x0, 0x0,
    0x7, 0xfd, 0xc, 0xf8, 0x0, 0x0, 0x0, 0x0,
    0xef, 0x50, 0x4f, 0xf0, 0x0, 0x0, 0x0, 0x6f,
    0xd0, 0x0, 0xdf, 0x70, 0x0, 0x0, 0xd, 0xf6,
    0x0, 0x6, 0xfe, 0x0, 0x0, 0x5, 0xfe, 0x0,
    0x0, 0xe, 0xf6, 0x0, 0x0, 0xdf, 0x70, 0x0,
    0x0, 0x7f, 0xd0, 0x0, 0x4f, 0xf1, 0x0, 0x0,
    0x0, 0xff, 0x50, 0xc, 0xf9, 0x0, 0x0, 0x0,
    0x8, 0xfd, 0x0,

    /* U+005F "_" */
    0xdd, 0xdd, 0xdd, 0xdd, 0xdd, 0xdd, 0xdd, 0xdb,
    0xff, 0xff, 0xff, 0xff, 0xff, 0xff, 0xff, 0xfd,

    /* U+0060 "`" */
    0x0, 0x0, 0x0, 0x0, 0x29, 0xf5, 0x0, 0x1e,
    0xff, 0xf2, 0x0, 0x1b, 0xff, 0xc0, 0x0, 0x8,
    0xdb, 0x40,

    /* U+0061 "a" */
    0x0, 0x5, 0xad, 0xff, 0xec, 0x70, 0x0, 0x5,
    0xdf, 0xff, 0xff, 0xff, 0xfd, 0x10, 0x9, 0xff,
    0xd9, 0x78, 0xcf, 0xff, 0xc0, 0x1, 0xb4, 0x0,
    0x0, 0x7, 0xff, 0xf3, 0x0, 0x0, 0x0, 0x0,
    0x0, 0xef, 0xf6, 0x0, 0x0, 0x0, 0x0, 0x0,
    0xbf, 0xf7, 0x0, 0x5b, 0xef, 0xff, 0xff, 0xff,
    0xf7, 0xa, 0xff, 0xff, 0xff, 0xff, 0xff, 0xf7,
    0x6f, 0xff, 0x84, 0x44, 0x44, 0xcf, 0xf7, 0xcf,
    0xf5, 0x0, 0x0, 0x0, 0xbf, 0xf7, 0xdf, 0xf3,
    0x0, 0x0, 0x0, 0xef, 0xf7, 0xbf, 0xf9, 0x0,
    0x0, 0x1b, 0xff, 0xf7, 0x5f, 0xff, 0xc8, 0x7a,
    0xff, 0xff, 0xf7, 0x8, 0xff, 0xff, 0xff, 0xfc,
    0xcf, 0xf7, 0x0, 0x4b, 0xef, 0xeb, 0x60, 0xbf,
    0xf7,

    /* U+0062 "b" */
    0x7f, 0xfb, 0x0, 0x0, 0x0, 0x0, 0x0, 0x0,
    0x7, 0xff, 0xb0, 0x0, 0x0, 0x0, 0x0, 0x0,
    0x0, 0x7f, 0xfb, 0x0, 0x0, 0x0, 0x0, 0x0,
    0x0, 0x7, 0xff, 0xb0, 0x0, 0x0, 0x0, 0x0,
    0x0, 0x0, 0x7f, 0xfb, 0x0, 0x0, 0x0, 0x0,
    0x0, 0x0, 0x7, 0xff, 0xb0, 0x0, 0x0, 0x0,
    0x0, 0x0, 0x0, 0x7f, 0xfb, 0x2, 0x9d, 0xff,
    0xd9, 0x20, 0x0, 0x7, 0xff, 0xb4, 0xff, 0xff,
    0xff, 0xff, 0x70, 0x0, 0x7f, 0xfd, 0xff, 0xea,
    0x9b, 0xff, 0xff, 0x60, 0x7, 0xff, 0xff, 0x80,
    0x0, 0x2, 0xdf, 0xff, 0x20, 0x7f, 0xff, 0x90,
    0x0, 0x0, 0x1, 0xff, 0xf8, 0x7, 0xff, 0xf1,
    0x0, 0x0, 0x0, 0x8, 0xff, 0xd0, 0x7f, 0xfd,
    0x0, 0x0, 0x0, 0x0, 0x4f, 0xff, 0x7, 0xff,
    0xc0, 0x0, 0x0, 0x0, 0x3, 0xff, 0xf0, 0x7f,
    0xfd, 0x0, 0x0, 0x0, 0x0, 0x4f, 0xff, 0x7,
    0xff, 0xf1, 0x0, 0x0, 0x0, 0x8, 0xff, 0xd0,
    0x7f, 0xff, 0x90, 0x0, 0x0, 0x2, 0xff, 0xf9,
    0x7, 0xff, 0xff, 0x80, 0x0, 0x3, 0xdf, 0xff,
    0x20, 0x7f, 0xfd, 0xff, 0xea, 0xac, 0xff, 0xff,
    0x70, 0x7, 0xff, 0xb4, 0xff, 0xff, 0xff, 0xff,
    0x70, 0x0, 0x7f, 0xfb, 0x2, 0x9d, 0xff, 0xd9,
    0x20, 0x0, 0x0,

    /* U+0063 "c" */
    0x0, 0x0, 0x17, 0xcf, 0xff, 0xd9, 0x30, 0x0,
    0x0, 0x4e, 0xff, 0xff, 0xff, 0xff, 0xa0, 0x0,
    0x4f, 0xff, 0xfd, 0xbb, 0xef, 0xff, 0x60, 0x1e,
    0xff, 0xd3, 0x0, 0x0, 0x5e, 0xa0, 0x7, 0xff,
    0xf1, 0x0, 0x0, 0x0, 0x10, 0x0, 0xcf, 0xf8,
    0x0, 0x0, 0x0, 0x0, 0x0, 0xf, 0xff, 0x40,
    0x0, 0x0, 0x0, 0x0, 0x0, 0xff, 0xf3, 0x0,
    0x0, 0x0, 0x0, 0x0, 0xf, 0xff, 0x40, 0x0,
    0x0, 0x0, 0x0, 0x0, 0xcf, 0xf8, 0x0, 0x0,
    0x0, 0x0, 0x0, 0x7, 0xff, 0xe1, 0x0, 0x0,
    0x0, 0x11, 0x0, 0x1e, 0xff, 0xd2, 0x0, 0x0,
    0x3d, 0xd1, 0x0, 0x4f, 0xff, 0xfc, 0xaa, 0xdf,
    0xff, 0x80, 0x0, 0x4e, 0xff, 0xff, 0xff, 0xff,
    0x80, 0x0, 0x0, 0x17, 0xcf, 0xff, 0xc8, 0x20,
    0x0,

    /* U+0064 "d" */
    0x0, 0x0, 0x0, 0x0, 0x0, 0x0, 0xa, 0xff,
    0x90, 0x0, 0x0, 0x0, 0x0, 0x0, 0x0, 0xaf,
    0xf9, 0x0, 0x0, 0x0, 0x0, 0x0, 0x0, 0xa,
    0xff, 0x90, 0x0, 0x0, 0x0, 0x0, 0x0, 0x0,
    0xaf, 0xf9, 0x0, 0x0, 0x0, 0x0, 0x0, 0x0,
    0xa, 0xff, 0x90, 0x0, 0x0, 0x0, 0x0, 0x0,
    0x0, 0xaf, 0xf9, 0x0, 0x0, 0x29, 0xdf, 0xfd,
    0x92, 0xa, 0xff, 0x90, 0x0, 0x6f, 0xff, 0xff,
    0xff, 0xf5, 0xaf, 0xf9, 0x0, 0x6f, 0xff, 0xfc,
    0xaa, 0xef, 0xfd, 0xff, 0x90, 0x1f, 0xff, 0xe3,
    0x0, 0x0, 0x8f, 0xff, 0xf9, 0x8, 0xff, 0xf2,
    0x0, 0x0, 0x0, 0x8f, 0xff, 0x90, 0xcf, 0xf9,
    0x0, 0x0, 0x0, 0x0, 0xff, 0xf9, 0xf, 0xff,
    0x50, 0x0, 0x0, 0x0, 0xc, 0xff, 0x90, 0xff,
    0xf3, 0x0, 0x0, 0x0, 0x0, 0xcf, 0xf9, 0xf,
    0xff, 0x40, 0x0, 0x0, 0x0, 0xc, 0xff, 0x90,
    0xcf, 0xf9, 0x0, 0x0, 0x0, 0x0, 0xff, 0xf9,
    0x7, 0xff, 0xf2, 0x0, 0x0, 0x0, 0x7f, 0xff,
    0x90, 0x1f, 0xff, 0xd2, 0x0, 0x0, 0x7f, 0xff,
    0xf9, 0x0, 0x6f, 0xff, 0xfb, 0x99, 0xdf, 0xfd,
    0xff, 0x90, 0x0, 0x6f, 0xff, 0xff, 0xff, 0xf5,
    0xaf, 0xf9, 0x0, 0x0, 0x28, 0xdf, 0xfd, 0x92,
    0xa, 0xff, 0x90,

    /* U+0065 "e" */
    0x0, 0x0, 0x17, 0xce, 0xff, 0xc8, 0x10, 0x0,
    0x0, 0x4, 0xef, 0xff, 0xff, 0xff, 0xf4, 0x0,
    0x0, 0x4f, 0xff, 0xe8, 0x78, 0xdf, 0xff, 0x20,
    0x1, 0xef, 0xf9, 0x0, 0x0, 0x9, 0xff, 0xb0,
    0x7, 0xff, 0xc0, 0x0, 0x0, 0x0, 0xdf, 0xf1,
    0xc, 0xff, 0x50, 0x0, 0x0, 0x0, 0x7f, 0xf5,
    0xf, 0xff, 0x64, 0x44, 0x44, 0x44, 0x8f, 0xf7,
    0xf, 0xff, 0xff, 0xff, 0xff, 0xff, 0xff, 0xf8,
    0xf, 0xff, 0xff, 0xff, 0xff, 0xff, 0xff, 0xf8,
    0xc, 0xff, 0x70, 0x0, 0x0, 0x0, 0x0, 0x0,
    0x7, 0xff, 0xe1, 0x0, 0x0, 0x0, 0x0, 0x0,
    0x1, 0xef, 0xfc, 0x10, 0x0, 0x1, 0xaa, 0x0,
    0x0, 0x4f, 0xff, 0xfa, 0x78, 0xaf, 0xff, 0x70,
    0x0, 0x4, 0xef, 0xff, 0xff, 0xff, 0xf8, 0x0,
    0x0, 0x0, 0x17, 0xce, 0xff, 0xd8, 0x20, 0x0,

    /* U+0066 "f" */
    0x0, 0x0, 0x5c, 0xff, 0xc5, 0x0, 0xa, 0xff,
    0xff, 0xf8, 0x0, 0x6f, 0xff, 0xcb, 0xe4, 0x0,
    0xcf, 0xf8, 0x0, 0x0, 0x0, 0xff, 0xf3, 0x0,
    0x0, 0x0, 0xff, 0xf3, 0x0, 0x0, 0x44, 0xff,
    0xf7, 0x44, 0x40, 0xff, 0xff, 0xff, 0xff, 0xf1,
    0xff, 0xff, 0xff, 0xff, 0xf1, 0x0, 0xff, 0xf3,
    0x0, 0x0, 0x0, 0xff, 0xf3, 0x0, 0x0, 0x0,
    0xff, 0xf3, 0x0, 0x0, 0x0, 0xff, 0xf3, 0x0,
    0x0, 0x0, 0xff, 0xf3, 0x0, 0x0, 0x0, 0xff,
    0xf3, 0x0, 0x0, 0x0, 0xff, 0xf3, 0x0, 0x0,
    0x0, 0xff, 0xf3, 0x0, 0x0, 0x0, 0xff, 0xf3,
    0x0, 0x0, 0x0, 0xff, 0xf3, 0x0, 0x0, 0x0,
    0xff, 0xf3, 0x0, 0x0, 0x0, 0xff, 0xf3, 0x0,
    0x0,

    /* U+0067 "g" */
    0x0, 0x0, 0x4b, 0xef, 0xfc, 0x50, 0x6f, 0xfd,
    0x0, 0xa, 0xff, 0xff, 0xff, 0xfb, 0x6f, 0xfd,
    0x0, 0xaf, 0xff, 0xc7, 0x68, 0xef, 0xef, 0xfd,
    0x4, 0xff, 0xf6, 0x0, 0x0, 0xb, 0xff, 0xfd,
    0xa, 0xff, 0xa0, 0x0, 0x0, 0x0, 0xef, 0xfd,
    0xe, 0xff, 0x30, 0x0, 0x0, 0x0, 0x9f, 0xfd,
    0xf, 0xff, 0x0, 0x0, 0x0, 0x0, 0x8f, 0xfd,
    0xf, 0xff, 0x0, 0x0, 0x0, 0x0, 0x8f, 0xfd,
    0xe, 0xff, 0x30, 0x0, 0x0, 0x0, 0x9f, 0xfd,
    0xa, 0xff, 0xa0, 0x0, 0x0, 0x1, 0xff, 0xfd,
    0x3, 0xff, 0xf7, 0x0, 0x0, 0x1b, 0xff, 0xfd,
    0x0, 0x9f, 0xff, 0xc7, 0x68, 0xef, 0xef, 0xfd,
    0x0, 0xa, 0xff, 0xff, 0xff, 0xfc, 0x6f, 0xfd,
    0x0, 0x0, 0x4a, 0xef, 0xfc, 0x60, 0x6f, 0xfc,
    0x0, 0x0, 0x0, 0x0, 0x0, 0x0, 0x9f, 0xfb,
    0x0, 0x0, 0x0, 0x0, 0x0, 0x1, 0xef, 0xf7,
    0x0, 0x2d, 0x50, 0x0, 0x0, 0x2c, 0xff, 0xf1,
    0x0, 0xbf, 0xfe, 0xa8, 0x8b, 0xff, 0xff, 0x50,
    0x0, 0x6e, 0xff, 0xff, 0xff, 0xff, 0xe5, 0x0,
    0x0, 0x0, 0x5a, 0xdf, 0xfe, 0xb6, 0x10, 0x0,

    /* U+0068 "h" */
    0x7f, 0xfb, 0x0, 0x0, 0x0, 0x0, 0x0, 0x7,
    0xff, 0xb0, 0x0, 0x0, 0x0, 0x0, 0x0, 0x7f,
    0xfb, 0x0, 0x0, 0x0, 0x0, 0x0, 0x7, 0xff,
    0xb0, 0x0, 0x0, 0x0, 0x0, 0x0, 0x7f, 0xfb,
    0x0, 0x0, 0x0, 0x0, 0x0, 0x7, 0xff, 0xb0,
    0x0, 0x0, 0x0, 0x0, 0x0, 0x7f, 0xfb, 0x1,
    0x8d, 0xff, 0xe9, 0x20, 0x7, 0xff, 0xb3, 0xef,
    0xff, 0xff, 0xff, 0x40, 0x7f, 0xfc, 0xef, 0xfe,
    0xef, 0xff, 0xff, 0x17, 0xff, 0xff, 0xa2, 0x0,
    0x2c, 0xff, 0xf7, 0x7f, 0xff, 0xa0, 0x0, 0x0,
    0xe, 0xff, 0xb7, 0xff, 0xf1, 0x0, 0x0, 0x0,
    0x8f, 0xfc, 0x7f, 0xfd, 0x0, 0x0, 0x0, 0x6,
    0xff, 0xc7, 0xff, 0xb0, 0x0, 0x0, 0x0, 0x6f,
    0xfc, 0x7f, 0xfb, 0x0, 0x0, 0x0, 0x6, 0xff,
    0xc7, 0xff, 0xb0, 0x0, 0x0, 0x0, 0x6f, 0xfc,
    0x7f, 0xfb, 0x0, 0x0, 0x0, 0x6, 0xff, 0xc7,
    0xff, 0xb0, 0x0, 0x0, 0x0, 0x6f, 0xfc, 0x7f,
    0xfb, 0x0, 0x0, 0x0, 0x6, 0xff, 0xc7, 0xff,
    0xb0, 0x0, 0x0, 0x0, 0x6f, 0xfc, 0x7f, 0xfb,
    0x0, 0x0, 0x0, 0x6, 0xff, 0xc0,

    /* U+0069 "i" */
    0x4e, 0xe4, 0xdf, 0xfc, 0xcf, 0xfb, 0x2a, 0xa1,
    0x0, 0x0, 0x0, 0x0, 0xaf, 0xf9, 0xaf, 0xf9,
    0xaf, 0xf9, 0xaf, 0xf9, 0xaf, 0xf9, 0xaf, 0xf9,
    0xaf, 0xf9, 0xaf, 0xf9, 0xaf, 0xf9, 0xaf, 0xf9,
    0xaf, 0xf9, 0xaf, 0xf9, 0xaf, 0xf9, 0xaf, 0xf9,
    0xaf, 0xf9,

    /* U+006A "j" */
    0x0, 0x0, 0x5e, 0xe4, 0x0, 0x0, 0xdf, 0xfc,
    0x0, 0x0, 0xcf, 0xfb, 0x0, 0x0, 0x2a, 0xa1,
    0x0, 0x0, 0x0, 0x0, 0x0, 0x0, 0x0, 0x0,
    0x0, 0x0, 0xaf, 0xf9, 0x0, 0x0, 0xaf, 0xf9,
    0x0, 0x0, 0xaf, 0xf9, 0x0, 0x0, 0xaf, 0xf9,
    0x0, 0x0, 0xaf, 0xf9, 0x0, 0x0, 0xaf, 0xf9,
    0x0, 0x0, 0xaf, 0xf9, 0x0, 0x0, 0xaf, 0xf9,
    0x0, 0x0, 0xaf, 0xf9, 0x0, 0x0, 0xaf, 0xf9,
    0x0, 0x0, 0xaf, 0xf9, 0x0, 0x0, 0xaf, 0xf9,
    0x0, 0x0, 0xaf, 0xf9, 0x0, 0x0, 0xaf, 0xf9,
    0x0, 0x0, 0xaf, 0xf9, 0x0, 0x0, 0xbf, 0xf9,
    0x0, 0x1, 0xff, 0xf7, 0x1a, 0x8d, 0xff, 0xf2,
    0x6f, 0xff, 0xff, 0x90, 0x6d, 0xff, 0xc6, 0x0,

    /* U+006B "k" */
    0x7f, 0xfb, 0x0, 0x0, 0x0, 0x0, 0x0, 0x7,
    0xff, 0xb0, 0x0, 0x0, 0x0, 0x0, 0x0, 0x7f,
    0xfb, 0x0, 0x0, 0x0, 0x0, 0x0, 0x7, 0xff,
    0xb0, 0x0, 0x0, 0x0, 0x0, 0x0, 0x7f, 0xfb,
    0x0, 0x0, 0x0, 0x0, 0x0, 0x7, 0xff, 0xb0,
    0x0, 0x0, 0x0, 0x0, 0x0, 0x7f, 0xfb, 0x0,
    0x0, 0x3, 0xff, 0xf8, 0x7, 0xff, 0xb0, 0x0,
    0x3, 0xef, 0xf9, 0x0, 0x7f, 0xfb, 0x0, 0x2,
    0xef, 0xf9, 0x0, 0x7, 0xff, 0xb0, 0x2, 0xef,
    0xfa, 0x0, 0x0, 0x7f, 0xfb, 0x1, 0xef, 0xfb,
    0x0, 0x0, 0x7, 0xff, 0xb1, 0xdf, 0xfc, 0x0,
    0x0, 0x0, 0x7f, 0xfc, 0xdf, 0xff, 0xe0, 0x0,
    0x0, 0x7, 0xff, 0xff, 0xff, 0xff, 0x90, 0x0,
    0x0, 0x7f, 0xff, 0xfd, 0x7f, 0xff, 0x30, 0x0,
    0x7, 0xff, 0xfd, 0x10, 0xcf, 0xfd, 0x0, 0x0,
    0x7f, 0xfe, 0x10, 0x3, 0xff, 0xf8, 0x0, 0x7,
    0xff, 0xb0, 0x0, 0x9, 0xff, 0xf3, 0x0, 0x7f,
    0xfb, 0x0, 0x0, 0xe, 0xff, 0xc0, 0x7, 0xff,
    0xb0, 0x0, 0x0, 0x5f, 0xff, 0x70, 0x7f, 0xfb,
    0x0, 0x0, 0x0, 0xbf, 0xff, 0x20,

    /* U+006C "l" */
    0x7f, 0xfb, 0x7f, 0xfb, 0x7f, 0xfb, 0x7f, 0xfb,
    0x7f, 0xfb, 0x7f, 0xfb, 0x7f, 0xfb, 0x7f, 0xfb,
    0x7f, 0xfb, 0x7f, 0xfb, 0x7f, 0xfb, 0x7f, 0xfb,
    0x7f, 0xfb, 0x7f, 0xfb, 0x7f, 0xfb, 0x7f, 0xfb,
    0x7f, 0xfb, 0x7f, 0xfb, 0x7f, 0xfb, 0x7f, 0xfb,
    0x7f, 0xfb,

    /* U+006D "m" */
    0xaf, 0xf9, 0x2, 0x9d, 0xff, 0xd7, 0x0, 0x0,
    0x3a, 0xef, 0xfc, 0x60, 0x0, 0xaf, 0xf9, 0x5f,
    0xff, 0xff, 0xff, 0xd1, 0x7, 0xff, 0xff, 0xff,
    0xfb, 0x0, 0xaf, 0xfb, 0xff, 0xfe, 0xff, 0xff,
    0xfa, 0x4f, 0xff, 0xef, 0xff, 0xff, 0x70, 0xaf,
    0xff, 0xf8, 0x0, 0x4, 0xef, 0xff, 0xef, 0x60,
    0x0, 0x6f, 0xff, 0xe0, 0xaf, 0xff, 0x80, 0x0,
    0x0, 0x4f, 0xff, 0xf5, 0x0, 0x0, 0x7, 0xff,
    0xf2, 0xaf, 0xfe, 0x0, 0x0, 0x0, 0xe, 0xff,
    0xd0, 0x0, 0x0, 0x1, 0xff, 0xf4, 0xaf, 0xfb,
    0x0, 0x0, 0x0, 0xc, 0xff, 0x80, 0x0, 0x0,
    0x0, 0xff, 0xf4, 0xaf, 0xfa, 0x0, 0x0, 0x0,
    0xc, 0xff, 0x70, 0x0, 0x0, 0x0, 0xff, 0xf4,
    0xaf, 0xf9, 0x0, 0x0, 0x0, 0xc, 0xff, 0x70,
    0x0, 0x0, 0x0, 0xff, 0xf4, 0xaf, 0xf9, 0x0,
    0x0, 0x0, 0xc, 0xff, 0x70, 0x0, 0x0, 0x0,
    0xff, 0xf4, 0xaf, 0xf9, 0x0, 0x0, 0x0, 0xc,
    0xff, 0x70, 0x0, 0x0, 0x0, 0xff, 0xf4, 0xaf,
    0xf9, 0x0, 0x0, 0x0, 0xc, 0xff, 0x70, 0x0,
    0x0, 0x0, 0xff, 0xf4, 0xaf, 0xf9, 0x0, 0x0,
    0x0, 0xc, 0xff, 0x70, 0x0, 0x0, 0x0, 0xff,
    0xf4, 0xaf, 0xf9, 0x0, 0x0, 0x0, 0xc, 0xff,
    0x70, 0x0, 0x0, 0x0, 0xff, 0xf4, 0xaf, 0xf9,
    0x0, 0x0, 0x0, 0xc, 0xff, 0x70, 0x0, 0x0,
    0x0, 0xff, 0xf4,

    /* U+006E "n" */
    0xaf, 0xf9, 0x2, 0x9d, 0xff, 0xd8, 0x10, 0xa,
    0xff, 0x95, 0xff, 0xff, 0xff, 0xfe, 0x20, 0xaf,
    0xfb, 0xff, 0xfe, 0xff, 0xff, 0xfd, 0xa, 0xff,
    0xff, 0x91, 0x0, 0x3d, 0xff, 0xf4, 0xaf, 0xff,
    0x80, 0x0, 0x0, 0x2f, 0xff, 0x8a, 0xff, 0xf0,
    0x0, 0x0, 0x0, 0xbf, 0xf9, 0xaf, 0xfb, 0x0,
    0x0, 0x0, 0x9, 0xff, 0xaa, 0xff, 0xa0, 0x0,
    0x0, 0x0, 0x9f, 0xfa, 0xaf, 0xf9, 0x0, 0x0,
    0x0, 0x9, 0xff, 0xaa, 0xff, 0x90, 0x0, 0x0,
    0x0, 0x9f, 0xfa, 0xaf, 0xf9, 0x0, 0x0, 0x0,
    0x9, 0xff, 0xaa, 0xff, 0x90, 0x0, 0x0, 0x0,
    0x9f, 0xfa, 0xaf, 0xf9, 0x0, 0x0, 0x0, 0x9,
    0xff, 0xaa, 0xff, 0x90, 0x0, 0x0, 0x0, 0x9f,
    0xfa, 0xaf, 0xf9, 0x0, 0x0, 0x0, 0x9, 0xff,
    0xa0,

    /* U+006F "o" */
    0x0, 0x0, 0x6, 0xbe, 0xff, 0xd9, 0x30, 0x0,
    0x0, 0x0, 0x3e, 0xff, 0xff, 0xff, 0xff, 0x90,
    0x0, 0x0, 0x4f, 0xff, 0xfc, 0xaa, 0xef, 0xff,
    0xb0, 0x0, 0x1e, 0xff, 0xd3, 0x0, 0x0, 0x8f,
    0xff, 0x70, 0x7, 0xff, 0xf2, 0x0, 0x0, 0x0,
    0x9f, 0xfe, 0x0, 0xcf, 0xf8, 0x0, 0x0, 0x0,
    0x1, 0xff, 0xf4, 0xf, 0xff, 0x40, 0x0, 0x0,
    0x0, 0xc, 0xff, 0x70, 0xff, 0xf3, 0x0, 0x0,
    0x0, 0x0, 0xbf, 0xf8, 0xf, 0xff, 0x40, 0x0,
    0x0, 0x0, 0xc, 0xff, 0x70, 0xcf, 0xf8, 0x0,
    0x0, 0x0, 0x1, 0xff, 0xf4, 0x7, 0xff, 0xe1,
    0x0, 0x0, 0x0, 0x8f, 0xfe, 0x0, 0xe, 0xff,
    0xd2, 0x0, 0x0, 0x7f, 0xff, 0x70, 0x0, 0x4f,
    0xff, 0xfb, 0x99, 0xdf, 0xff, 0xb0, 0x0, 0x0,
    0x3e, 0xff, 0xff, 0xff, 0xff, 0x90, 0x0, 0x0,
    0x0, 0x6, 0xbe, 0xff, 0xd9, 0x30, 0x0, 0x0,

    /* U+0070 "p" */
    0x7f, 0xfb, 0x2, 0x9d, 0xff, 0xd9, 0x20, 0x0,
    0x7, 0xff, 0xb4, 0xff, 0xff, 0xff, 0xff, 0x70,
    0x0, 0x7f, 0xfd, 0xff, 0xea, 0x9b, 0xff, 0xff,
    0x60, 0x7, 0xff, 0xff, 0x80, 0x0, 0x2, 0xdf,
    0xff, 0x20, 0x7f, 0xff, 0x90, 0x0, 0x0, 0x1,
    0xff, 0xf8, 0x7, 0xff, 0xf1, 0x0, 0x0, 0x0,
    0x8, 0xff, 0xd0, 0x7f, 0xfd, 0x0, 0x0, 0x0,
    0x0, 0x4f, 0xff, 0x7, 0xff, 0xc0, 0x0, 0x0,
    0x0, 0x3, 0xff, 0xf0, 0x7f, 0xfd, 0x0, 0x0,
    0x0, 0x0, 0x4f, 0xff, 0x7, 0xff, 0xf1, 0x0,
    0x0, 0x0, 0x8, 0xff, 0xd0, 0x7f, 0xff, 0x90,
    0x0, 0x0, 0x2, 0xff, 0xf9, 0x7, 0xff, 0xff,
    0x80, 0x0, 0x3, 0xdf, 0xff, 0x20, 0x7f, 0xfd,
    0xff, 0xea, 0xac, 0xff, 0xff, 0x70, 0x7, 0xff,
    0xb4, 0xff, 0xff, 0xff, 0xff, 0x70, 0x0, 0x7f,
    0xfb, 0x2, 0x9d, 0xff, 0xd9, 0x20, 0x0, 0x7,
    0xff, 0xb0, 0x0, 0x0, 0x0, 0x0, 0x0, 0x0,
    0x7f, 0xfb, 0x0, 0x0, 0x0, 0x0, 0x0, 0x0,
    0x7, 0xff, 0xb0, 0x0, 0x0, 0x0, 0x0, 0x0,
    0x0, 0x7f, 0xfb, 0x0, 0x0, 0x0, 0x0, 0x0,
    0x0, 0x7, 0xff, 0xb0, 0x0, 0x0, 0x0, 0x0,
    0x0, 0x0,

    /* U+0071 "q" */
    0x0, 0x0, 0x29, 0xdf, 0xfd, 0x92, 0xa, 0xff,
    0x90, 0x0, 0x6f, 0xff, 0xff, 0xff, 0xf5, 0xaf,
    0xf9, 0x0, 0x6f, 0xff, 0xfc, 0xaa, 0xef, 0xfd,
    0xff, 0x90, 0x1f, 0xff, 0xe3, 0x0, 0x0, 0x8f,
    0xff, 0xf9, 0x8, 0xff, 0xf2, 0x0, 0x0, 0x0,
    0x8f, 0xff, 0x90, 0xcf, 0xf9, 0x0, 0x0, 0x0,
    0x0, 0xff, 0xf9, 0xf, 0xff, 0x50, 0x0, 0x0,
    0x0, 0xc, 0xff, 0x90, 0xff, 0xf3, 0x0, 0x0,
    0x0, 0x0, 0xcf, 0xf9, 0xf, 0xff, 0x40, 0x0,
    0x0, 0x0, 0xc, 0xff, 0x90, 0xcf, 0xf9, 0x0,
    0x0, 0x0, 0x0, 0xff, 0xf9, 0x7, 0xff, 0xf2,
    0x0, 0x0, 0x0, 0x7f, 0xff, 0x90, 0x1f, 0xff,
    0xd2, 0x0, 0x0, 0x7f, 0xff, 0xf9, 0x0, 0x6f,
    0xff, 0xfb, 0x99, 0xdf, 0xfd, 0xff, 0x90, 0x0,
    0x6f, 0xff, 0xff, 0xff, 0xf5, 0xaf, 0xf9, 0x0,
    0x0, 0x28, 0xdf, 0xfd, 0x92, 0xa, 0xff, 0x90,
    0x0, 0x0, 0x0, 0x0, 0x0, 0x0, 0xaf, 0xf9,
    0x0, 0x0, 0x0, 0x0, 0x0, 0x0, 0xa, 0xff,
    0x90, 0x0, 0x0, 0x0, 0x0, 0x0, 0x0, 0xaf,
    0xf9, 0x0, 0x0, 0x0, 0x0, 0x0, 0x0, 0xa,
    0xff, 0x90, 0x0, 0x0, 0x0, 0x0, 0x0, 0x0,
    0xaf, 0xf9,

    /* U+0072 "r" */
    0xaf, 0xf9, 0x2, 0x9e, 0xba, 0xff, 0x94, 0xff,
    0xfc, 0xaf, 0xfb, 0xff, 0xff, 0xaa, 0xff, 0xff,
    0xd4, 0x0, 0xaf, 0xff, 0xb0, 0x0, 0xa, 0xff,
    0xf1, 0x0, 0x0, 0xaf, 0xfc, 0x0, 0x0, 0xa,
    0xff, 0xa0, 0x0, 0x0, 0xaf, 0xf9, 0x0, 0x0,
    0xa, 0xff, 0x90, 0x0, 0x0, 0xaf, 0xf9, 0x0,
    0x0, 0xa, 0xff, 0x90, 0x0, 0x0, 0xaf, 0xf9,
    0x0, 0x0, 0xa, 0xff, 0x90, 0x0, 0x0, 0xaf,
    0xf9, 0x0, 0x0, 0x0,

    /* U+0073 "s" */
    0x0, 0x4, 0xae, 0xff, 0xda, 0x40, 0x0, 0x9,
    0xff, 0xff, 0xff, 0xff, 0xc0, 0x4, 0xff, 0xfa,
    0x78, 0xcf, 0xf8, 0x0, 0x9f, 0xf8, 0x0, 0x0,
    0x18, 0x10, 0xa, 0xff, 0x80, 0x0, 0x0, 0x0,
    0x0, 0x7f, 0xff, 0x92, 0x0, 0x0, 0x0, 0x1,
    0xef, 0xff, 0xfe, 0x92, 0x0, 0x0, 0x1, 0xbf,
    0xff, 0xff, 0xfa, 0x0, 0x0, 0x0, 0x27, 0xcf,
    0xff, 0xfb, 0x0, 0x0, 0x0, 0x0, 0x2a, 0xff,
    0xf2, 0x0, 0x0, 0x0, 0x0, 0xe, 0xff, 0x40,
    0xaa, 0x20, 0x0, 0x0, 0xff, 0xf3, 0x3f, 0xff,
    0xc8, 0x67, 0xdf, 0xfd, 0x0, 0x9f, 0xff, 0xff,
    0xff, 0xfe, 0x30, 0x0, 0x28, 0xce, 0xff, 0xc7,
    0x10, 0x0,

    /* U+0074 "t" */
    0x0, 0x8, 0x88, 0x10, 0x0, 0x0, 0x0, 0xff,
    0xf2, 0x0, 0x0, 0x0, 0xf, 0xff, 0x20, 0x0,
    0x0, 0x0, 0xff, 0xf2, 0x0, 0x0, 0x4, 0x5f,
    0xff, 0x64, 0x44, 0x22, 0xff, 0xff, 0xff, 0xff,
    0xf9, 0x2f, 0xff, 0xff, 0xff, 0xff, 0x90, 0x0,
    0xff, 0xf2, 0x0, 0x0, 0x0, 0xf, 0xff, 0x20,
    0x0, 0x0, 0x0, 0xff, 0xf2, 0x0, 0x0, 0x0,
    0xf, 0xff, 0x20, 0x0, 0x0, 0x0, 0xff, 0xf2,
    0x0, 0x0, 0x0, 0xf, 0xff, 0x20, 0x0, 0x0,
    0x0, 0xff, 0xf2, 0x0, 0x0, 0x0, 0xf, 0xff,
    0x20, 0x0, 0x0, 0x0, 0xff, 0xf7, 0x0, 0x30,
    0x0, 0xc, 0xff, 0xfd, 0xef, 0x50, 0x0, 0x3f,
    0xff, 0xff, 0xfa, 0x0, 0x0, 0x3b, 0xff, 0xd8,
    0x10,

    /* U+0075 "u" */
    0x1f, 0xff, 0x20, 0x0, 0x0, 0x5, 0xff, 0xe1,
    0xff, 0xf2, 0x0, 0x0, 0x0, 0x5f, 0xfe, 0x1f,
    0xff, 0x20, 0x0, 0x0, 0x5, 0xff, 0xe1, 0xff,
    0xf2, 0x0, 0x0, 0x0, 0x5f, 0xfe, 0x1f, 0xff,
    0x20, 0x0, 0x0, 0x5, 0xff, 0xe1, 0xff, 0xf2,
    0x0, 0x0, 0x0, 0x5f, 0xfe, 0x1f, 0xff, 0x20,
    0x0, 0x0, 0x5, 0xff, 0xe1, 0xff, 0xf2, 0x0,
    0x0, 0x0, 0x5f, 0xfe, 0x1f, 0xff, 0x20, 0x0,
    0x0, 0x7, 0xff, 0xe1, 0xff, 0xf4, 0x0, 0x0,
    0x0, 0xbf, 0xfe, 0xf, 0xff, 0xa0, 0x0, 0x0,
    0x3f, 0xff, 0xe0, 0xcf, 0xff, 0x81, 0x0, 0x5e,
    0xff, 0xfe, 0x5, 0xff, 0xff, 0xfe, 0xff, 0xfb,
    0xff, 0xe0, 0x8, 0xff, 0xff, 0xff, 0xf9, 0x5f,
    0xfe, 0x0, 0x4, 0xbe, 0xfe, 0xb4, 0x5, 0xff,
    0xe0,

    /* U+0076 "v" */
    0xcf, 0xf9, 0x0, 0x0, 0x0, 0x8, 0xff, 0xa6,
    0xff, 0xe0, 0x0, 0x0, 0x0, 0xef, 0xf4, 0xf,
    0xff, 0x40, 0x0, 0x0, 0x3f, 0xfe, 0x0, 0x9f,
    0xf9, 0x0, 0x0, 0x9, 0xff, 0x80, 0x3, 0xff,
    0xe0, 0x0, 0x0, 0xef, 0xf2, 0x0, 0xd, 0xff,
    0x40, 0x0, 0x4f, 0xfc, 0x0, 0x0, 0x7f, 0xfa,
    0x0, 0x9, 0xff, 0x50, 0x0, 0x1, 0xff, 0xf0,
    0x0, 0xef, 0xf0, 0x0, 0x0, 0xb, 0xff, 0x50,
    0x4f, 0xf9, 0x0, 0x0, 0x0, 0x5f, 0xfa, 0x9,
    0xff, 0x30, 0x0, 0x0, 0x0, 0xef, 0xf1, 0xef,
    0xd0, 0x0, 0x0, 0x0, 0x8, 0xff, 0xaf, 0xf7,
    0x0, 0x0, 0x0, 0x0, 0x2f, 0xff, 0xff, 0x10,
    0x0, 0x0, 0x0, 0x0, 0xcf, 0xff, 0xb0, 0x0,
    0x0, 0x0, 0x0, 0x6, 0xff, 0xf5, 0x0, 0x0,
    0x0,

    /* U+0077 "w" */
    0xcf, 0xf7, 0x0, 0x0, 0x0, 0x3f, 0xff, 0x70,
    0x0, 0x0, 0x4, 0xff, 0xe0, 0x6f, 0xfd, 0x0,
    0x0, 0x0, 0x8f, 0xff, 0xc0, 0x0, 0x0, 0x9,
    0xff, 0x90, 0x1f, 0xff, 0x20, 0x0, 0x0, 0xdf,
    0xff, 0xf1, 0x0, 0x0, 0xe, 0xff, 0x30, 0xb,
    0xff, 0x70, 0x0, 0x2, 0xff, 0xff, 0xf6, 0x0,
    0x0, 0x3f, 0xfd, 0x0, 0x5, 0xff, 0xc0, 0x0,
    0x7, 0xff, 0x6f, 0xfb, 0x0, 0x0, 0x8f, 0xf8,
    0x0, 0x0, 0xef, 0xf1, 0x0, 0xc, 0xff, 0xc,
    0xff, 0x0, 0x0, 0xdf, 0xf2, 0x0, 0x0, 0x9f,
    0xf6, 0x0, 0x1f, 0xfa, 0x7, 0xff, 0x50, 0x3,
    0xff, 0xc0, 0x0, 0x0, 0x3f, 0xfc, 0x0, 0x6f,
    0xf4, 0x2, 0xff, 0xa0, 0x8, 0xff, 0x60, 0x0,
    0x0, 0xd, 0xff, 0x10, 0xbf, 0xf0, 0x0, 0xcf,
    0xf0, 0xd, 0xff, 0x10, 0x0, 0x0, 0x8, 0xff,
    0x60, 0xff, 0xa0, 0x0, 0x7f, 0xf4, 0x2f, 0xfb,
    0x0, 0x0, 0x0, 0x2, 0xff, 0xb5, 0xff, 0x50,
    0x0, 0x2f, 0xf9, 0x7f, 0xf5, 0x0, 0x0, 0x0,
    0x0, 0xcf, 0xfb, 0xff, 0x0, 0x0, 0xc, 0xfe,
    0xcf, 0xf0, 0x0, 0x0, 0x0, 0x0, 0x6f, 0xff,
    0xfa, 0x0, 0x0, 0x7, 0xff, 0xff, 0xa0, 0x0,
    0x0, 0x0, 0x0, 0x1f, 0xff, 0xf5, 0x0, 0x0,
    0x2, 0xff, 0xff, 0x40, 0x0, 0x0, 0x0, 0x0,
    0xa, 0xff, 0xf0, 0x0, 0x0, 0x0, 0xcf, 0xfe,
    0x0, 0x0, 0x0,

    /* U+0078 "x" */
    0xd, 0xff, 0xc0, 0x0, 0x0, 0x2f, 0xff, 0x60,
    0x4, 0xff, 0xf6, 0x0, 0x0, 0xcf, 0xfb, 0x0,
    0x0, 0x9f, 0xff, 0x10, 0x7, 0xff, 0xf1, 0x0,
    0x0, 0xd, 0xff, 0xa0, 0x2f, 0xff, 0x60, 0x0,
    0x0, 0x3, 0xff, 0xf5, 0xbf, 0xfb, 0x0, 0x0,
    0x0, 0x0, 0x9f, 0xff, 0xff, 0xf2, 0x0, 0x0,
    0x0, 0x0, 0xd, 0xff, 0xff, 0x70, 0x0, 0x0,
    0x0, 0x0, 0x8, 0xff, 0xff, 0x10, 0x0, 0x0,
    0x0, 0x0, 0x2f, 0xff, 0xff, 0xb0, 0x0, 0x0,
    0x0, 0x0, 0xdf, 0xfc, 0xff, 0xf5, 0x0, 0x0,
    0x0, 0x8, 0xff, 0xe1, 0x8f, 0xfe, 0x10, 0x0,
    0x0, 0x3f, 0xff, 0x50, 0xd, 0xff, 0xb0, 0x0,
    0x0, 0xdf, 0xfa, 0x0, 0x3, 0xff, 0xf5, 0x0,
    0x9, 0xff, 0xe1, 0x0, 0x0, 0x9f, 0xfe, 0x10,
    0x4f, 0xff, 0x50, 0x0, 0x0, 0x1e, 0xff, 0xb0,

    /* U+0079 "y" */
    0xe, 0xff, 0x60, 0x0, 0x0, 0x0, 0x6f, 0xfc,
    0x0, 0x7f, 0xfc, 0x0, 0x0, 0x0, 0xc, 0xff,
    0x60, 0x1, 0xff, 0xf2, 0x0, 0x0, 0x2, 0xff,
    0xf0, 0x0, 0xa, 0xff, 0x90, 0x0, 0x0, 0x8f,
    0xf9, 0x0, 0x0, 0x3f, 0xff, 0x0, 0x0, 0xe,
    0xff, 0x20, 0x0, 0x0, 0xcf, 0xf6, 0x0, 0x4,
    0xff, 0xc0, 0x0, 0x0, 0x5, 0xff, 0xc0, 0x0,
    0xaf, 0xf5, 0x0, 0x0, 0x0, 0xe, 0xff, 0x20,
    0xf, 0xfe, 0x0, 0x0, 0x0, 0x0, 0x7f, 0xf9,
    0x5, 0xff, 0x80, 0x0, 0x0, 0x0, 0x1, 0xff,
    0xe0, 0xbf, 0xf2, 0x0, 0x0, 0x0, 0x0, 0x9,
    0xff, 0x7f, 0xfb, 0x0, 0x0, 0x0, 0x0, 0x0,
    0x3f, 0xff, 0xff, 0x50, 0x0, 0x0, 0x0, 0x0,
    0x0, 0xcf, 0xff, 0xe0, 0x0, 0x0, 0x0, 0x0,
    0x0, 0x5, 0xff, 0xf8, 0x0, 0x0, 0x0, 0x0,
    0x0, 0x0, 0x1f, 0xff, 0x10, 0x0, 0x0, 0x0,
    0x0, 0x0, 0x8, 0xff, 0xb0, 0x0, 0x0, 0x0,
    0x0, 0x50, 0x4, 0xff, 0xf4, 0x0, 0x0, 0x0,
    0x0, 0x5f, 0xfe, 0xff, 0xfc, 0x0, 0x0, 0x0,
    0x0, 0xd, 0xff, 0xff, 0xfe, 0x20, 0x0, 0x0,
    0x0, 0x0, 0x2a, 0xef, 0xe9, 0x10, 0x0, 0x0,
    0x0, 0x0,

    /* U+007A "z" */
    0x7f, 0xff, 0xff, 0xff, 0xff, 0xff, 0xc7, 0xff,
    0xff, 0xff, 0xff, 0xff, 0xfc, 0x37, 0x77, 0x77,
    0x77, 0xbf, 0xff, 0x60, 0x0, 0x0, 0x0, 0x2e,
    0xff, 0x90, 0x0, 0x0, 0x0, 0xd, 0xff, 0xc0,
    0x0, 0x0, 0x0, 0xb, 0xff, 0xe1, 0x0, 0x0,
    0x0, 0x8, 0xff, 0xf2, 0x0, 0x0, 0x0, 0x5,
    0xff, 0xf5, 0x0, 0x0, 0x0, 0x3, 0xff, 0xf8,
    0x0, 0x0, 0x0, 0x1, 0xef, 0xfa, 0x0, 0x0,
    0x0, 0x0, 0xcf, 0xfd, 0x0, 0x0, 0x0, 0x0,
    0x9f, 0xfe, 0x20, 0x0, 0x0, 0x0, 0x6f, 0xff,
    0xb8, 0x88, 0x88, 0x88, 0x8b, 0xff, 0xff, 0xff,
    0xff, 0xff, 0xff, 0xbf, 0xff, 0xff, 0xff, 0xff,
    0xff, 0xf0,

    /* U+007B "{" */
    0x0, 0x4, 0xbe, 0xfe, 0x0, 0x3f, 0xff, 0xfe,
    0x0, 0x9f, 0xff, 0x96, 0x0, 0xaf, 0xf7, 0x0,
    0x0, 0xaf, 0xf4, 0x0, 0x0, 0xaf, 0xf4, 0x0,
    0x0, 0xaf, 0xf4, 0x0, 0x0, 0xaf, 0xf4, 0x0,
    0x0, 0xaf, 0xf4, 0x0, 0x0, 0xaf, 0xf3, 0x0,
    0x1, 0xef, 0xe0, 0x0, 0xcf, 0xfb, 0x20, 0x0,
    0xcf, 0xf4, 0x0, 0x0, 0x69, 0xff, 0x90, 0x0,
    0x0, 0xbf, 0xf2, 0x0, 0x0, 0xaf, 0xf4, 0x0,
    0x0, 0xaf, 0xf4, 0x0, 0x0, 0xaf, 0xf4, 0x0,
    0x0, 0xaf, 0xf4, 0x0, 0x0, 0xaf, 0xf4, 0x0,
    0x0, 0xaf, 0xf5, 0x0, 0x0, 0xaf, 0xfc, 0x20,
    0x0, 0x6f, 0xff, 0xfe, 0x0, 0xb, 0xff, 0xfe,
    0x0, 0x0, 0x25, 0x66,

    /* U+007C "|" */
    0x0, 0x7, 0xff, 0x7f, 0xf7, 0xff, 0x7f, 0xf7,
    0xff, 0x7f, 0xf7, 0xff, 0x7f, 0xf7, 0xff, 0x7f,
    0xf7, 0xff, 0x7f, 0xf7, 0xff, 0x7f, 0xf7, 0xff,
    0x7f, 0xf7, 0xff, 0x7f, 0xf7, 0xff, 0x7f, 0xf7,
    0xff, 0x7f, 0xf7, 0xff, 0x7f, 0xf7, 0xff, 0x7f,
    0xf0,

    /* U+007D "}" */
    0x4f, 0xfe, 0xa1, 0x0, 0x4, 0xff, 0xff, 0xd0,
    0x0, 0x17, 0xbf, 0xff, 0x30, 0x0, 0x0, 0xcf,
    0xf5, 0x0, 0x0, 0x9, 0xff, 0x50, 0x0, 0x0,
    0x9f, 0xf5, 0x0, 0x0, 0x9, 0xff, 0x50, 0x0,
    0x0, 0x9f, 0xf5, 0x0, 0x0, 0x9, 0xff, 0x50,
    0x0, 0x0, 0x9f, 0xf5, 0x0, 0x0, 0x5, 0xff,
    0x90, 0x0, 0x0, 0x5, 0xef, 0xf8, 0x0, 0x0,
    0x9, 0xff, 0x80, 0x0, 0x1d, 0xfe, 0x84, 0x0,
    0x8, 0xff, 0x60, 0x0, 0x0, 0x9f, 0xf5, 0x0,
    0x0, 0x9, 0xff, 0x50, 0x0, 0x0, 0x9f, 0xf5,
    0x0, 0x0, 0x9, 0xff, 0x50, 0x0, 0x0, 0x9f,
    0xf5, 0x0, 0x0, 0xa, 0xff, 0x50, 0x0, 0x5,
    0xff, 0xf4, 0x0, 0x4f, 0xff, 0xff, 0x10, 0x4,
    0xff, 0xff, 0x60, 0x0, 0x17, 0x65, 0x10, 0x0,
    0x0,

    /* U+007E "~" */
    0x2, 0xcf, 0xd6, 0x0, 0x2f, 0xf1, 0xb, 0xff,
    0xff, 0xd6, 0xaf, 0xf0, 0xf, 0xfa, 0x6d, 0xff,
    0xff, 0xa0, 0x2f, 0xf2, 0x0, 0x7d, 0xfc, 0x10,

    /* U+00A0 " " */

    /* U+060C "،" */
    0x0, 0x76, 0x4, 0xf8, 0xc, 0xf2, 0x4f, 0xd0,
    0xbf, 0xf5, 0xdf, 0xf8, 0x5f, 0xd2,

    /* U+0615 "ؕ" */
    0x5f, 0x80, 0x0, 0x5, 0xfa, 0xcf, 0xb1, 0x5f,
    0xff, 0xff, 0x95, 0xfc, 0x14, 0xfd, 0xef, 0xed,
    0xdf, 0xdf, 0xff, 0xff, 0xfd,

    /* U+061B "؛" */
    0x0, 0x67, 0x0, 0x2f, 0x90, 0xb, 0xf3, 0x3,
    0xff, 0x30, 0xaf, 0xfb, 0x8, 0xff, 0x80, 0x4,
    0x50, 0x0, 0x0, 0x0, 0x0, 0x0, 0x0, 0x0,
    0x0, 0x0, 0x0, 0x0, 0x77, 0x0, 0x9f, 0xf9,
    0xb, 0xff, 0xb0, 0x4e, 0xe4, 0x0,

    /* U+061F "؟" */
    0x0, 0x29, 0xdf, 0xfd, 0x81, 0x0, 0x6, 0xff,
    0xff, 0xff, 0xfe, 0x30, 0x2f, 0xff, 0xff, 0xff,
    0xff, 0xe0, 0x8f, 0xfd, 0x53, 0x47, 0xef, 0xf6,
    0xaf, 0xf3, 0x0, 0x0, 0x4f, 0xfa, 0x9f, 0xf7,
    0x0, 0x0, 0x9, 0x96, 0x5f, 0xff, 0x70, 0x0,
    0x0, 0x0, 0xc, 0xff, 0xf8, 0x0, 0x0, 0x0,
    0x1, 0xdf, 0xff, 0x60, 0x0, 0x0, 0x0, 0x1d,
    0xff, 0xf2, 0x0, 0x0, 0x0, 0x1, 0xdf, 0xf9,
    0x0, 0x0, 0x0, 0x0, 0x2f, 0xfe, 0x0, 0x0,
    0x0, 0x0, 0xc, 0xff, 0x10, 0x0, 0x0, 0x0,
    0x3, 0x55, 0x0, 0x0, 0x0, 0x0, 0x0, 0x0,
    0x0, 0x0, 0x0, 0x0, 0x0, 0x0, 0x0, 0x0,
    0x0, 0x0, 0x3, 0x84, 0x0, 0x0, 0x0, 0x0,
    0x1f, 0xff, 0x20, 0x0, 0x0, 0x0, 0x2f, 0xff,
    0x40, 0x0, 0x0, 0x0, 0xa, 0xfb, 0x0, 0x0,

    /* U+0621 "ء" */
    0x0, 0x0, 0x0, 0x2, 0x22, 0x0, 0x0, 0x0,
    0x0, 0x6c, 0xff, 0xff, 0xfd, 0x81, 0x0, 0x3e,
    0xff, 0xff, 0xff, 0xff, 0xf0, 0x2, 0xff, 0xff,
    0xff, 0xff, 0xff, 0x90, 0xb, 0xff, 0xf8, 0x31,
    0x0, 0x25, 0x20, 0x1f, 0xfe, 0x10, 0x0, 0x0,
    0x0, 0x0, 0x2f, 0xf7, 0x0, 0x0, 0x0, 0x0,
    0x0, 0x1f, 0xf8, 0x0, 0x0, 0x0, 0x0, 0x0,
    0xd, 0xff, 0x50, 0x0, 0x0, 0x0, 0x0, 0x37,
    0xff, 0xfc, 0x74, 0x33, 0x33, 0x33, 0xef, 0xff,
    0xff, 0xff, 0xff, 0xff, 0xff, 0xef, 0xff, 0xff,
    0xff, 0xff, 0xff, 0xff, 0xef, 0xff, 0xff, 0xff,
    0xff, 0xff, 0xff,

    /* U+0622 "آ" */
    0x0, 0x12, 0x20, 0x0, 0x0, 0xa, 0xff, 0xff,
    0xfe, 0xd1, 0x7f, 0xff, 0xff, 0xff, 0xf1, 0xbf,
    0x50, 0x2, 0x44, 0x40, 0x0, 0x0, 0x0, 0x0,
    0x0, 0x0, 0x0, 0x0, 0x0, 0x0, 0x0, 0xa,
    0xdd, 0x0, 0x0, 0x0, 0xc, 0xff, 0x10, 0x0,
    0x0, 0xc, 0xff, 0x10, 0x0, 0x0, 0xc, 0xff,
    0x10, 0x0, 0x0, 0xc, 0xff, 0x10, 0x0, 0x0,
    0xc, 0xff, 0x10, 0x0, 0x0, 0xc, 0xff, 0x10,
    0x0, 0x0, 0xc, 0xff, 0x10, 0x0, 0x0, 0xc,
    0xff, 0x10, 0x0, 0x0, 0xc, 0xff, 0x10, 0x0,
    0x0, 0xc, 0xff, 0x10, 0x0, 0x0, 0xc, 0xff,
    0x10, 0x0, 0x0, 0xc, 0xff, 0x10, 0x0, 0x0,
    0xc, 0xff, 0x10, 0x0, 0x0, 0xc, 0xff, 0x10,
    0x0, 0x0, 0xc, 0xff, 0x10, 0x0, 0x0, 0xc,
    0xff, 0x10, 0x0, 0x0, 0xc, 0xff, 0x10, 0x0,
    0x0, 0xc, 0xff, 0x10, 0x0, 0x0, 0xc, 0xff,
    0x10, 0x0,

    /* U+0623 "أ" */
    0x0, 0x6c, 0xec, 0x20, 0x6f, 0xff, 0xd0, 0xc,
    0xf4, 0x1, 0x0, 0xbf, 0x40, 0x0, 0x4f, 0xff,
    0xff, 0xa4, 0xff, 0xff, 0xf9, 0x0, 0x0, 0x0,
    0x0, 0x0, 0x0, 0x0, 0x0, 0xad, 0xd0, 0x0,
    0xc, 0xff, 0x10, 0x0, 0xcf, 0xf1, 0x0, 0xc,
    0xff, 0x10, 0x0, 0xcf, 0xf1, 0x0, 0xc, 0xff,
    0x10, 0x0, 0xcf, 0xf1, 0x0, 0xc, 0xff, 0x10,
    0x0, 0xcf, 0xf1, 0x0, 0xc, 0xff, 0x10, 0x0,
    0xcf, 0xf1, 0x0, 0xc, 0xff, 0x10, 0x0, 0xcf,
    0xf1, 0x0, 0xc, 0xff, 0x10, 0x0, 0xcf, 0xf1,
    0x0, 0xc, 0xff, 0x10, 0x0, 0xcf, 0xf1, 0x0,
    0xc, 0xff, 0x10, 0x0, 0xcf, 0xf1, 0x0, 0xc,
    0xff, 0x10,

    /* U+0624 "ؤ" */
    0x0, 0x0, 0x8, 0xef, 0xd2, 0x0, 0x0, 0x0,
    0x8, 0xff, 0xfd, 0x0, 0x0, 0x0, 0x0, 0xbf,
    0x30, 0x0, 0x0, 0x0, 0x0, 0x3f, 0xff, 0xff,
    0xa0, 0x0, 0x0, 0x3, 0xff, 0xff, 0xfb, 0x0,
    0x0, 0x0, 0x0, 0x0, 0x0, 0x0, 0x0, 0x0,
    0x0, 0x0, 0x0, 0x0, 0x0, 0x0, 0x0, 0x0,
    0x0, 0x0, 0x0, 0x0, 0x0, 0x0, 0x0, 0x23,
    0x20, 0x0, 0x0, 0x0, 0x2a, 0xff, 0xff, 0xfa,
    0x40, 0x0, 0x5f, 0xff, 0xff, 0xff, 0xff, 0xb0,
    0x5f, 0xff, 0xff, 0xff, 0xff, 0xfc, 0xe, 0xff,
    0xe6, 0x10, 0x16, 0xff, 0xc6, 0xff, 0xd1, 0x0,
    0x0, 0xf, 0xfc, 0xbf, 0xf4, 0x0, 0x0, 0x0,
    0xff, 0xcd, 0xff, 0x0, 0x0, 0x0, 0xf, 0xfc,
    0xdf, 0xf0, 0x0, 0x0, 0x0, 0xff, 0xcb, 0xff,
    0x40, 0x0, 0x0, 0xf, 0xfc, 0x7f, 0xfd, 0x10,
    0x0, 0x0, 0xff, 0xc0, 0xef, 0xfe, 0x84, 0x33,
    0x4f, 0xfc, 0x4, 0xff, 0xff, 0xff, 0xff, 0xff,
    0xc0, 0x5, 0xff, 0xff, 0xff, 0xff, 0xfc, 0x0,
    0x1, 0x8c, 0xff, 0xff, 0xff, 0xc0, 0x0, 0x0,
    0x0, 0x0, 0xf, 0xfc, 0x0, 0x0, 0x0, 0x0,
    0x1, 0xff, 0xc0, 0x0, 0x0, 0x0, 0x0, 0x4f,
    0xfa, 0x0, 0x0, 0x0, 0x0, 0x4e, 0xff, 0x60,
    0xcf, 0xff, 0xff, 0xff, 0xff, 0xe1, 0xc, 0xff,
    0xff, 0xff, 0xff, 0xf4, 0x0, 0xcf, 0xff, 0xff,
    0xff, 0xb2, 0x0, 0x2, 0x33, 0x33, 0x32, 0x0,
    0x0, 0x0,

    /* U+0625 "إ" */
    0x0, 0xcf, 0xf1, 0x0, 0xc, 0xff, 0x10, 0x0,
    0xcf, 0xf1, 0x0, 0xc, 0xff, 0x10, 0x0, 0xcf,
    0xf1, 0x0, 0xc, 0xff, 0x10, 0x0, 0xcf, 0xf1,
    0x0, 0xc, 0xff, 0x10, 0x0, 0xcf, 0xf1, 0x0,
    0xc, 0xff, 0x10, 0x0, 0xcf, 0xf1, 0x0, 0xc,
    0xff, 0x10, 0x0, 0xcf, 0xf1, 0x0, 0xc, 0xff,
    0x10, 0x0, 0xcf, 0xf1, 0x0, 0xc, 0xff, 0x10,
    0x0, 0xcf, 0xf1, 0x0, 0xc, 0xff, 0x10, 0x0,
    0xcf, 0xf1, 0x0, 0xc, 0xff, 0x10, 0x0, 0xcf,
    0xf1, 0x0, 0xc, 0xff, 0x10, 0x0, 0xcf, 0xf1,
    0x0, 0x0, 0x0, 0x0, 0x0, 0x0, 0x0, 0x0,
    0x6, 0xce, 0xc2, 0x6, 0xff, 0xfe, 0x0, 0xcf,
    0x40, 0x10, 0xb, 0xf4, 0x0, 0x4, 0xff, 0xff,
    0xfa, 0x4f, 0xff, 0xff, 0x90,

    /* U+0626 "ئ" */
    0x0, 0x0, 0x0, 0x0, 0x0, 0x0, 0x2, 0x8d,
    0xff, 0xea, 0x50, 0x0, 0x0, 0x3c, 0xff, 0x80,
    0x0, 0x0, 0x6, 0xff, 0xff, 0xff, 0xff, 0xe6,
    0x0, 0x1f, 0xff, 0xf5, 0x0, 0x0, 0x4, 0xff,
    0xff, 0xff, 0xff, 0xff, 0xfc, 0x13, 0xfa, 0x0,
    0x0, 0x0, 0x0, 0xdf, 0xfe, 0x74, 0x36, 0x9e,
    0xff, 0xf3, 0xcf, 0xff, 0xff, 0x20, 0x0, 0x2f,
    0xfd, 0x0, 0x0, 0x0, 0x7, 0xf8, 0xc, 0xff,
    0xff, 0xf2, 0x0, 0x5, 0xff, 0x80, 0x0, 0x0,
    0x0, 0x1, 0x0, 0x0, 0x0, 0x0, 0x0, 0x0,
    0x5f, 0xf9, 0x0, 0x0, 0x0, 0x0, 0x0, 0x0,
    0x0, 0x0, 0x0, 0x0, 0x2, 0xff, 0xf4, 0x0,
    0x0, 0x0, 0x0, 0x0, 0x0, 0x0, 0x0, 0x0,
    0x0, 0xc, 0xff, 0xfa, 0x30, 0x0, 0x0, 0x0,
    0x0, 0x8e, 0xb1, 0x0, 0x0, 0x0, 0x3f, 0xff,
    0xff, 0xd8, 0x20, 0x0, 0x0, 0xb, 0xff, 0x10,
    0x0, 0x0, 0x0, 0x2d, 0xff, 0xff, 0xff, 0xc4,
    0x0, 0x0, 0xdf, 0xf0, 0x0, 0x0, 0x0, 0x0,
    0x5, 0xcf, 0xff, 0xff, 0xfa, 0x0, 0xd, 0xff,
    0x0, 0x0, 0x0, 0x0, 0x0, 0x0, 0x39, 0xef,
    0xff, 0xfb, 0x0, 0xdf, 0xf0, 0x0, 0x0, 0x0,
    0x0, 0x0, 0x0, 0x0, 0x4c, 0xff, 0xf3, 0xb,
    0xff, 0x30, 0x0, 0x0, 0x0, 0x0, 0x0, 0x0,
    0x0, 0x9, 0xff, 0x70, 0x8f, 0xfa, 0x0, 0x0,
    0x0, 0x0, 0x0, 0x0, 0x0, 0x0, 0x6f, 0xf7,
    0x2, 0xff, 0xf6, 0x0, 0x0, 0x0, 0x0, 0x0,
    0x0, 0x0, 0x1d, 0xff, 0x50, 0xa, 0xff, 0xf9,
    0x10, 0x0, 0x0, 0x0, 0x0, 0x0, 0x6e, 0xff,
    0xe0, 0x0, 0x1d, 0xff, 0xff, 0xc8, 0x54, 0x33,
    0x45, 0x7b, 0xff, 0xff, 0xf5, 0x0, 0x0, 0x1c,
    0xff, 0xff, 0xff, 0xff, 0xff, 0xff, 0xff, 0xff,
    0xf5, 0x0, 0x0, 0x0, 0x6, 0xdf, 0xff, 0xff,
    0xff, 0xff, 0xff, 0xff, 0xa2, 0x0, 0x0, 0x0,
    0x0, 0x0, 0x38, 0xbd, 0xff, 0xff, 0xec, 0x95,
    0x0, 0x0, 0x0,

    /* U+0627 "ا" */
    0xcf, 0xf1, 0xcf, 0xf1, 0xcf, 0xf1, 0xcf, 0xf1,
    0xcf, 0xf1, 0xcf, 0xf1, 0xcf, 0xf1, 0xcf, 0xf1,
    0xcf, 0xf1, 0xcf, 0xf1, 0xcf, 0xf1, 0xcf, 0xf1,
    0xcf, 0xf1, 0xcf, 0xf1, 0xcf, 0xf1, 0xcf, 0xf1,
    0xcf, 0xf1, 0xcf, 0xf1, 0xcf, 0xf1, 0xcf, 0xf1,
    0xcf, 0xf1, 0xcf, 0xf1, 0xcf, 0xf1,

    /* U+0628 "ب" */
    0x0, 0x0, 0x0, 0x0, 0x0, 0x0, 0x0, 0x0,
    0x0, 0x5, 0x88, 0x10, 0x15, 0x0, 0x0, 0x0,
    0x0, 0x0, 0x0, 0x0, 0x0, 0xaf, 0xf3, 0xa,
    0xfd, 0x10, 0x0, 0x0, 0x0, 0x0, 0x0, 0x0,
    0xa, 0xff, 0x31, 0xff, 0xd0, 0x0, 0x0, 0x0,
    0x0, 0x0, 0x0, 0x0, 0xaf, 0xf3, 0x5f, 0xf8,
    0x0, 0x0, 0x0, 0x0, 0x0, 0x0, 0x0, 0xa,
    0xff, 0x38, 0xff, 0x50, 0x0, 0x0, 0x0, 0x0,
    0x0, 0x0, 0x0, 0xaf, 0xf3, 0x9f, 0xf4, 0x0,
    0x0, 0x0, 0x0, 0x0, 0x0, 0x0, 0xa, 0xff,
    0x38, 0xff, 0x50, 0x0, 0x0, 0x0, 0x0, 0x0,
    0x0, 0x0, 0xaf, 0xf3, 0x5f, 0xfa, 0x0, 0x0,
    0x0, 0x0, 0x0, 0x0, 0x0, 0xa, 0xff, 0x31,
    0xff, 0xf7, 0x0, 0x0, 0x0, 0x0, 0x0, 0x0,
    0x0, 0xaf, 0xf3, 0x9, 0xff, 0xfc, 0x74, 0x33,
    0x33, 0x33, 0x33, 0x33, 0x3b, 0xff, 0x30, 0xc,
    0xff, 0xff, 0xff, 0xff, 0xff, 0xff, 0xff, 0xff,
    0xff, 0xf3, 0x0, 0xa, 0xff, 0xff, 0xff, 0xff,
    0xff, 0xff, 0xff, 0xff, 0xff, 0x30, 0x0, 0x3,
    0x9d, 0xff, 0xff, 0xff, 0xff, 0xff, 0xff, 0xff,
    0xf3, 0x0, 0x0, 0x0, 0x0, 0x0, 0x0, 0x0,
    0x0, 0x0, 0x0, 0x0, 0x0, 0x0, 0x0, 0x0,
    0x0, 0x0, 0x0, 0x0, 0x0, 0x0, 0x0, 0x0,
    0x0, 0x0, 0x0, 0x0, 0x0, 0x0, 0x0, 0x0,
    0x0, 0x0, 0x0, 0x0, 0x0, 0x0, 0x0, 0x0,
    0x0, 0x0, 0x0, 0x0, 0x0, 0x0, 0x0, 0x0,
    0x0, 0x0, 0x0, 0x1, 0xcf, 0x80, 0x0, 0x0,
    0x0, 0x0, 0x0, 0x0, 0x0, 0x0, 0x0, 0x8f,
    0xff, 0x10, 0x0, 0x0, 0x0, 0x0, 0x0, 0x0,
    0x0, 0x0, 0x7, 0xff, 0xf1, 0x0, 0x0, 0x0,
    0x0, 0x0, 0x0, 0x0, 0x0, 0x0, 0x8, 0xb4,
    0x0, 0x0, 0x0, 0x0, 0x0,

    /* U+0629 "ة" */
    0x0, 0x2, 0xde, 0x42, 0xee, 0x40, 0x0, 0x0,
    0x9, 0xff, 0xc9, 0xff, 0xb0, 0x0, 0x0, 0x6,
    0xff, 0x96, 0xff, 0x90, 0x0, 0x0, 0x0, 0x45,
    0x0, 0x45, 0x0, 0x0, 0x0, 0x0, 0x0, 0x0,
    0x0, 0x0, 0x0, 0x0, 0x0, 0x0, 0x0, 0x0,
    0x0, 0x0, 0x0, 0x0, 0x0, 0x33, 0x10, 0x0,
    0x0, 0x0, 0x0, 0x1d, 0xff, 0xe3, 0x0, 0x0,
    0x0, 0x1, 0xdf, 0xff, 0xff, 0x30, 0x0, 0x0,
    0xd, 0xff, 0xff, 0xff, 0xf2, 0x0, 0x0, 0xaf,
    0xff, 0x53, 0xef, 0xfd, 0x0, 0x4, 0xff, 0xf5,
    0x0, 0x3f, 0xff, 0x80, 0xd, 0xff, 0x80, 0x0,
    0x5, 0xff, 0xf1, 0x3f, 0xfe, 0x0, 0x0, 0x0,
    0xbf, 0xf6, 0x7f, 0xf7, 0x0, 0x0, 0x0, 0x4f,
    0xfa, 0x9f, 0xf4, 0x0, 0x0, 0x0, 0x1f, 0xfc,
    0x8f, 0xf5, 0x0, 0x0, 0x0, 0x2f, 0xfb, 0x6f,
    0xfc, 0x0, 0x0, 0x0, 0xaf, 0xf8, 0x1f, 0xff,
    0xd6, 0x43, 0x6c, 0xff, 0xf3, 0x6, 0xff, 0xff,
    0xff, 0xff, 0xff, 0x90, 0x0, 0x7f, 0xff, 0xff,
    0xff, 0xfa, 0x0, 0x0, 0x2, 0x9d, 0xff, 0xea,
    0x40, 0x0,

    /* U+062A "ت" */
    0x0, 0x0, 0x0, 0x0, 0x36, 0x10, 0x36, 0x10,
    0x0, 0x0, 0x0, 0x0, 0x0, 0x0, 0x0, 0x3f,
    0xfc, 0x3f, 0xfc, 0x0, 0x0, 0x0, 0x0, 0x0,
    0x0, 0x0, 0x5, 0xff, 0xf6, 0xff, 0xf0, 0x0,
    0x0, 0x0, 0x0, 0x0, 0x0, 0x0, 0xc, 0xf7,
    0x1c, 0xf7, 0x0, 0x0, 0x0, 0x0, 0x0, 0x0,
    0x0, 0x0, 0x0, 0x0, 0x0, 0x0, 0x0, 0x3,
    0x66, 0x10, 0x13, 0x0, 0x0, 0x0, 0x0, 0x0,
    0x0, 0x0, 0x0, 0xaf, 0xf3, 0x9, 0xfc, 0x10,
    0x0, 0x0, 0x0, 0x0, 0x0, 0x0, 0xa, 0xff,
    0x30, 0xff, 0xd0, 0x0, 0x0, 0x0, 0x0, 0x0,
    0x0, 0x0, 0xaf, 0xf3, 0x5f, 0xf8, 0x0, 0x0,
    0x0, 0x0, 0x0, 0x0, 0x0, 0xa, 0xff, 0x38,
    0xff, 0x50, 0x0, 0x0, 0x0, 0x0, 0x0, 0x0,
    0x0, 0xaf, 0xf3, 0x9f, 0xf3, 0x0, 0x0, 0x0,
    0x0, 0x0, 0x0, 0x0, 0xa, 0xff, 0x38, 0xff,
    0x50, 0x0, 0x0, 0x0, 0x0, 0x0, 0x0, 0x0,
    0xaf, 0xf3, 0x6f, 0xfa, 0x0, 0x0, 0x0, 0x0,
    0x0, 0x0, 0x0, 0xa, 0xff, 0x31, 0xff, 0xf6,
    0x0, 0x0, 0x0, 0x0, 0x0, 0x0, 0x0, 0xaf,
    0xf3, 0x9, 0xff, 0xfc, 0x74, 0x33, 0x33, 0x33,
    0x33, 0x33, 0x3b, 0xff, 0x30, 0xc, 0xff, 0xff,
    0xff, 0xff, 0xff, 0xff, 0xff, 0xff, 0xff, 0xf3,
    0x0, 0x1a, 0xff, 0xff, 0xff, 0xff, 0xff, 0xff,
    0xff, 0xff, 0xff, 0x30, 0x0, 0x3, 0x9d, 0xff,
    0xff, 0xff, 0xff, 0xff, 0xff, 0xff, 0xf3,

    /* U+062B "ث" */
    0x0, 0x0, 0x0, 0x0, 0x1, 0xcf, 0x70, 0x0,
    0x0, 0x0, 0x0, 0x0, 0x0, 0x0, 0x0, 0x0,
    0x6f, 0xff, 0x0, 0x0, 0x0, 0x0, 0x0, 0x0,
    0x0, 0x0, 0x0, 0x3, 0xff, 0xc0, 0x0, 0x0,
    0x0, 0x0, 0x0, 0x0, 0x0, 0x0, 0x3, 0x64,
    0x64, 0x61, 0x0, 0x0, 0x0, 0x0, 0x0, 0x0,
    0x0, 0x3, 0xff, 0xc3, 0xff, 0xc0, 0x0, 0x0,
    0x0, 0x0, 0x0, 0x0, 0x0, 0x5f, 0xff, 0x6f,
    0xff, 0x0, 0x0, 0x0, 0x0, 0x0, 0x0, 0x0,
    0x1, 0xcf, 0x71, 0xcf, 0x70, 0x0, 0x0, 0x0,
    0x0, 0x0, 0x0, 0x0, 0x0, 0x0, 0x0, 0x0,
    0x0, 0x0, 0x36, 0x61, 0x1, 0x30, 0x0, 0x0,
    0x0, 0x0, 0x0, 0x0, 0x0, 0xa, 0xff, 0x30,
    0x9f, 0xc1, 0x0, 0x0, 0x0, 0x0, 0x0, 0x0,
    0x0, 0xaf, 0xf3, 0xf, 0xfd, 0x0, 0x0, 0x0,
    0x0, 0x0, 0x0, 0x0, 0xa, 0xff, 0x35, 0xff,
    0x80, 0x0, 0x0, 0x0, 0x0, 0x0, 0x0, 0x0,
    0xaf, 0xf3, 0x8f, 0xf5, 0x0, 0x0, 0x0, 0x0,
    0x0, 0x0, 0x0, 0xa, 0xff, 0x39, 0xff, 0x30,
    0x0, 0x0, 0x0, 0x0, 0x0, 0x0, 0x0, 0xaf,
    0xf3, 0x8f, 0xf5, 0x0, 0x0, 0x0, 0x0, 0x0,
    0x0, 0x0, 0xa, 0xff, 0x36, 0xff, 0xa0, 0x0,
    0x0, 0x0, 0x0, 0x0, 0x0, 0x0, 0xaf, 0xf3,
    0x1f, 0xff, 0x60, 0x0, 0x0, 0x0, 0x0, 0x0,
    0x0, 0xa, 0xff, 0x30, 0x9f, 0xff, 0xc7, 0x43,
    0x33, 0x33, 0x33, 0x33, 0x33, 0xbf, 0xf3, 0x0,
    0xcf, 0xff, 0xff, 0xff, 0xff, 0xff, 0xff, 0xff,
    0xff, 0xff, 0x30, 0x1, 0xaf, 0xff, 0xff, 0xff,
    0xff, 0xff, 0xff, 0xff, 0xff, 0xf3, 0x0, 0x0,
    0x39, 0xdf, 0xff, 0xff, 0xff, 0xff, 0xff, 0xff,
    0xff, 0x30,

    /* U+062C "ج" */
    0x0, 0x0, 0x6a, 0xdf, 0xfe, 0xb6, 0x0, 0x0,
    0x0, 0x0, 0x7f, 0xff, 0xff, 0xff, 0xff, 0xe5,
    0x0, 0x0, 0x0, 0x8f, 0xff, 0xff, 0xff, 0xff,
    0xff, 0x70, 0x0, 0x0, 0x2f, 0xd8, 0x54, 0x45,
    0x9f, 0xff, 0xf4, 0x0, 0x0, 0x2, 0x0, 0x0,
    0x0, 0x1, 0xcf, 0xfc, 0x0, 0x0, 0x0, 0x0,
    0x0, 0x0, 0x0, 0x1e, 0xff, 0x20, 0x0, 0x0,
    0x0, 0x0, 0x0, 0x0, 0x8, 0xff, 0x50, 0x0,
    0x0, 0x0, 0x0, 0x0, 0x0, 0x6, 0xff, 0x60,
    0x0, 0x0, 0x0, 0x0, 0x0, 0x0, 0x6, 0xff,
    0x60, 0x0, 0x0, 0x0, 0x0, 0x0, 0x0, 0x6,
    0xff, 0x60, 0x0, 0x0, 0x0, 0x0, 0x0, 0x0,
    0x6, 0xff, 0x60, 0x0, 0x0, 0x0, 0x2, 0x33,
    0x33, 0x38, 0xff, 0x82, 0x0, 0x0, 0x7c, 0xff,
    0xff, 0xff, 0xff, 0xff, 0xf8, 0x0, 0x3e, 0xff,
    0xff, 0xff, 0xff, 0xff, 0xff, 0xf6, 0x4, 0xff,
    0xff, 0xff, 0xff, 0xff, 0xff, 0xff, 0xf3, 0xe,
    0xff, 0xf9, 0x31, 0x0, 0x0, 0x0, 0x0, 0x0,
    0x6f, 0xfe, 0x20, 0x0, 0x0, 0x0, 0x0, 0x0,
    0x0, 0xbf, 0xf4, 0x0, 0x0, 0x0, 0x0, 0xbf,
    0xa0, 0x0, 0xdf, 0xf0, 0x0, 0x0, 0x0, 0x6,
    0xff, 0xf3, 0x0, 0xdf, 0xf1, 0x0, 0x0, 0x0,
    0x5, 0xff, 0xf2, 0x0, 0xaf, 0xfa, 0x0, 0x0,
    0x0, 0x0, 0x7b, 0x60, 0x0, 0x4f, 0xff, 0xc5,
    0x10, 0x2, 0x40, 0x0, 0x0, 0x0, 0x9, 0xff,
    0xff, 0xff, 0xff, 0xf2, 0x0, 0x0, 0x0, 0x0,
    0x9f, 0xff, 0xff, 0xff, 0xf7, 0x0, 0x0, 0x0,
    0x0, 0x3, 0xaf, 0xff, 0xff, 0xd6, 0x0, 0x0,
    0x0, 0x0, 0x0, 0x0, 0x23, 0x20, 0x0, 0x0,
    0x0, 0x0,

    /* U+062D "ح" */
    0x0, 0x0, 0x6a, 0xdf, 0xfe, 0xb6, 0x0, 0x0,
    0x0, 0x0, 0x7f, 0xff, 0xff, 0xff, 0xff, 0xe5,
    0x0, 0x0, 0x0, 0x8f, 0xff, 0xff, 0xff, 0xff,
    0xff, 0x70, 0x0, 0x0, 0x2f, 0xd8, 0x54, 0x45,
    0x9f, 0xff, 0xf4, 0x0, 0x0, 0x2, 0x0, 0x0,
    0x0, 0x1, 0xcf, 0xfc, 0x0, 0x0, 0x0, 0x0,
    0x0, 0x0, 0x0, 0x1e, 0xff, 0x20, 0x0, 0x0,
    0x0, 0x0, 0x0, 0x0, 0x8, 0xff, 0x50, 0x0,
    0x0, 0x0, 0x0, 0x0, 0x0, 0x6, 0xff, 0x60,
    0x0, 0x0, 0x0, 0x0, 0x0, 0x0, 0x6, 0xff,
    0x60, 0x0, 0x0, 0x0, 0x0, 0x0, 0x0, 0x6,
    0xff, 0x60, 0x0, 0x0, 0x0, 0x0, 0x0, 0x0,
    0x6, 0xff, 0x60, 0x0, 0x0, 0x0, 0x2, 0x33,
    0x33, 0x38, 0xff, 0x82, 0x0, 0x0, 0x7c, 0xff,
    0xff, 0xff, 0xff, 0xff, 0xf8, 0x0, 0x3e, 0xff,
    0xff, 0xff, 0xff, 0xff, 0xff, 0xf6, 0x4, 0xff,
    0xff, 0xff, 0xff, 0xff, 0xff, 0xff, 0xf3, 0xe,
    0xff, 0xf9, 0x31, 0x0, 0x0, 0x0, 0x0, 0x0,
    0x6f, 0xfe, 0x20, 0x0, 0x0, 0x0, 0x0, 0x0,
    0x0, 0xbf, 0xf4, 0x0, 0x0, 0x0, 0x0, 0x0,
    0x0, 0x0, 0xdf, 0xf0, 0x0, 0x0, 0x0, 0x0,
    0x0, 0x0, 0x0, 0xdf, 0xf1, 0x0, 0x0, 0x0,
    0x0, 0x0, 0x0, 0x0, 0xaf, 0xfa, 0x0, 0x0,
    0x0, 0x0, 0x0, 0x0, 0x0, 0x4f, 0xff, 0xc5,
    0x10, 0x2, 0x50, 0x0, 0x0, 0x0, 0x9, 0xff,
    0xff, 0xff, 0xff, 0xf2, 0x0, 0x0, 0x0, 0x0,
    0x9f, 0xff, 0xff, 0xff, 0xf8, 0x0, 0x0, 0x0,
    0x0, 0x3, 0xaf, 0xff, 0xff, 0xd6, 0x0, 0x0,
    0x0, 0x0, 0x0, 0x0, 0x23, 0x20, 0x0, 0x0,
    0x0, 0x0,

    /* U+062E "خ" */
    0x0, 0x0, 0x0, 0x2d, 0xf6, 0x0, 0x0, 0x0,
    0x0, 0x0, 0x0, 0x0, 0xaf, 0xff, 0x0, 0x0,
    0x0, 0x0, 0x0, 0x0, 0x0, 0x9f, 0xfe, 0x0,
    0x0, 0x0, 0x0, 0x0, 0x0, 0x0, 0x19, 0xb3,
    0x0, 0x0, 0x0, 0x0, 0x0, 0x0, 0x0, 0x0,
    0x0, 0x0, 0x0, 0x0, 0x0, 0x0, 0x0, 0x0,
    0x0, 0x0, 0x0, 0x0, 0x0, 0x0, 0x0, 0x0,
    0x0, 0x0, 0x0, 0x0, 0x0, 0x0, 0x0, 0x0,
    0x0, 0x6a, 0xdf, 0xfe, 0xb6, 0x0, 0x0, 0x0,
    0x0, 0x7f, 0xff, 0xff, 0xff, 0xff, 0xe5, 0x0,
    0x0, 0x0, 0x8f, 0xff, 0xff, 0xff, 0xff, 0xff,
    0x70, 0x0, 0x0, 0x2f, 0xd8, 0x54, 0x45, 0x9f,
    0xff, 0xf4, 0x0, 0x0, 0x2, 0x0, 0x0, 0x0,
    0x1, 0xcf, 0xfc, 0x0, 0x0, 0x0, 0x0, 0x0,
    0x0, 0x0, 0x1e, 0xff, 0x20, 0x0, 0x0, 0x0,
    0x0, 0x0, 0x0, 0x8, 0xff, 0x50, 0x0, 0x0,
    0x0, 0x0, 0x0, 0x0, 0x6, 0xff, 0x60, 0x0,
    0x0, 0x0, 0x0, 0x0, 0x0, 0x6, 0xff, 0x60,
    0x0, 0x0, 0x0, 0x0, 0x0, 0x0, 0x6, 0xff,
    0x60, 0x0, 0x0, 0x0, 0x0, 0x0, 0x0, 0x6,
    0xff, 0x60, 0x0, 0x0, 0x0, 0x2, 0x33, 0x33,
    0x38, 0xff, 0x82, 0x0, 0x0, 0x7c, 0xff, 0xff,
    0xff, 0xff, 0xff, 0xf8, 0x0, 0x3e, 0xff, 0xff,
    0xff, 0xff, 0xff, 0xff, 0xf6, 0x4, 0xff, 0xff,
    0xff, 0xff, 0xff, 0xff, 0xff, 0xf3, 0xe, 0xff,
    0xf9, 0x31, 0x0, 0x0, 0x0, 0x0, 0x0, 0x6f,
    0xfe, 0x20, 0x0, 0x0, 0x0, 0x0, 0x0, 0x0,
    0xbf, 0xf4, 0x0, 0x0, 0x0, 0x0, 0x0, 0x0,
    0x0, 0xdf, 0xf0, 0x0, 0x0, 0x0, 0x0, 0x0,
    0x0, 0x0, 0xdf, 0xf1, 0x0, 0x0, 0x0, 0x0,
    0x0, 0x0, 0x0, 0xaf, 0xfa, 0x0, 0x0, 0x0,
    0x0, 0x0, 0x0, 0x0, 0x4f, 0xff, 0xc5, 0x10,
    0x2, 0x50, 0x0, 0x0, 0x0, 0x9, 0xff, 0xff,
    0xff, 0xff, 0xf2, 0x0, 0x0, 0x0, 0x0, 0x9f,
    0xff, 0xff, 0xff, 0xf8, 0x0, 0x0, 0x0, 0x0,
    0x3, 0xaf, 0xff, 0xff, 0xd6, 0x0, 0x0, 0x0,
    0x0, 0x0, 0x0, 0x23, 0x20, 0x0, 0x0, 0x0,
    0x0,

    /* U+062F "د" */
    0x0, 0x7, 0x30, 0x0, 0x0, 0x0, 0x0, 0x0,
    0x1f, 0xfd, 0x50, 0x0, 0x0, 0x0, 0x0, 0x4f,
    0xff, 0xfc, 0x20, 0x0, 0x0, 0x0, 0x4d, 0xff,
    0xff, 0xf4, 0x0, 0x0, 0x0, 0x0, 0x3a, 0xff,
    0xff, 0x30, 0x0, 0x0, 0x0, 0x0, 0x4e, 0xff,
    0xe1, 0x0, 0x0, 0x0, 0x0, 0x2, 0xef, 0xfa,
    0x0, 0x0, 0x0, 0x0, 0x0, 0x3f, 0xff, 0x30,
    0x0, 0x0, 0x0, 0x0, 0x8, 0xff, 0xb0, 0x0,
    0x0, 0x0, 0x0, 0x1, 0xff, 0xf1, 0x0, 0x0,
    0x0, 0x0, 0x0, 0xaf, 0xf5, 0x33, 0x33, 0x33,
    0x33, 0x33, 0x7f, 0xf9, 0xef, 0xff, 0xff, 0xff,
    0xff, 0xff, 0xfc, 0xef, 0xff, 0xff, 0xff, 0xff,
    0xff, 0xfe, 0xef, 0xff, 0xff, 0xff, 0xff, 0xff,
    0xff,

    /* U+0630 "ذ" */
    0x0, 0x0, 0xaf, 0xb0, 0x0, 0x0, 0x0, 0x0,
    0x4, 0xff, 0xf5, 0x0, 0x0, 0x0, 0x0, 0x3,
    0xff, 0xf4, 0x0, 0x0, 0x0, 0x0, 0x0, 0x6b,
    0x70, 0x0, 0x0, 0x0, 0x0, 0x0, 0x0, 0x0,
    0x0, 0x0, 0x0, 0x0, 0x0, 0x0, 0x0, 0x0,
    0x0, 0x0, 0x0, 0x0, 0x0, 0x0, 0x0, 0x0,
    0x0, 0x0, 0x6, 0x20, 0x0, 0x0, 0x0, 0x0,
    0x0, 0x1f, 0xfc, 0x40, 0x0, 0x0, 0x0, 0x0,
    0x4f, 0xff, 0xfb, 0x10, 0x0, 0x0, 0x0, 0x4e,
    0xff, 0xff, 0xe3, 0x0, 0x0, 0x0, 0x0, 0x4b,
    0xff, 0xff, 0x30, 0x0, 0x0, 0x0, 0x0, 0x5f,
    0xff, 0xe1, 0x0, 0x0, 0x0, 0x0, 0x3, 0xef,
    0xfa, 0x0, 0x0, 0x0, 0x0, 0x0, 0x4f, 0xff,
    0x30, 0x0, 0x0, 0x0, 0x0, 0x9, 0xff, 0xb0,
    0x0, 0x0, 0x0, 0x0, 0x1, 0xff, 0xf1, 0x0,
    0x0, 0x0, 0x0, 0x0, 0xaf, 0xf5, 0x33, 0x33,
    0x33, 0x33, 0x33, 0x7f, 0xf9, 0xef, 0xff, 0xff,
    0xff, 0xff, 0xff, 0xfc, 0xef, 0xff, 0xff, 0xff,
    0xff, 0xff, 0xfe, 0xef, 0xff, 0xff, 0xff, 0xff,
    0xff, 0xff,

    /* U+0631 "ر" */
    0x0, 0x4, 0xff, 0x80, 0x0, 0x4f, 0xf8, 0x0,
    0x4, 0xff, 0x80, 0x0, 0x4f, 0xf8, 0x0, 0x4,
    0xff, 0x80, 0x0, 0x4f, 0xf8, 0x0, 0x4, 0xff,
    0x80, 0x0, 0x4f, 0xf8, 0x0, 0x4, 0xff, 0x80,
    0x0, 0x4f, 0xf8, 0x0, 0x4, 0xff, 0x80, 0x0,
    0x4f, 0xf8, 0x0, 0x4, 0xff, 0x80, 0x0, 0x4f,
    0xf8, 0x0, 0x4, 0xff, 0x80, 0x0, 0x5f, 0xf7,
    0x0, 0xa, 0xff, 0x51, 0x39, 0xff, 0xf1, 0xef,
    0xff, 0xf9, 0xb, 0xff, 0xfb, 0x0, 0x8e, 0xb6,
    0x0, 0x0,

    /* U+0632 "ز" */
    0x0, 0x1, 0x9b, 0x30, 0x0, 0xaf, 0xfe, 0x0,
    0xb, 0xff, 0xf0, 0x0, 0x3d, 0xf6, 0x0, 0x0,
    0x0, 0x0, 0x0, 0x0, 0x0, 0x0, 0x0, 0x0,
    0x0, 0x0, 0x3, 0x31, 0x0, 0x4, 0xff, 0x80,
    0x0, 0x4f, 0xf8, 0x0, 0x4, 0xff, 0x80, 0x0,
    0x4f, 0xf8, 0x0, 0x4, 0xff, 0x80, 0x0, 0x4f,
    0xf8, 0x0, 0x4, 0xff, 0x80, 0x0, 0x4f, 0xf8,
    0x0, 0x4, 0xff, 0x80, 0x0, 0x4f, 0xf8, 0x0,
    0x4, 0xff, 0x80, 0x0, 0x4f, 0xf8, 0x0, 0x4,
    0xff, 0x80, 0x0, 0x4f, 0xf8, 0x0, 0x4, 0xff,
    0x80, 0x0, 0x5f, 0xf7, 0x0, 0xa, 0xff, 0x51,
    0x39, 0xff, 0xf1, 0xef, 0xff, 0xf9, 0xb, 0xff,
    0xfb, 0x0, 0x8e, 0xb5, 0x0, 0x0,

    /* U+0633 "س" */
    0x0, 0x0, 0x0, 0x0, 0x0, 0x0, 0x0, 0x0,
    0x0, 0x0, 0x0, 0x0, 0x0, 0x0, 0x0, 0x78,
    0x70, 0x0, 0x0, 0x0, 0x0, 0x0, 0x0, 0x0,
    0x0, 0x0, 0x0, 0x0, 0x0, 0x0, 0x0, 0xe,
    0xff, 0x0, 0x0, 0x0, 0x0, 0x0, 0x0, 0x0,
    0x0, 0x0, 0x0, 0x0, 0x5f, 0xf8, 0x0, 0x0,
    0xef, 0xf0, 0x0, 0x0, 0x0, 0x0, 0x0, 0x0,
    0x0, 0x58, 0x80, 0x0, 0x5, 0xff, 0x80, 0x0,
    0xe, 0xff, 0x0, 0x0, 0x0, 0x0, 0x0, 0x0,
    0x0, 0xb, 0xff, 0x10, 0x0, 0x5f, 0xf8, 0x0,
    0x0, 0xef, 0xf0, 0x20, 0x0, 0x0, 0x0, 0x0,
    0x0, 0x0, 0xbf, 0xf1, 0x0, 0x5, 0xff, 0x80,
    0x0, 0xe, 0xff, 0x5f, 0xf5, 0x0, 0x0, 0x0,
    0x0, 0x0, 0xb, 0xff, 0x10, 0x0, 0x5f, 0xf8,
    0x0, 0x0, 0xef, 0xf9, 0xff, 0x40, 0x0, 0x0,
    0x0, 0x0, 0x0, 0xbf, 0xf1, 0x0, 0x5, 0xff,
    0x80, 0x0, 0xe, 0xff, 0xbf, 0xf1, 0x0, 0x0,
    0x0, 0x0, 0x0, 0xb, 0xff, 0x10, 0x0, 0x5f,
    0xf8, 0x0, 0x0, 0xef, 0xed, 0xff, 0x0, 0x0,
    0x0, 0x0, 0x0, 0x0, 0xbf, 0xf2, 0x0, 0x8,
    0xff, 0x80, 0x0, 0x1f, 0xfd, 0xdf, 0xf0, 0x0,
    0x0, 0x0, 0x0, 0x0, 0xb, 0xff, 0xc3, 0x16,
    0xff, 0xff, 0x61, 0x3c, 0xff, 0xad, 0xff, 0x0,
    0x0, 0x0, 0x0, 0x0, 0x0, 0xcf, 0xff, 0xff,
    0xff, 0xff, 0xff, 0xff, 0xff, 0xf3, 0xbf, 0xf2,
    0x0, 0x0, 0x0, 0x0, 0x0, 0xf, 0xff, 0xff,
    0xff, 0xff, 0x7f, 0xff, 0xff, 0xf8, 0x8, 0xff,
    0x70, 0x0, 0x0, 0x0, 0x0, 0x4, 0xff, 0xc7,
    0xdf, 0xea, 0x20, 0x3b, 0xff, 0xc5, 0x0, 0x3f,
    0xfe, 0x10, 0x0, 0x0, 0x0, 0x0, 0xbf, 0xf7,
    0x0, 0x0, 0x0, 0x0, 0x0, 0x0, 0x0, 0x0,
    0xcf, 0xfc, 0x10, 0x0, 0x0, 0x0, 0x9f, 0xff,
    0x10, 0x0, 0x0, 0x0, 0x0, 0x0, 0x0, 0x0,
    0x3, 0xff, 0xfe, 0x72, 0x0, 0x16, 0xdf, 0xff,
    0x70, 0x0, 0x0, 0x0, 0x0, 0x0, 0x0, 0x0,
    0x0, 0x7, 0xff, 0xff, 0xff, 0xff, 0xff, 0xff,
    0xa0, 0x0, 0x0, 0x0, 0x0, 0x0, 0x0, 0x0,
    0x0, 0x0, 0x6, 0xff, 0xff, 0xff, 0xff, 0xff,
    0x90, 0x0, 0x0, 0x0, 0x0, 0x0, 0x0, 0x0,
    0x0, 0x0, 0x0, 0x1, 0x9e, 0xff, 0xff, 0xfa,
    0x30, 0x0, 0x0, 0x0, 0x0, 0x0, 0x0, 0x0,
    0x0, 0x0, 0x0, 0x0, 0x0, 0x1, 0x33, 0x20,
    0x0, 0x0, 0x0, 0x0, 0x0, 0x0, 0x0, 0x0,
    0x0, 0x0, 0x0,

    /* U+0634 "ش" */
    0x0, 0x0, 0x0, 0x0, 0x0, 0x0, 0x0, 0x0,
    0x0, 0x0, 0x0, 0x2d, 0xe4, 0x0, 0x0, 0x0,
    0x0, 0x0, 0x0, 0x0, 0x0, 0x0, 0x0, 0x0,
    0x0, 0x0, 0x0, 0x8, 0xff, 0xc0, 0x0, 0x0,
    0x0, 0x0, 0x0, 0x0, 0x0, 0x0, 0x0, 0x0,
    0x0, 0x0, 0x0, 0x0, 0x5f, 0xf9, 0x0, 0x0,
    0x0, 0x0, 0x0, 0x0, 0x0, 0x0, 0x0, 0x0,
    0x0, 0x0, 0x0, 0x0, 0x45, 0x45, 0x55, 0x0,
    0x0, 0x0, 0x0, 0x0, 0x0, 0x0, 0x0, 0x0,
    0x0, 0x0, 0x0, 0x0, 0x5f, 0xf9, 0x6f, 0xf9,
    0x0, 0x0, 0x0, 0x0, 0x0, 0x0, 0x0, 0x0,
    0x0, 0x0, 0x0, 0x0, 0x8, 0xff, 0xc9, 0xff,
    0xc0, 0x0, 0x0, 0x0, 0x0, 0x0, 0x0, 0x0,
    0x0, 0x0, 0x0, 0x0, 0x0, 0x2d, 0xf5, 0x2d,
    0xe4, 0x0, 0x0, 0x0, 0x0, 0x0, 0x0, 0x0,
    0x0, 0x0, 0x0, 0x0, 0x0, 0x0, 0x0, 0x0,
    0x0, 0x0, 0x0, 0x0, 0x0, 0x0, 0x0, 0x0,
    0x0, 0x0, 0x0, 0x0, 0x0, 0x0, 0x0, 0x0,
    0x0, 0x0, 0x0, 0x0, 0x0, 0x0, 0x0, 0x0,
    0x0, 0x0, 0x0, 0x0, 0x0, 0x0, 0x0, 0x0,
    0x0, 0x0, 0x0, 0x0, 0x0, 0x0, 0x0, 0x0,
    0x0, 0x0, 0x0, 0x0, 0x0, 0x0, 0x0, 0x0,
    0x0, 0x0, 0x0, 0x0, 0x78, 0x80, 0x0, 0x0,
    0x0, 0x0, 0x0, 0x0, 0x0, 0x0, 0x0, 0x0,
    0x0, 0x22, 0x10, 0x0, 0xe, 0xff, 0x0, 0x0,
    0x0, 0x0, 0x0, 0x0, 0x0, 0x0, 0x0, 0x0,
    0x0, 0x5f, 0xf8, 0x0, 0x0, 0xef, 0xf0, 0x0,
    0x0, 0x0, 0x0, 0x0, 0x0, 0x0, 0x8c, 0xc1,
    0x0, 0x5, 0xff, 0x80, 0x0, 0xe, 0xff, 0x0,
    0x0, 0x0, 0x0, 0x0, 0x0, 0x0, 0xb, 0xff,
    0x10, 0x0, 0x5f, 0xf8, 0x0, 0x0, 0xef, 0xf1,
    0x41, 0x0, 0x0, 0x0, 0x0, 0x0, 0x0, 0xbf,
    0xf1, 0x0, 0x5, 0xff, 0x80, 0x0, 0xe, 0xff,
    0x6f, 0xf6, 0x0, 0x0, 0x0, 0x0, 0x0, 0xb,
    0xff, 0x10, 0x0, 0x5f, 0xf8, 0x0, 0x0, 0xef,
    0xf9, 0xff, 0x30, 0x0, 0x0, 0x0, 0x0, 0x0,
    0xbf, 0xf1, 0x0, 0x5, 0xff, 0x80, 0x0, 0xe,
    0xff, 0xbf, 0xf1, 0x0, 0x0, 0x0, 0x0, 0x0,
    0xb, 0xff, 0x10, 0x0, 0x5f, 0xf8, 0x0, 0x0,
    0xef, 0xed, 0xff, 0x0, 0x0, 0x0, 0x0, 0x0,
    0x0, 0xbf, 0xf2, 0x0, 0x8, 0xff, 0x80, 0x0,
    0x1f, 0xfd, 0xdf, 0xf0, 0x0, 0x0, 0x0, 0x0,
    0x0, 0xb, 0xff, 0xc3, 0x16, 0xff, 0xff, 0x61,
    0x3c, 0xff, 0xad, 0xff, 0x0, 0x0, 0x0, 0x0,
    0x0, 0x0, 0xcf, 0xff, 0xff, 0xff, 0xff, 0xff,
    0xff, 0xff, 0xf3, 0xbf, 0xf2, 0x0, 0x0, 0x0,
    0x0, 0x0, 0xf, 0xff, 0xff, 0xff, 0xfe, 0x7f,
    0xff, 0xff, 0xf8, 0x8, 0xff, 0x70, 0x0, 0x0,
    0x0, 0x0, 0x4, 0xff, 0xb7, 0xdf, 0xea, 0x20,
    0x3b, 0xff, 0xc5, 0x0, 0x3f, 0xfe, 0x10, 0x0,
    0x0, 0x0, 0x0, 0xcf, 0xf6, 0x0, 0x0, 0x0,
    0x0, 0x0, 0x0, 0x0, 0x0, 0xcf, 0xfc, 0x10,
    0x0, 0x0, 0x0, 0x9f, 0xfe, 0x0, 0x0, 0x0,
    0x0, 0x0, 0x0, 0x0, 0x0, 0x3, 0xff, 0xfe,
    0x72, 0x0, 0x26, 0xdf, 0xff, 0x60, 0x0, 0x0,
    0x0, 0x0, 0x0, 0x0, 0x0, 0x0, 0x6, 0xff,
    0xff, 0xff, 0xff, 0xff, 0xff, 0xa0, 0x0, 0x0,
    0x0, 0x0, 0x0, 0x0, 0x0, 0x0, 0x0, 0x6,
    0xff, 0xff, 0xff, 0xff, 0xff, 0x80, 0x0, 0x0,
    0x0, 0x0, 0x0, 0x0, 0x0, 0x0, 0x0, 0x0,
    0x1, 0x8e, 0xff, 0xff, 0xea, 0x30, 0x0, 0x0,
    0x0, 0x0, 0x0, 0x0, 0x0, 0x0, 0x0, 0x0,
    0x0, 0x0, 0x1, 0x33, 0x20, 0x0, 0x0, 0x0,
    0x0, 0x0, 0x0, 0x0, 0x0, 0x0, 0x0, 0x0,

    /* U+0635 "ص" */
    0x0, 0x0, 0x0, 0x0, 0x0, 0x0, 0x0, 0x0,
    0x0, 0x0, 0x0, 0x0, 0x0, 0x2, 0x32, 0x10,
    0x0, 0x0, 0x0, 0x0, 0x0, 0x0, 0x0, 0x0,
    0x0, 0x0, 0x0, 0x0, 0x0, 0x0, 0x2, 0xaf,
    0xff, 0xff, 0xd7, 0x0, 0x0, 0x0, 0x0, 0x0,
    0x0, 0x0, 0x0, 0x0, 0x0, 0x0, 0x0, 0x0,
    0x8, 0xff, 0xff, 0xff, 0xff, 0xfd, 0x20, 0x0,
    0x0, 0x0, 0x0, 0x0, 0x0, 0x0, 0x0, 0x1,
    0x10, 0x0, 0xa, 0xff, 0xff, 0xfe, 0xef, 0xff,
    0xfd, 0x10, 0x0, 0x0, 0x0, 0x0, 0x0, 0x0,
    0x0, 0xb, 0xff, 0x10, 0x8, 0xff, 0xfb, 0x40,
    0x0, 0x17, 0xff, 0xf9, 0x0, 0x0, 0x0, 0x0,
    0x0, 0x0, 0x0, 0x0, 0xbf, 0xf1, 0x3, 0xff,
    0xf6, 0x0, 0x0, 0x0, 0x3, 0xff, 0xf1, 0x0,
    0x0, 0x0, 0x0, 0x0, 0x0, 0x0, 0xb, 0xff,
    0x10, 0xcf, 0xf6, 0x0, 0x0, 0x0, 0x0, 0x9,
    0xff, 0x61, 0x30, 0x0, 0x0, 0x0, 0x0, 0x0,
    0x0, 0xbf, 0xf1, 0x3f, 0xfb, 0x0, 0x0, 0x0,
    0x0, 0x0, 0x4f, 0xfa, 0x6f, 0xf6, 0x0, 0x0,
    0x0, 0x0, 0x0, 0xb, 0xff, 0x19, 0xff, 0x20,
    0x0, 0x0, 0x0, 0x0, 0x1, 0xff, 0xc9, 0xff,
    0x30, 0x0, 0x0, 0x0, 0x0, 0x0, 0xbf, 0xf1,
    0xdf, 0xc0, 0x0, 0x0, 0x0, 0x0, 0x0, 0xf,
    0xfc, 0xbf, 0xf1, 0x0, 0x0, 0x0, 0x0, 0x0,
    0xb, 0xff, 0x3f, 0xf8, 0x0, 0x0, 0x0, 0x0,
    0x0, 0x0, 0xff, 0xcd, 0xff, 0x0, 0x0, 0x0,
    0x0, 0x0, 0x0, 0xcf, 0xf7, 0xff, 0x40, 0x0,
    0x0, 0x0, 0x0, 0x0, 0xf, 0xfc, 0xdf, 0xf0,
    0x0, 0x0, 0x0, 0x0, 0x0, 0xc, 0xff, 0xef,
    0xf5, 0x33, 0x33, 0x33, 0x33, 0x33, 0x34, 0xff,
    0xcd, 0xff, 0x0, 0x0, 0x0, 0x0, 0x0, 0x0,
    0xcf, 0xff, 0xff, 0xff, 0xff, 0xff, 0xff, 0xff,
    0xff, 0xff, 0xfd, 0xbf, 0xf2, 0x0, 0x0, 0x0,
    0x0, 0x0, 0xf, 0xff, 0xff, 0xff, 0xff, 0xff,
    0xff, 0xff, 0xff, 0xff, 0xff, 0xd8, 0xff, 0x70,
    0x0, 0x0, 0x0, 0x0, 0x4, 0xff, 0xdb, 0xef,
    0xff, 0xff, 0xff, 0xff, 0xff, 0xff, 0xff, 0xfd,
    0x3f, 0xfe, 0x10, 0x0, 0x0, 0x0, 0x0, 0xcf,
    0xf6, 0x0, 0x0, 0x0, 0x0, 0x0, 0x0, 0x0,
    0x0, 0x0, 0x0, 0xcf, 0xfc, 0x10, 0x0, 0x0,
    0x0, 0x9f, 0xff, 0x10, 0x0, 0x0, 0x0, 0x0,
    0x0, 0x0, 0x0, 0x0, 0x0, 0x3, 0xff, 0xfe,
    0x72, 0x0, 0x26, 0xdf, 0xff, 0x60, 0x0, 0x0,
    0x0, 0x0, 0x0, 0x0, 0x0, 0x0, 0x0, 0x0,
    0x7, 0xff, 0xff, 0xff, 0xff, 0xff, 0xff, 0xa0,
    0x0, 0x0, 0x0, 0x0, 0x0, 0x0, 0x0, 0x0,
    0x0, 0x0, 0x0, 0x6, 0xff, 0xff, 0xff, 0xff,
    0xff, 0x80, 0x0, 0x0, 0x0, 0x0, 0x0, 0x0,
    0x0, 0x0, 0x0, 0x0, 0x0, 0x0, 0x1, 0x8e,
    0xff, 0xff, 0xfa, 0x30, 0x0, 0x0, 0x0, 0x0,
    0x0, 0x0, 0x0, 0x0, 0x0, 0x0, 0x0, 0x0,
    0x0, 0x0, 0x1, 0x33, 0x20, 0x0, 0x0, 0x0,
    0x0, 0x0, 0x0, 0x0, 0x0, 0x0, 0x0, 0x0,
    0x0, 0x0,

    /* U+0636 "ض" */
    0x0, 0x0, 0x0, 0x0, 0x0, 0x0, 0x0, 0x0,
    0x0, 0x0, 0x0, 0x0, 0x0, 0x6, 0xfd, 0x20,
    0x0, 0x0, 0x0, 0x0, 0x0, 0x0, 0x0, 0x0,
    0x0, 0x0, 0x0, 0x0, 0x0, 0x0, 0x0, 0x0,
    0xff, 0xfa, 0x0, 0x0, 0x0, 0x0, 0x0, 0x0,
    0x0, 0x0, 0x0, 0x0, 0x0, 0x0, 0x0, 0x0,
    0x0, 0x0, 0xe, 0xff, 0x90, 0x0, 0x0, 0x0,
    0x0, 0x0, 0x0, 0x0, 0x0, 0x0, 0x0, 0x0,
    0x0, 0x0, 0x0, 0x0, 0x0, 0x3b, 0x90, 0x0,
    0x0, 0x0, 0x0, 0x0, 0x0, 0x0, 0x0, 0x0,
    0x0, 0x0, 0x0, 0x0, 0x0, 0x0, 0x0, 0x0,
    0x0, 0x0, 0x0, 0x0, 0x0, 0x0, 0x0, 0x0,
    0x0, 0x0, 0x0, 0x0, 0x0, 0x0, 0x0, 0x0,
    0x0, 0x0, 0x0, 0x0, 0x0, 0x0, 0x0, 0x0,
    0x0, 0x0, 0x0, 0x0, 0x0, 0x0, 0x0, 0x0,
    0x0, 0x0, 0x0, 0x0, 0x0, 0x0, 0x0, 0x0,
    0x0, 0x0, 0x0, 0x0, 0x0, 0x0, 0x0, 0x0,
    0x0, 0x0, 0x0, 0x0, 0x0, 0x0, 0x0, 0x23,
    0x21, 0x0, 0x0, 0x0, 0x0, 0x0, 0x0, 0x0,
    0x0, 0x0, 0x0, 0x0, 0x0, 0x0, 0x0, 0x0,
    0x2a, 0xff, 0xff, 0xfd, 0x70, 0x0, 0x0, 0x0,
    0x0, 0x0, 0x0, 0x0, 0x0, 0x0, 0x0, 0x0,
    0x0, 0x0, 0x8f, 0xff, 0xff, 0xff, 0xff, 0xd2,
    0x0, 0x0, 0x0, 0x0, 0x0, 0x0, 0x0, 0x0,
    0x0, 0x11, 0x0, 0x0, 0xaf, 0xff, 0xff, 0xee,
    0xff, 0xff, 0xd1, 0x0, 0x0, 0x0, 0x0, 0x0,
    0x0, 0x0, 0x0, 0xbf, 0xf1, 0x0, 0x8f, 0xff,
    0xb4, 0x0, 0x1, 0x7f, 0xff, 0x90, 0x0, 0x0,
    0x0, 0x0, 0x0, 0x0, 0x0, 0xb, 0xff, 0x10,
    0x3f, 0xff, 0x60, 0x0, 0x0, 0x0, 0x3f, 0xff,
    0x10, 0x0, 0x0, 0x0, 0x0, 0x0, 0x0, 0x0,
    0xbf, 0xf1, 0xc, 0xff, 0x60, 0x0, 0x0, 0x0,
    0x0, 0x9f, 0xf6, 0x13, 0x0, 0x0, 0x0, 0x0,
    0x0, 0x0, 0xb, 0xff, 0x13, 0xff, 0xb0, 0x0,
    0x0, 0x0, 0x0, 0x4, 0xff, 0xa6, 0xff, 0x60,
    0x0, 0x0, 0x0, 0x0, 0x0, 0xbf, 0xf1, 0x9f,
    0xf2, 0x0, 0x0, 0x0, 0x0, 0x0, 0x1f, 0xfc,
    0x9f, 0xf3, 0x0, 0x0, 0x0, 0x0, 0x0, 0xb,
    0xff, 0x1d, 0xfc, 0x0, 0x0, 0x0, 0x0, 0x0,
    0x0, 0xff, 0xcb, 0xff, 0x10, 0x0, 0x0, 0x0,
    0x0, 0x0, 0xbf, 0xf3, 0xff, 0x80, 0x0, 0x0,
    0x0, 0x0, 0x0, 0xf, 0xfc, 0xdf, 0xf0, 0x0,
    0x0, 0x0, 0x0, 0x0, 0xc, 0xff, 0x7f, 0xf4,
    0x0, 0x0, 0x0, 0x0, 0x0, 0x0, 0xff, 0xcd,
    0xff, 0x0, 0x0, 0x0, 0x0, 0x0, 0x0, 0xcf,
    0xfe, 0xff, 0x53, 0x33, 0x33, 0x33, 0x33, 0x33,
    0x4f, 0xfc, 0xdf, 0xf0, 0x0, 0x0, 0x0, 0x0,
    0x0, 0xc, 0xff, 0xff, 0xff, 0xff, 0xff, 0xff,
    0xff, 0xff, 0xff, 0xff, 0xdb, 0xff, 0x20, 0x0,
    0x0, 0x0, 0x0, 0x0, 0xff, 0xff, 0xff, 0xff,
    0xff, 0xff, 0xff, 0xff, 0xff, 0xff, 0xfd, 0x8f,
    0xf7, 0x0, 0x0, 0x0, 0x0, 0x0, 0x4f, 0xfd,
    0xbe, 0xff, 0xff, 0xff, 0xff, 0xff, 0xff, 0xff,
    0xff, 0xd3, 0xff, 0xe1, 0x0, 0x0, 0x0, 0x0,
    0xc, 0xff, 0x60, 0x0, 0x0, 0x0, 0x0, 0x0,
    0x0, 0x0, 0x0, 0x0, 0xc, 0xff, 0xc1, 0x0,
    0x0, 0x0, 0x9, 0xff, 0xf1, 0x0, 0x0, 0x0,
    0x0, 0x0, 0x0, 0x0, 0x0, 0x0, 0x0, 0x3f,
    0xff, 0xe7, 0x20, 0x2, 0x6d, 0xff, 0xf6, 0x0,
    0x0, 0x0, 0x0, 0x0, 0x0, 0x0, 0x0, 0x0,
    0x0, 0x0, 0x7f, 0xff, 0xff, 0xff, 0xff, 0xff,
    0xfa, 0x0, 0x0, 0x0, 0x0, 0x0, 0x0, 0x0,
    0x0, 0x0, 0x0, 0x0, 0x0, 0x6f, 0xff, 0xff,
    0xff, 0xff, 0xf8, 0x0, 0x0, 0x0, 0x0, 0x0,
    0x0, 0x0, 0x0, 0x0, 0x0, 0x0, 0x0, 0x0,
    0x18, 0xef, 0xff, 0xff, 0xa3, 0x0, 0x0, 0x0,
    0x0, 0x0, 0x0, 0x0, 0x0, 0x0, 0x0, 0x0,
    0x0, 0x0, 0x0, 0x0, 0x13, 0x32, 0x0, 0x0,
    0x0, 0x0, 0x0, 0x0, 0x0, 0x0, 0x0, 0x0,
    0x0, 0x0, 0x0,

    /* U+0637 "ط" */
    0x0, 0x9f, 0xf4, 0x0, 0x0, 0x0, 0x0, 0x0,
    0x0, 0x0, 0x0, 0x9, 0xff, 0x40, 0x0, 0x0,
    0x0, 0x0, 0x0, 0x0, 0x0, 0x0, 0x9f, 0xf4,
    0x0, 0x0, 0x0, 0x0, 0x0, 0x0, 0x0, 0x0,
    0x9, 0xff, 0x40, 0x0, 0x0, 0x0, 0x0, 0x0,
    0x0, 0x0, 0x0, 0x9f, 0xf4, 0x0, 0x0, 0x0,
    0x0, 0x0, 0x0, 0x0, 0x0, 0x9, 0xff, 0x40,
    0x0, 0x0, 0x0, 0x0, 0x0, 0x0, 0x0, 0x0,
    0x9f, 0xf4, 0x0, 0x0, 0x0, 0x0, 0x0, 0x0,
    0x0, 0x0, 0x9, 0xff, 0x40, 0x0, 0x0, 0x23,
    0x20, 0x0, 0x0, 0x0, 0x0, 0x9f, 0xf4, 0x0,
    0x19, 0xef, 0xff, 0xfc, 0x60, 0x0, 0x0, 0x9,
    0xff, 0x40, 0x4e, 0xff, 0xff, 0xff, 0xff, 0xc1,
    0x0, 0x0, 0x9f, 0xf4, 0x4f, 0xff, 0xff, 0xff,
    0xff, 0xff, 0xc0, 0x0, 0x9, 0xff, 0x6f, 0xff,
    0xc5, 0x10, 0x3, 0xaf, 0xff, 0x70, 0x0, 0x9f,
    0xfe, 0xff, 0x60, 0x0, 0x0, 0x0, 0x7f, 0xfe,
    0x0, 0x9, 0xff, 0xff, 0x50, 0x0, 0x0, 0x0,
    0x0, 0xcf, 0xf4, 0x0, 0x9f, 0xff, 0x90, 0x0,
    0x0, 0x0, 0x0, 0x6, 0xff, 0x80, 0x9, 0xff,
    0xf1, 0x0, 0x0, 0x0, 0x0, 0x0, 0x3f, 0xfa,
    0x0, 0x9f, 0xfa, 0x0, 0x0, 0x0, 0x0, 0x0,
    0x2, 0xff, 0xa0, 0x9, 0xff, 0x60, 0x0, 0x0,
    0x0, 0x0, 0x0, 0x2f, 0xfa, 0x0, 0x9f, 0xf2,
    0x0, 0x0, 0x0, 0x0, 0x0, 0x2, 0xff, 0xa3,
    0x3a, 0xff, 0x43, 0x33, 0x33, 0x33, 0x33, 0x33,
    0x5f, 0xfb, 0xef, 0xff, 0xff, 0xff, 0xff, 0xff,
    0xff, 0xff, 0xff, 0xff, 0xce, 0xff, 0xff, 0xff,
    0xff, 0xff, 0xff, 0xff, 0xff, 0xff, 0xfc, 0xef,
    0xff, 0xff, 0xff, 0xff, 0xff, 0xff, 0xff, 0xff,
    0xff, 0xc0,

    /* U+0638 "ظ" */
    0x0, 0x9f, 0xf4, 0x0, 0x0, 0x8, 0xfc, 0x10,
    0x0, 0x0, 0x0, 0x9, 0xff, 0x40, 0x0, 0x1,
    0xff, 0xf7, 0x0, 0x0, 0x0, 0x0, 0x9f, 0xf4,
    0x0, 0x0, 0x1f, 0xff, 0x70, 0x0, 0x0, 0x0,
    0x9, 0xff, 0x40, 0x0, 0x0, 0x5c, 0x90, 0x0,
    0x0, 0x0, 0x0, 0x9f, 0xf4, 0x0, 0x0, 0x0,
    0x0, 0x0, 0x0, 0x0, 0x0, 0x9, 0xff, 0x40,
    0x0, 0x0, 0x0, 0x0, 0x0, 0x0, 0x0, 0x0,
    0x9f, 0xf4, 0x0, 0x0, 0x0, 0x0, 0x0, 0x0,
    0x0, 0x0, 0x9, 0xff, 0x40, 0x0, 0x0, 0x23,
    0x20, 0x0, 0x0, 0x0, 0x0, 0x9f, 0xf4, 0x0,
    0x19, 0xef, 0xff, 0xfc, 0x60, 0x0, 0x0, 0x9,
    0xff, 0x40, 0x4e, 0xff, 0xff, 0xff, 0xff, 0xc1,
    0x0, 0x0, 0x9f, 0xf4, 0x4f, 0xff, 0xff, 0xff,
    0xff, 0xff, 0xc0, 0x0, 0x9, 0xff, 0x6f, 0xff,
    0xc5, 0x10, 0x3, 0xaf, 0xff, 0x70, 0x0, 0x9f,
    0xfe, 0xff, 0x60, 0x0, 0x0, 0x0, 0x7f, 0xfe,
    0x0, 0x9, 0xff, 0xff, 0x50, 0x0, 0x0, 0x0,
    0x0, 0xcf, 0xf4, 0x0, 0x9f, 0xff, 0x90, 0x0,
    0x0, 0x0, 0x0, 0x6, 0xff, 0x80, 0x9, 0xff,
    0xf1, 0x0, 0x0, 0x0, 0x0, 0x0, 0x3f, 0xfa,
    0x0, 0x9f, 0xfa, 0x0, 0x0, 0x0, 0x0, 0x0,
    0x2, 0xff, 0xa0, 0x9, 0xff, 0x60, 0x0, 0x0,
    0x0, 0x0, 0x0, 0x2f, 0xfa, 0x0, 0x9f, 0xf2,
    0x0, 0x0, 0x0, 0x0, 0x0, 0x2, 0xff, 0xa3,
    0x3a, 0xff, 0x43, 0x33, 0x33, 0x33, 0x33, 0x33,
    0x5f, 0xfb, 0xef, 0xff, 0xff, 0xff, 0xff, 0xff,
    0xff, 0xff, 0xff, 0xff, 0xce, 0xff, 0xff, 0xff,
    0xff, 0xff, 0xff, 0xff, 0xff, 0xff, 0xfc, 0xef,
    0xff, 0xff, 0xff, 0xff, 0xff, 0xff, 0xff, 0xff,
    0xff, 0xc0,

    /* U+0639 "ع" */
    0x0, 0x0, 0x0, 0x1, 0x33, 0x20, 0x0, 0x0,
    0x0, 0x1, 0x8d, 0xff, 0xff, 0xfd, 0x81, 0x0,
    0x6, 0xff, 0xff, 0xff, 0xff, 0xff, 0x10, 0x7,
    0xff, 0xff, 0xff, 0xff, 0xff, 0x90, 0x3, 0xff,
    0xfe, 0x72, 0x0, 0x2, 0x51, 0x0, 0xaf, 0xfc,
    0x0, 0x0, 0x0, 0x0, 0x0, 0xe, 0xff, 0x10,
    0x0, 0x0, 0x0, 0x0, 0x0, 0xff, 0xc0, 0x0,
    0x0, 0x0, 0x0, 0x0, 0x1f, 0xfc, 0x0, 0x0,
    0x0, 0x0, 0x0, 0x0, 0xff, 0xf1, 0x0, 0x0,
    0x0, 0x0, 0x0, 0xa, 0xff, 0xb0, 0x0, 0x0,
    0x0, 0x0, 0x0, 0x2f, 0xff, 0xe9, 0x54, 0x33,
    0x33, 0x31, 0x0, 0x3e, 0xff, 0xff, 0xff, 0xff,
    0xff, 0x50, 0x3, 0xef, 0xff, 0xff, 0xff, 0xff,
    0xf5, 0x4, 0xff, 0xff, 0xff, 0xff, 0xff, 0xff,
    0x50, 0xef, 0xff, 0x93, 0x10, 0x0, 0x0, 0x0,
    0x6f, 0xfd, 0x20, 0x0, 0x0, 0x0, 0x0, 0xb,
    0xff, 0x30, 0x0, 0x0, 0x0, 0x0, 0x0, 0xdf,
    0xf0, 0x0, 0x0, 0x0, 0x0, 0x0, 0xd, 0xff,
    0x20, 0x0, 0x0, 0x0, 0x0, 0x0, 0xaf, 0xfd,
    0x10, 0x0, 0x0, 0x0, 0x0, 0x5, 0xff, 0xff,
    0x83, 0x0, 0x13, 0x6c, 0x90, 0xc, 0xff, 0xff,
    0xff, 0xff, 0xff, 0xff, 0x20, 0x1b, 0xff, 0xff,
    0xff, 0xff, 0xff, 0xf8, 0x0, 0x5, 0xbf, 0xff,
    0xff, 0xfd, 0x94, 0x0, 0x0, 0x0, 0x2, 0x33,
    0x20, 0x0, 0x0,

    /* U+063A "غ" */
    0x0, 0x0, 0x0, 0x1, 0xcf, 0x80, 0x0, 0x0,
    0x0, 0x0, 0x0, 0x8f, 0xff, 0x20, 0x0, 0x0,
    0x0, 0x0, 0x7, 0xff, 0xf1, 0x0, 0x0, 0x0,
    0x0, 0x0, 0x8, 0xb4, 0x0, 0x0, 0x0, 0x0,
    0x0, 0x0, 0x0, 0x0, 0x0, 0x0, 0x0, 0x0,
    0x0, 0x0, 0x0, 0x0, 0x0, 0x0, 0x0, 0x0,
    0x0, 0x0, 0x0, 0x0, 0x0, 0x0, 0x0, 0x0,
    0x13, 0x32, 0x0, 0x0, 0x0, 0x0, 0x18, 0xdf,
    0xff, 0xff, 0xd8, 0x10, 0x0, 0x6f, 0xff, 0xff,
    0xff, 0xff, 0xf1, 0x0, 0x7f, 0xff, 0xff, 0xff,
    0xff, 0xf9, 0x0, 0x3f, 0xff, 0xe7, 0x20, 0x0,
    0x25, 0x10, 0xa, 0xff, 0xc0, 0x0, 0x0, 0x0,
    0x0, 0x0, 0xef, 0xf1, 0x0, 0x0, 0x0, 0x0,
    0x0, 0xf, 0xfc, 0x0, 0x0, 0x0, 0x0, 0x0,
    0x1, 0xff, 0xc0, 0x0, 0x0, 0x0, 0x0, 0x0,
    0xf, 0xff, 0x10, 0x0, 0x0, 0x0, 0x0, 0x0,
    0xaf, 0xfb, 0x0, 0x0, 0x0, 0x0, 0x0, 0x2,
    0xff, 0xfe, 0x95, 0x43, 0x33, 0x33, 0x10, 0x3,
    0xef, 0xff, 0xff, 0xff, 0xff, 0xf5, 0x0, 0x3e,
    0xff, 0xff, 0xff, 0xff, 0xff, 0x50, 0x4f, 0xff,
    0xff, 0xff, 0xff, 0xff, 0xf5, 0xe, 0xff, 0xf9,
    0x31, 0x0, 0x0, 0x0, 0x6, 0xff, 0xd2, 0x0,
    0x0, 0x0, 0x0, 0x0, 0xbf, 0xf3, 0x0, 0x0,
    0x0, 0x0, 0x0, 0xd, 0xff, 0x0, 0x0, 0x0,
    0x0, 0x0, 0x0, 0xdf, 0xf2, 0x0, 0x0, 0x0,
    0x0, 0x0, 0xa, 0xff, 0xd1, 0x0, 0x0, 0x0,
    0x0, 0x0, 0x5f, 0xff, 0xf8, 0x30, 0x1, 0x36,
    0xc9, 0x0, 0xcf, 0xff, 0xff, 0xff, 0xff, 0xff,
    0xf2, 0x1, 0xbf, 0xff, 0xff, 0xff, 0xff, 0xff,
    0x80, 0x0, 0x5b, 0xff, 0xff, 0xff, 0xd9, 0x40,
    0x0, 0x0, 0x0, 0x23, 0x32, 0x0, 0x0, 0x0,

    /* U+0640 "ـ" */
    0x3, 0x33, 0x33, 0x7, 0xff, 0xff, 0xf5, 0x8f,
    0xff, 0xff, 0x66, 0xff, 0xff, 0xf4,

    /* U+0641 "ف" */
    0x0, 0x0, 0x0, 0x0, 0x0, 0x0, 0x0, 0x0,
    0x0, 0xb, 0xf9, 0x0, 0x0, 0x0, 0x0, 0x0,
    0x0, 0x0, 0x0, 0x0, 0x0, 0x0, 0x6, 0xff,
    0xf3, 0x0, 0x0, 0x0, 0x0, 0x0, 0x0, 0x0,
    0x0, 0x0, 0x0, 0x0, 0x5f, 0xff, 0x20, 0x0,
    0x0, 0x0, 0x0, 0x0, 0x0, 0x0, 0x0, 0x0,
    0x0, 0x0, 0x7b, 0x50, 0x0, 0x0, 0x0, 0x0,
    0x0, 0x0, 0x0, 0x0, 0x0, 0x0, 0x0, 0x0,
    0x0, 0x0, 0x0, 0x0, 0x0, 0x0, 0x0, 0x0,
    0x0, 0x0, 0x0, 0x0, 0x0, 0x0, 0x0, 0x0,
    0x0, 0x0, 0x0, 0x0, 0x0, 0x0, 0x0, 0x0,
    0x0, 0x0, 0x0, 0x0, 0x0, 0x0, 0x0, 0x0,
    0x0, 0x0, 0x0, 0x0, 0x0, 0x0, 0x0, 0x0,
    0x13, 0x20, 0x0, 0x0, 0x0, 0x0, 0x0, 0x0,
    0x0, 0x0, 0x0, 0x0, 0x7, 0xdf, 0xff, 0xfc,
    0x71, 0x0, 0x12, 0x0, 0x0, 0x0, 0x0, 0x0,
    0x0, 0x1d, 0xff, 0xff, 0xff, 0xff, 0xf2, 0x8,
    0xfb, 0x10, 0x0, 0x0, 0x0, 0x0, 0x1d, 0xff,
    0xff, 0xff, 0xff, 0xff, 0x20, 0xff, 0xe0, 0x0,
    0x0, 0x0, 0x0, 0x9, 0xff, 0xf8, 0x20, 0x3,
    0xdf, 0xf2, 0x4f, 0xf8, 0x0, 0x0, 0x0, 0x0,
    0x1, 0xff, 0xf4, 0x0, 0x0, 0xa, 0xff, 0x27,
    0xff, 0x50, 0x0, 0x0, 0x0, 0x0, 0x5f, 0xfa,
    0x0, 0x0, 0x0, 0xaf, 0xf2, 0x9f, 0xf4, 0x0,
    0x0, 0x0, 0x0, 0x7, 0xff, 0x60, 0x0, 0x0,
    0xa, 0xff, 0x28, 0xff, 0x50, 0x0, 0x0, 0x0,
    0x0, 0x7f, 0xf5, 0x0, 0x0, 0x0, 0xaf, 0xf2,
    0x6f, 0xfa, 0x0, 0x0, 0x0, 0x0, 0x5, 0xff,
    0x80, 0x0, 0x0, 0xa, 0xff, 0x21, 0xff, 0xf6,
    0x0, 0x0, 0x0, 0x0, 0x1f, 0xfd, 0x0, 0x0,
    0x0, 0xaf, 0xf2, 0x9, 0xff, 0xfc, 0x74, 0x33,
    0x44, 0x44, 0xcf, 0xf9, 0x33, 0x33, 0x3b, 0xff,
    0x20, 0xd, 0xff, 0xff, 0xff, 0xff, 0xff, 0xff,
    0xff, 0xff, 0xff, 0xff, 0xff, 0xf2, 0x0, 0x1a,
    0xff, 0xff, 0xff, 0xff, 0xff, 0xff, 0xff, 0xff,
    0xff, 0xff, 0xff, 0x20, 0x0, 0x3, 0x9d, 0xff,
    0xff, 0xff, 0xff, 0xff, 0xff, 0xff, 0xff, 0xff,
    0xf2,

    /* U+0642 "ق" */
    0x0, 0x0, 0x0, 0x0, 0x0, 0x0, 0x4, 0x50,
    0x4, 0x50, 0x0, 0x0, 0x0, 0x0, 0x0, 0x0,
    0x0, 0x6f, 0xf9, 0x6f, 0xf8, 0x0, 0x0, 0x0,
    0x0, 0x0, 0x0, 0x0, 0x9f, 0xfc, 0x9f, 0xfb,
    0x0, 0x0, 0x0, 0x0, 0x0, 0x0, 0x0, 0x2d,
    0xe4, 0x3e, 0xe4, 0x0, 0x0, 0x0, 0x0, 0x0,
    0x0, 0x0, 0x0, 0x0, 0x0, 0x0, 0x0, 0x0,
    0x0, 0x0, 0x0, 0x0, 0x0, 0x0, 0x0, 0x0,
    0x0, 0x0, 0x0, 0x0, 0x0, 0x0, 0x0, 0x0,
    0x0, 0x0, 0x0, 0x0, 0x0, 0x0, 0x0, 0x0,
    0x0, 0x0, 0x0, 0x0, 0x3, 0x31, 0x0, 0x0,
    0x0, 0x0, 0x0, 0x0, 0x0, 0x0, 0x4c, 0xff,
    0xff, 0xe9, 0x20, 0x0, 0x0, 0x0, 0x0, 0x0,
    0x9, 0xff, 0xff, 0xff, 0xff, 0xf6, 0x0, 0x0,
    0x0, 0x0, 0x0, 0x9f, 0xff, 0xff, 0xff, 0xff,
    0xf7, 0x0, 0x0, 0x0, 0x0, 0x4, 0xff, 0xfb,
    0x40, 0x2, 0x9f, 0xf7, 0x0, 0x0, 0x0, 0x0,
    0xc, 0xff, 0x90, 0x0, 0x0, 0x6f, 0xf7, 0x12,
    0x0, 0x0, 0x0, 0xf, 0xfe, 0x0, 0x0, 0x0,
    0x6f, 0xf7, 0x6f, 0xf5, 0x0, 0x0, 0x2f, 0xfa,
    0x0, 0x0, 0x0, 0x6f, 0xf7, 0x9f, 0xf3, 0x0,
    0x0, 0x2f, 0xfa, 0x0, 0x0, 0x0, 0x6f, 0xf7,
    0xcf, 0xf1, 0x0, 0x0, 0xf, 0xfe, 0x0, 0x0,
    0x0, 0x6f, 0xf7, 0xdf, 0xf0, 0x0, 0x0, 0xc,
    0xff, 0x90, 0x0, 0x0, 0x6f, 0xf7, 0xdf, 0xf0,
    0x0, 0x0, 0x4, 0xff, 0xfd, 0x63, 0x33, 0x8f,
    0xf7, 0xdf, 0xf0, 0x0, 0x0, 0x0, 0x9f, 0xff,
    0xff, 0xff, 0xff, 0xf6, 0xbf, 0xf2, 0x0, 0x0,
    0x0, 0x9, 0xff, 0xff, 0xff, 0xff, 0xf4, 0x8f,
    0xf6, 0x0, 0x0, 0x0, 0x0, 0x39, 0xdf, 0xff,
    0xff, 0xf1, 0x4f, 0xfd, 0x0, 0x0, 0x0, 0x0,
    0x0, 0x0, 0x3, 0xff, 0xd0, 0xe, 0xff, 0x60,
    0x0, 0x0, 0x0, 0x0, 0x0, 0xc, 0xff, 0x70,
    0x6, 0xff, 0xf3, 0x0, 0x0, 0x0, 0x0, 0x0,
    0x9f, 0xff, 0x10, 0x0, 0xdf, 0xff, 0x60, 0x0,
    0x0, 0x0, 0x1a, 0xff, 0xf7, 0x0, 0x0, 0x2e,
    0xff, 0xfd, 0x85, 0x34, 0x6a, 0xff, 0xff, 0xb0,
    0x0, 0x0, 0x3, 0xef, 0xff, 0xff, 0xff, 0xff,
    0xff, 0xfb, 0x0, 0x0, 0x0, 0x0, 0x1a, 0xff,
    0xff, 0xff, 0xff, 0xfe, 0x60, 0x0, 0x0, 0x0,
    0x0, 0x0, 0x28, 0xce, 0xff, 0xdb, 0x60, 0x0,
    0x0, 0x0,

    /* U+0643 "ك" */
    0x0, 0x0, 0x0, 0x0, 0x0, 0x0, 0x0, 0x0,
    0x0, 0xa, 0xff, 0x30, 0x0, 0x0, 0x0, 0x0,
    0x0, 0x0, 0x0, 0x0, 0x0, 0xaf, 0xf3, 0x0,
    0x0, 0x0, 0x0, 0x0, 0x0, 0x0, 0x0, 0x0,
    0xa, 0xff, 0x30, 0x0, 0x0, 0x0, 0x0, 0x0,
    0x0, 0x0, 0x0, 0x0, 0xaf, 0xf3, 0x0, 0x0,
    0x0, 0x0, 0x0, 0x0, 0x6a, 0x30, 0x0, 0xa,
    0xff, 0x30, 0x0, 0x0, 0x0, 0x0, 0x2, 0xdf,
    0xf5, 0x0, 0x0, 0xaf, 0xf3, 0x0, 0x0, 0x0,
    0x0, 0x0, 0xdf, 0x61, 0x0, 0x0, 0xa, 0xff,
    0x30, 0x0, 0x0, 0x0, 0x0, 0x4f, 0x50, 0x0,
    0x0, 0x0, 0xaf, 0xf3, 0x0, 0x0, 0x0, 0x0,
    0x4, 0xff, 0xa4, 0x0, 0x0, 0xa, 0xff, 0x30,
    0x0, 0x0, 0x0, 0x0, 0x7, 0xef, 0xf8, 0x0,
    0x0, 0xaf, 0xf3, 0x1, 0x30, 0x0, 0x0, 0x0,
    0x13, 0x9f, 0xc0, 0x0, 0xa, 0xff, 0x30, 0x9f,
    0xc1, 0x0, 0x2, 0xff, 0xff, 0xf5, 0x0, 0x0,
    0xaf, 0xf3, 0xf, 0xfe, 0x0, 0x0, 0x1b, 0xa9,
    0x61, 0x0, 0x0, 0xa, 0xff, 0x35, 0xff, 0x80,
    0x0, 0x0, 0x0, 0x0, 0x0, 0x0, 0x0, 0xaf,
    0xf3, 0x7f, 0xf5, 0x0, 0x0, 0x0, 0x0, 0x0,
    0x0, 0x0, 0xa, 0xff, 0x39, 0xff, 0x40, 0x0,
    0x0, 0x0, 0x0, 0x0, 0x0, 0x0, 0xaf, 0xf3,
    0x8f, 0xf5, 0x0, 0x0, 0x0, 0x0, 0x0, 0x0,
    0x0, 0xa, 0xff, 0x36, 0xff, 0xa0, 0x0, 0x0,
    0x0, 0x0, 0x0, 0x0, 0x0, 0xaf, 0xf3, 0x1f,
    0xff, 0x60, 0x0, 0x0, 0x0, 0x0, 0x0, 0x0,
    0xa, 0xff, 0x30, 0x9f, 0xff, 0xc7, 0x43, 0x33,
    0x33, 0x33, 0x33, 0x33, 0xbf, 0xf3, 0x0, 0xcf,
    0xff, 0xff, 0xff, 0xff, 0xff, 0xff, 0xff, 0xff,
    0xff, 0x30, 0x1, 0xaf, 0xff, 0xff, 0xff, 0xff,
    0xff, 0xff, 0xff, 0xff, 0xf3, 0x0, 0x0, 0x39,
    0xdf, 0xff, 0xff, 0xff, 0xff, 0xff, 0xff, 0xff,
    0x30,

    /* U+0644 "ل" */
    0x0, 0x0, 0x0, 0x0, 0x0, 0x0, 0x0, 0x4f,
    0xf8, 0x0, 0x0, 0x0, 0x0, 0x0, 0x0, 0x0,
    0x4f, 0xf8, 0x0, 0x0, 0x0, 0x0, 0x0, 0x0,
    0x0, 0x4f, 0xf8, 0x0, 0x0, 0x0, 0x0, 0x0,
    0x0, 0x0, 0x4f, 0xf8, 0x0, 0x0, 0x0, 0x0,
    0x0, 0x0, 0x0, 0x4f, 0xf8, 0x0, 0x0, 0x0,
    0x0, 0x0, 0x0, 0x0, 0x4f, 0xf8, 0x0, 0x0,
    0x0, 0x0, 0x0, 0x0, 0x0, 0x4f, 0xf8, 0x0,
    0x0, 0x0, 0x0, 0x0, 0x0, 0x0, 0x4f, 0xf8,
    0x0, 0x0, 0x0, 0x0, 0x0, 0x0, 0x0, 0x4f,
    0xf8, 0x0, 0x0, 0x0, 0x0, 0x0, 0x0, 0x0,
    0x4f, 0xf8, 0x0, 0x0, 0x0, 0x0, 0x0, 0x0,
    0x0, 0x4f, 0xf8, 0x0, 0x0, 0x0, 0x0, 0x0,
    0x0, 0x0, 0x4f, 0xf8, 0x0, 0x0, 0x0, 0x0,
    0x0, 0x0, 0x0, 0x4f, 0xf8, 0x0, 0x0, 0x0,
    0x0, 0x0, 0x0, 0x0, 0x4f, 0xf8, 0x3b, 0x83,
    0x0, 0x0, 0x0, 0x0, 0x0, 0x4f, 0xf8, 0x7f,
    0xf5, 0x0, 0x0, 0x0, 0x0, 0x0, 0x4f, 0xf8,
    0xaf, 0xf2, 0x0, 0x0, 0x0, 0x0, 0x0, 0x4f,
    0xf8, 0xcf, 0xf0, 0x0, 0x0, 0x0, 0x0, 0x0,
    0x4f, 0xf8, 0xdf, 0xf0, 0x0, 0x0, 0x0, 0x0,
    0x0, 0x4f, 0xf8, 0xdf, 0xf0, 0x0, 0x0, 0x0,
    0x0, 0x0, 0x5f, 0xf8, 0xcf, 0xf0, 0x0, 0x0,
    0x0, 0x0, 0x0, 0x6f, 0xf7, 0xaf, 0xf4, 0x0,
    0x0, 0x0, 0x0, 0x0, 0x9f, 0xf4, 0x6f, 0xf9,
    0x0, 0x0, 0x0, 0x0, 0x0, 0xef, 0xf1, 0x1f,
    0xff, 0x20, 0x0, 0x0, 0x0, 0x7, 0xff, 0xb0,
    0xa, 0xff, 0xe2, 0x0, 0x0, 0x0, 0x6f, 0xff,
    0x40, 0x1, 0xef, 0xff, 0xa5, 0x34, 0x6c, 0xff,
    0xfb, 0x0, 0x0, 0x4f, 0xff, 0xff, 0xff, 0xff,
    0xff, 0xd1, 0x0, 0x0, 0x3, 0xdf, 0xff, 0xff,
    0xff, 0xfa, 0x10, 0x0, 0x0, 0x0, 0x6, 0xbe,
    0xff, 0xd9, 0x30, 0x0, 0x0,

    /* U+0645 "م" */
    0x0, 0x0, 0x0, 0x0, 0x1, 0x32, 0x0, 0x0,
    0x0, 0x0, 0x0, 0x0, 0x2b, 0xff, 0xff, 0x70,
    0x0, 0x0, 0x0, 0x0, 0x4f, 0xff, 0xff, 0xff,
    0x90, 0x0, 0x0, 0x0, 0x3f, 0xff, 0xff, 0xff,
    0xff, 0x40, 0x0, 0x0, 0x1e, 0xff, 0xe5, 0x1,
    0xaf, 0xfb, 0x0, 0x0, 0xa, 0xff, 0xe2, 0x0,
    0x0, 0xef, 0xf0, 0x0, 0x3, 0xff, 0xf4, 0x0,
    0x0, 0xa, 0xff, 0x30, 0x0, 0x8, 0xf9, 0x0,
    0x0, 0x0, 0x9f, 0xf4, 0x0, 0x0, 0x3, 0x0,
    0x0, 0x0, 0x9, 0xff, 0x40, 0x0, 0x0, 0x0,
    0x0, 0x0, 0x0, 0xaf, 0xf2, 0x0, 0x7, 0xdf,
    0xec, 0xa7, 0x41, 0xe, 0xff, 0x0, 0xb, 0xff,
    0xff, 0xff, 0xff, 0xff, 0xff, 0xc0, 0x6, 0xff,
    0xff, 0xff, 0xff, 0xff, 0xff, 0xf8, 0x0, 0xef,
    0xf5, 0x1, 0x35, 0x8b, 0xef, 0xff, 0x10, 0x2f,
    0xf8, 0x0, 0x0, 0x0, 0x0, 0x14, 0x50, 0x4,
    0xff, 0x50, 0x0, 0x0, 0x0, 0x0, 0x0, 0x0,
    0x4f, 0xf5, 0x0, 0x0, 0x0, 0x0, 0x0, 0x0,
    0x3, 0xff, 0x60, 0x0, 0x0, 0x0, 0x0, 0x0,
    0x0, 0x2f, 0xf7, 0x0, 0x0, 0x0, 0x0, 0x0,
    0x0, 0x0, 0xff, 0x90, 0x0, 0x0, 0x0, 0x0,
    0x0, 0x0, 0xe, 0xfb, 0x0, 0x0, 0x0, 0x0,
    0x0, 0x0, 0x0, 0xcf, 0xc0, 0x0, 0x0, 0x0,
    0x0, 0x0, 0x0, 0xb, 0xfe, 0x0, 0x0, 0x0,
    0x0, 0x0, 0x0, 0x0, 0x9f, 0xf0, 0x0, 0x0,
    0x0, 0x0, 0x0, 0x0,

    /* U+0646 "ن" */
    0x0, 0x0, 0x0, 0x3, 0xee, 0x50, 0x0, 0x0,
    0x0, 0x0, 0x0, 0x0, 0x0, 0xbf, 0xfe, 0x0,
    0x0, 0x0, 0x0, 0x0, 0x0, 0x0, 0xa, 0xff,
    0xd0, 0x0, 0x0, 0x0, 0x0, 0x0, 0x0, 0x0,
    0x1a, 0xb3, 0x0, 0x0, 0x79, 0x90, 0x0, 0x0,
    0x0, 0x0, 0x0, 0x0, 0x0, 0xb, 0xff, 0x10,
    0x0, 0x0, 0x0, 0x0, 0x0, 0x0, 0x0, 0xbf,
    0xf1, 0x0, 0x0, 0x0, 0x0, 0x0, 0x0, 0x0,
    0xb, 0xff, 0x10, 0x0, 0x0, 0x0, 0x0, 0x0,
    0x0, 0x0, 0xbf, 0xf1, 0x0, 0x0, 0x0, 0x0,
    0x0, 0x0, 0x0, 0xb, 0xff, 0x11, 0x63, 0x0,
    0x0, 0x0, 0x0, 0x0, 0x0, 0xbf, 0xf1, 0x6f,
    0xf6, 0x0, 0x0, 0x0, 0x0, 0x0, 0xb, 0xff,
    0x19, 0xff, 0x30, 0x0, 0x0, 0x0, 0x0, 0x0,
    0xbf, 0xf1, 0xcf, 0xf1, 0x0, 0x0, 0x0, 0x0,
    0x0, 0xb, 0xff, 0x1d, 0xff, 0x0, 0x0, 0x0,
    0x0, 0x0, 0x0, 0xbf, 0xf1, 0xdf, 0xf0, 0x0,
    0x0, 0x0, 0x0, 0x0, 0xb, 0xff, 0x1d, 0xff,
    0x0, 0x0, 0x0, 0x0, 0x0, 0x0, 0xdf, 0xf0,
    0xaf, 0xf3, 0x0, 0x0, 0x0, 0x0, 0x0, 0xf,
    0xfe, 0x7, 0xff, 0x90, 0x0, 0x0, 0x0, 0x0,
    0x5, 0xff, 0xa0, 0x2f, 0xff, 0x20, 0x0, 0x0,
    0x0, 0x0, 0xdf, 0xf5, 0x0, 0xaf, 0xfe, 0x30,
    0x0, 0x0, 0x1, 0xcf, 0xfe, 0x0, 0x2, 0xff,
    0xff, 0xa6, 0x43, 0x59, 0xff, 0xff, 0x40, 0x0,
    0x4, 0xff, 0xff, 0xff, 0xff, 0xff, 0xff, 0x70,
    0x0, 0x0, 0x3, 0xdf, 0xff, 0xff, 0xff, 0xfe,
    0x50, 0x0, 0x0, 0x0, 0x0, 0x5a, 0xef, 0xfe,
    0xb6, 0x0, 0x0, 0x0,

    /* U+0647 "ه" */
    0x0, 0x0, 0x0, 0x33, 0x10, 0x0, 0x0, 0x0,
    0x0, 0x1d, 0xff, 0xe3, 0x0, 0x0, 0x0, 0x1,
    0xdf, 0xff, 0xff, 0x30, 0x0, 0x0, 0xd, 0xff,
    0xff, 0xff, 0xf2, 0x0, 0x0, 0xaf, 0xff, 0x53,
    0xef, 0xfd, 0x0, 0x4, 0xff, 0xf5, 0x0, 0x3f,
    0xff, 0x80, 0xd, 0xff, 0x80, 0x0, 0x5, 0xff,
    0xf1, 0x3f, 0xfe, 0x0, 0x0, 0x0, 0xbf, 0xf6,
    0x7f, 0xf7, 0x0, 0x0, 0x0, 0x4f, 0xfa, 0x9f,
    0xf4, 0x0, 0x0, 0x0, 0x1f, 0xfc, 0x8f, 0xf5,
    0x0, 0x0, 0x0, 0x2f, 0xfb, 0x6f, 0xfc, 0x0,
    0x0, 0x0, 0xaf, 0xf8, 0x1f, 0xff, 0xd6, 0x43,
    0x6c, 0xff, 0xf3, 0x6, 0xff, 0xff, 0xff, 0xff,
    0xff, 0x90, 0x0, 0x7f, 0xff, 0xff, 0xff, 0xfa,
    0x0, 0x0, 0x2, 0x9d, 0xff, 0xea, 0x40, 0x0,

    /* U+0648 "و" */
    0x0, 0x0, 0x0, 0x23, 0x20, 0x0, 0x0, 0x0,
    0x2a, 0xff, 0xff, 0xfa, 0x40, 0x0, 0x5f, 0xff,
    0xff, 0xff, 0xff, 0xb0, 0x5f, 0xff, 0xff, 0xff,
    0xff, 0xfc, 0xe, 0xff, 0xe6, 0x10, 0x16, 0xff,
    0xc6, 0xff, 0xd1, 0x0, 0x0, 0xf, 0xfc, 0xbf,
    0xf4, 0x0, 0x0, 0x0, 0xff, 0xcd, 0xff, 0x0,
    0x0, 0x0, 0xf, 0xfc, 0xdf, 0xf0, 0x0, 0x0,
    0x0, 0xff, 0xcb, 0xff, 0x40, 0x0, 0x0, 0xf,
    0xfc, 0x7f, 0xfd, 0x10, 0x0, 0x0, 0xff, 0xc0,
    0xef, 0xfe, 0x84, 0x33, 0x4f, 0xfc, 0x4, 0xff,
    0xff, 0xff, 0xff, 0xff, 0xc0, 0x5, 0xff, 0xff,
    0xff, 0xff, 0xfc, 0x0, 0x1, 0x8c, 0xff, 0xff,
    0xff, 0xc0, 0x0, 0x0, 0x0, 0x0, 0xf, 0xfc,
    0x0, 0x0, 0x0, 0x0, 0x1, 0xff, 0xc0, 0x0,
    0x0, 0x0, 0x0, 0x4f, 0xfa, 0x0, 0x0, 0x0,
    0x0, 0x4e, 0xff, 0x60, 0xcf, 0xff, 0xff, 0xff,
    0xff, 0xe1, 0xc, 0xff, 0xff, 0xff, 0xff, 0xf4,
    0x0, 0xcf, 0xff, 0xff, 0xff, 0xb2, 0x0, 0x2,
    0x33, 0x33, 0x32, 0x0, 0x0, 0x0,

    /* U+0649 "ى" */
    0x0, 0x0, 0x0, 0x0, 0x0, 0x0, 0x28, 0xdf,
    0xfe, 0xb7, 0x10, 0x0, 0x0, 0x0, 0x0, 0x0,
    0x0, 0x6, 0xff, 0xff, 0xff, 0xff, 0xfa, 0x20,
    0x0, 0x0, 0x0, 0x0, 0x0, 0x4f, 0xff, 0xff,
    0xff, 0xff, 0xff, 0xf4, 0x0, 0x0, 0x0, 0x0,
    0x0, 0xdf, 0xfe, 0x74, 0x35, 0x9e, 0xff, 0xe0,
    0x0, 0x0, 0x0, 0x0, 0x2, 0xff, 0xd0, 0x0,
    0x0, 0x0, 0x5e, 0x50, 0x0, 0x0, 0x0, 0x0,
    0x5, 0xff, 0x80, 0x0, 0x0, 0x0, 0x0, 0x0,
    0x0, 0x0, 0x0, 0x0, 0x5, 0xff, 0x90, 0x0,
    0x0, 0x0, 0x0, 0x0, 0x0, 0x0, 0x0, 0x0,
    0x2, 0xff, 0xf4, 0x0, 0x0, 0x0, 0x0, 0x0,
    0x10, 0x0, 0x0, 0x0, 0x0, 0xcf, 0xff, 0xa3,
    0x0, 0x0, 0x0, 0x0, 0x8f, 0xd2, 0x0, 0x0,
    0x0, 0x3f, 0xff, 0xff, 0xd8, 0x20, 0x0, 0x0,
    0xbf, 0xf1, 0x0, 0x0, 0x0, 0x2, 0xdf, 0xff,
    0xff, 0xfc, 0x40, 0x0, 0xdf, 0xf0, 0x0, 0x0,
    0x0, 0x0, 0x5, 0xcf, 0xff, 0xff, 0xfa, 0x0,
    0xdf, 0xf0, 0x0, 0x0, 0x0, 0x0, 0x0, 0x3,
    0x9e, 0xff, 0xff, 0xb0, 0xdf, 0xf0, 0x0, 0x0,
    0x0, 0x0, 0x0, 0x0, 0x0, 0x4c, 0xff, 0xf3,
    0xbf, 0xf4, 0x0, 0x0, 0x0, 0x0, 0x0, 0x0,
    0x0, 0x0, 0x9f, 0xf7, 0x7f, 0xfb, 0x0, 0x0,
    0x0, 0x0, 0x0, 0x0, 0x0, 0x0, 0x6f, 0xf7,
    0x2f, 0xff, 0x60, 0x0, 0x0, 0x0, 0x0, 0x0,
    0x0, 0x1, 0xdf, 0xf5, 0xa, 0xff, 0xfa, 0x20,
    0x0, 0x0, 0x0, 0x0, 0x0, 0x6e, 0xff, 0xe0,
    0x0, 0xdf, 0xff, 0xfc, 0x85, 0x43, 0x34, 0x57,
    0xbf, 0xff, 0xff, 0x50, 0x0, 0x1c, 0xff, 0xff,
    0xff, 0xff, 0xff, 0xff, 0xff, 0xff, 0xf5, 0x0,
    0x0, 0x0, 0x6d, 0xff, 0xff, 0xff, 0xff, 0xff,
    0xff, 0xfa, 0x20, 0x0, 0x0, 0x0, 0x0, 0x38,
    0xbd, 0xff, 0xff, 0xec, 0x95, 0x0, 0x0, 0x0,

    /* U+064A "ي" */
    0x0, 0x0, 0x0, 0x0, 0x0, 0x0, 0x28, 0xdf,
    0xfe, 0xb7, 0x10, 0x0, 0x0, 0x0, 0x0, 0x0,
    0x0, 0x5, 0xff, 0xff, 0xff, 0xff, 0xfa, 0x20,
    0x0, 0x0, 0x0, 0x0, 0x0, 0x4f, 0xff, 0xff,
    0xff, 0xff, 0xff, 0xf4, 0x0, 0x0, 0x0, 0x0,
    0x0, 0xdf, 0xfe, 0x74, 0x35, 0x9e, 0xff, 0xe0,
    0x0, 0x0, 0x0, 0x0, 0x2, 0xff, 0xd1, 0x0,
    0x0, 0x0, 0x5e, 0x50, 0x0, 0x0, 0x0, 0x0,
    0x5, 0xff, 0x80, 0x0, 0x0, 0x0, 0x0, 0x0,
    0x0, 0x0, 0x0, 0x0, 0x5, 0xff, 0x90, 0x0,
    0x0, 0x0, 0x0, 0x0, 0x0, 0x0, 0x0, 0x0,
    0x3, 0xff, 0xf3, 0x0, 0x0, 0x0, 0x0, 0x0,
    0x0, 0x0, 0x0, 0x0, 0x0, 0xdf, 0xff, 0x92,
    0x0, 0x0, 0x0, 0x0, 0x8f, 0xc2, 0x0, 0x0,
    0x0, 0x4f, 0xff, 0xff, 0xc7, 0x10, 0x0, 0x0,
    0xbf, 0xf1, 0x0, 0x0, 0x0, 0x4, 0xef, 0xff,
    0xff, 0xfb, 0x30, 0x0, 0xdf, 0xf0, 0x0, 0x0,
    0x0, 0x0, 0x7, 0xef, 0xff, 0xff, 0xf9, 0x0,
    0xdf, 0xf0, 0x0, 0x0, 0x0, 0x0, 0x0, 0x5,
    0xbf, 0xff, 0xff, 0x90, 0xdf, 0xf0, 0x0, 0x0,
    0x0, 0x0, 0x0, 0x0, 0x1, 0x7e, 0xff, 0xf2,
    0xbf, 0xf3, 0x0, 0x0, 0x0, 0x0, 0x0, 0x0,
    0x0, 0x0, 0xaf, 0xf6, 0x8f, 0xf9, 0x0, 0x0,
    0x0, 0x0, 0x0, 0x0, 0x0, 0x0, 0x5f, 0xf7,
    0x3f, 0xff, 0x40, 0x0, 0x0, 0x0, 0x0, 0x0,
    0x0, 0x0, 0xbf, 0xf5, 0xb, 0xff, 0xf6, 0x0,
    0x0, 0x0, 0x0, 0x0, 0x0, 0x2c, 0xff, 0xf1,
    0x2, 0xef, 0xff, 0xe8, 0x42, 0x0, 0x0, 0x24,
    0x7c, 0xff, 0xff, 0x70, 0x0, 0x3e, 0xff, 0xff,
    0xff, 0xff, 0xff, 0xff, 0xff, 0xff, 0xf8, 0x0,
    0x0, 0x1, 0x9f, 0xff, 0xff, 0xff, 0xff, 0xff,
    0xff, 0xfd, 0x40, 0x0, 0x0, 0x0, 0x1, 0x7b,
    0xef, 0xff, 0xff, 0xff, 0xc8, 0x30, 0x0, 0x0,
    0x0, 0x0, 0x0, 0x0, 0x1, 0x23, 0x32, 0x10,
    0x0, 0x0, 0x0, 0x0, 0x0, 0x0, 0x0, 0x0,
    0x0, 0x0, 0x0, 0x0, 0x0, 0x0, 0x0, 0x0,
    0x0, 0x0, 0x0, 0x0, 0x0, 0x0, 0x0, 0x0,
    0x0, 0x0, 0x0, 0x0, 0x0, 0x0, 0x0, 0x0,
    0x4, 0x50, 0x4, 0x50, 0x0, 0x0, 0x0, 0x0,
    0x0, 0x0, 0x0, 0x0, 0x6f, 0xf9, 0x6f, 0xf8,
    0x0, 0x0, 0x0, 0x0, 0x0, 0x0, 0x0, 0x0,
    0x9f, 0xfc, 0x9f, 0xfb, 0x0, 0x0, 0x0, 0x0,
    0x0, 0x0, 0x0, 0x0, 0x2d, 0xe4, 0x2e, 0xe4,
    0x0, 0x0, 0x0, 0x0,

    /* U+064B "ً" */
    0x11, 0x11, 0x11, 0x1f, 0xff, 0xff, 0xff, 0x44,
    0x44, 0x44, 0x41, 0x11, 0x11, 0x11, 0xff, 0xff,
    0xff, 0xf4, 0x44, 0x44, 0x44,

    /* U+064C "ٌ" */
    0x0, 0x0, 0x1, 0x0, 0x0, 0x0, 0x8, 0xff,
    0x50, 0x0, 0x3, 0xf7, 0xae, 0xf, 0x60, 0x5f,
    0x17, 0xf0, 0xf6, 0x2, 0xfc, 0xec, 0xf, 0x92,
    0x2b, 0xff, 0x40, 0xdf, 0xff, 0xfc, 0x30, 0x0,
    0x13, 0x42, 0x0, 0x0,

    /* U+064D "ٍ" */
    0x11, 0x11, 0x11, 0x1f, 0xff, 0xff, 0xff, 0x44,
    0x44, 0x44, 0x41, 0x11, 0x11, 0x11, 0xff, 0xff,
    0xff, 0xf4, 0x44, 0x44, 0x44,

    /* U+064E "َ" */
    0x11, 0x11, 0x11, 0x1f, 0xff, 0xff, 0xff, 0x44,
    0x44, 0x44, 0x40,

    /* U+064F "ُ" */
    0x0, 0x0, 0x1, 0x0, 0x0, 0x0, 0x8, 0xff,
    0x50, 0x0, 0x3, 0xf7, 0xae, 0x0, 0x0, 0x5f,
    0x17, 0xf0, 0x0, 0x2, 0xfc, 0xec, 0x5, 0x52,
    0x2b, 0xff, 0x40, 0xdf, 0xff, 0xfc, 0x30, 0x0,
    0x24, 0x42, 0x0, 0x0,

    /* U+0650 "ِ" */
    0x11, 0x11, 0x11, 0x1f, 0xff, 0xff, 0xff, 0x44,
    0x44, 0x44, 0x40,

    /* U+0651 "ّ" */
    0x85, 0x0, 0x0, 0x67, 0xe8, 0x9, 0x90, 0x9d,
    0xf6, 0xc, 0xc0, 0x7e, 0xcc, 0x3e, 0xd2, 0xcb,
    0x4f, 0xfe, 0xef, 0xf3, 0x1, 0x40, 0x14, 0x10,

    /* U+0652 "ْ" */
    0x0, 0x10, 0x0, 0x2c, 0xff, 0x70, 0xbd, 0x59,
    0xf3, 0xf7, 0x0, 0xf7, 0xdc, 0x26, 0xf4, 0x3e,
    0xff, 0x90, 0x0, 0x42, 0x0,

    /* U+0653 "ٓ" */
    0x0, 0x12, 0x20, 0x0, 0x2, 0xdf, 0xff, 0xff,
    0xeb, 0xbf, 0xff, 0xff, 0xff, 0xdf, 0xf2, 0x1,
    0x34, 0x43,

    /* U+0654 "ٔ" */
    0x5, 0xdf, 0xe5, 0x4f, 0xff, 0xf2, 0x7f, 0x70,
    0x0, 0xff, 0xff, 0xfe, 0xff, 0xff, 0xff,

    /* U+0655 "ٕ" */
    0x5, 0xdf, 0xe5, 0x4f, 0xff, 0xf2, 0x7f, 0x70,
    0x0, 0xff, 0xff, 0xfe, 0xff, 0xff, 0xff,

    /* U+0656 "ٖ" */
    0xa4, 0xf6, 0xf6, 0xf6, 0xf6,

    /* U+0658 "٘" */
    0x0, 0x0, 0x0, 0x0, 0x0, 0x6, 0xb0, 0xa7,
    0x0, 0xdf, 0x1f, 0xe0, 0x9, 0xf3, 0xef, 0x10,
    0xcf, 0x28, 0xff, 0xef, 0xc0, 0x8, 0xef, 0xa1,
    0x0,

    /* U+0660 "٠" */
    0x3f, 0xff, 0xa3, 0xff, 0xfa, 0x3f, 0xff, 0xa3,
    0xff, 0xfa,

    /* U+0661 "١" */
    0x37, 0x72, 0x7f, 0xf5, 0x7f, 0xf5, 0x7f, 0xf5,
    0x7f, 0xf5, 0x7f, 0xf5, 0x7f, 0xf5, 0x7f, 0xf5,
    0x7f, 0xf5, 0x7f, 0xf5, 0x7f, 0xf5, 0x7f, 0xf5,
    0x7f, 0xf5, 0x7f, 0xf5, 0x7f, 0xf5, 0x7f, 0xf5,
    0x7f, 0xf5, 0x7f, 0xf5, 0x7f, 0xf5, 0x7f, 0xf5,
    0x7f, 0xf5,

    /* U+0662 "٢" */
    0x0, 0x0, 0x2, 0x33, 0x10, 0x0, 0x0, 0x3b,
    0xff, 0xff, 0xff, 0xc5, 0x6, 0xff, 0xff, 0xff,
    0xff, 0xf8, 0x2f, 0xff, 0xff, 0xff, 0xff, 0xf3,
    0x7f, 0xfd, 0x41, 0x0, 0x24, 0x80, 0x9f, 0xf4,
    0x0, 0x0, 0x0, 0x0, 0x9f, 0xf4, 0x0, 0x0,
    0x0, 0x0, 0x8f, 0xf5, 0x0, 0x0, 0x0, 0x0,
    0x6f, 0xf6, 0x0, 0x0, 0x0, 0x0, 0x4f, 0xf8,
    0x0, 0x0, 0x0, 0x0, 0x3f, 0xfa, 0x0, 0x0,
    0x0, 0x0, 0x1f, 0xfc, 0x0, 0x0, 0x0, 0x0,
    0xf, 0xfe, 0x0, 0x0, 0x0, 0x0, 0xd, 0xff,
    0x0, 0x0, 0x0, 0x0, 0xb, 0xff, 0x20, 0x0,
    0x0, 0x0, 0x9, 0xff, 0x40, 0x0, 0x0, 0x0,
    0x7, 0xff, 0x60, 0x0, 0x0, 0x0, 0x5, 0xff,
    0x80, 0x0, 0x0, 0x0, 0x3, 0xff, 0xa0, 0x0,
    0x0, 0x0, 0x2, 0xff, 0xb0, 0x0, 0x0, 0x0,
    0x0, 0xff, 0xc0, 0x0, 0x0, 0x0,

    /* U+0663 "٣" */
    0x58, 0x80, 0x0, 0x0, 0x0, 0x0, 0x2, 0x68,
    0xb, 0xff, 0x10, 0x0, 0xff, 0xf0, 0x0, 0xbf,
    0xf2, 0xbf, 0xf1, 0x0, 0xf, 0xff, 0x0, 0x6,
    0xff, 0x7b, 0xff, 0x10, 0x0, 0xff, 0xf0, 0x0,
    0x2f, 0xfa, 0xbf, 0xf1, 0x0, 0xf, 0xff, 0x0,
    0x0, 0xff, 0xcb, 0xff, 0x20, 0x0, 0xff, 0xf0,
    0x0, 0xf, 0xfd, 0xcf, 0xf3, 0x0, 0xf, 0xff,
    0x0, 0x1, 0xff, 0xcb, 0xff, 0x70, 0x1, 0xff,
    0xf2, 0x0, 0x5f, 0xf9, 0xbf, 0xfe, 0x31, 0xbf,
    0xff, 0xc1, 0x2e, 0xff, 0x5b, 0xff, 0xff, 0xff,
    0xff, 0xff, 0xff, 0xff, 0xd0, 0xbf, 0xff, 0xff,
    0xff, 0xcf, 0xff, 0xff, 0xf3, 0xb, 0xff, 0xef,
    0xfe, 0x60, 0x5e, 0xff, 0xd4, 0x0, 0xbf, 0xf1,
    0x23, 0x0, 0x0, 0x2, 0x20, 0x0, 0xb, 0xff,
    0x10, 0x0, 0x0, 0x0, 0x0, 0x0, 0x0, 0xbf,
    0xf1, 0x0, 0x0, 0x0, 0x0, 0x0, 0x0, 0xb,
    0xff, 0x10, 0x0, 0x0, 0x0, 0x0, 0x0, 0x0,
    0xbf, 0xf1, 0x0, 0x0, 0x0, 0x0, 0x0, 0x0,
    0xb, 0xff, 0x10, 0x0, 0x0, 0x0, 0x0, 0x0,
    0x0, 0xbf, 0xf1, 0x0, 0x0, 0x0, 0x0, 0x0,
    0x0, 0xb, 0xff, 0x10, 0x0, 0x0, 0x0, 0x0,
    0x0, 0x0, 0xbf, 0xf1, 0x0, 0x0, 0x0, 0x0,
    0x0, 0x0, 0x0,

    /* U+0664 "٤" */
    0x0, 0x0, 0x5, 0x8b, 0xde, 0xf8, 0x0, 0x0,
    0x19, 0xff, 0xff, 0xff, 0xf8, 0x0, 0x4, 0xef,
    0xff, 0xff, 0xff, 0xf8, 0x0, 0x1f, 0xff, 0xff,
    0xb8, 0x64, 0x31, 0x0, 0x8f, 0xfe, 0x60, 0x0,
    0x0, 0x0, 0x0, 0xbf, 0xf4, 0x0, 0x0, 0x0,
    0x0, 0x0, 0xbf, 0xf4, 0x0, 0x0, 0x0, 0x0,
    0x0, 0x7f, 0xff, 0x60, 0x0, 0x0, 0x0, 0x0,
    0x1e, 0xff, 0xfe, 0x85, 0x21, 0x0, 0x0, 0x3,
    0xef, 0xff, 0xff, 0xff, 0xf0, 0x0, 0x0, 0x2a,
    0xff, 0xff, 0xff, 0xf3, 0x0, 0x0, 0x1, 0xcf,
    0xff, 0xff, 0xf5, 0x0, 0x0, 0x4e, 0xff, 0xff,
    0xd8, 0x51, 0x0, 0x2, 0xff, 0xff, 0x93, 0x0,
    0x0, 0x0, 0xc, 0xff, 0xc2, 0x0, 0x0, 0x0,
    0x0, 0x1f, 0xfe, 0x0, 0x0, 0x0, 0x0, 0x0,
    0x2f, 0xfd, 0x0, 0x0, 0x0, 0x0, 0x0, 0xf,
    0xff, 0xd7, 0x53, 0x34, 0x57, 0xa2, 0x8, 0xff,
    0xff, 0xff, 0xff, 0xff, 0xf6, 0x0, 0x8f, 0xff,
    0xff, 0xff, 0xff, 0xfa, 0x0, 0x2, 0x8c, 0xef,
    0xff, 0xec, 0x95,

    /* U+0665 "٥" */
    0x0, 0x0, 0x0, 0x2, 0x32, 0x0, 0x0, 0x0,
    0x0, 0x0, 0x0, 0x18, 0xef, 0xff, 0xf9, 0x10,
    0x0, 0x0, 0x0, 0x3, 0xef, 0xff, 0xff, 0xff,
    0xe3, 0x0, 0x0, 0x0, 0x2e, 0xff, 0xff, 0xff,
    0xff, 0xff, 0x30, 0x0, 0x0, 0xcf, 0xff, 0x82,
    0x1, 0x7f, 0xff, 0xd0, 0x0, 0x5, 0xff, 0xf3,
    0x0, 0x0, 0x2, 0xef, 0xf6, 0x0, 0xc, 0xff,
    0x60, 0x0, 0x0, 0x0, 0x5f, 0xfd, 0x0, 0x2f,
    0xfe, 0x0, 0x0, 0x0, 0x0, 0xd, 0xff, 0x30,
    0x6f, 0xf8, 0x0, 0x0, 0x0, 0x0, 0x7, 0xff,
    0x70, 0x9f, 0xf4, 0x0, 0x0, 0x0, 0x0, 0x3,
    0xff, 0xa0, 0xbf, 0xf2, 0x0, 0x0, 0x0, 0x0,
    0x1, 0xff, 0xc0, 0xbf, 0xf1, 0x0, 0x0, 0x0,
    0x0, 0x0, 0xff, 0xd0, 0xbf, 0xf2, 0x0, 0x0,
    0x0, 0x0, 0x0, 0xff, 0xc0, 0xaf, 0xf4, 0x0,
    0x0, 0x0, 0x0, 0x3, 0xff, 0xb0, 0x7f, 0xfa,
    0x0, 0x0, 0x0, 0x0, 0x9, 0xff, 0x80, 0x2f,
    0xff, 0x60, 0x0, 0x0, 0x0, 0x5f, 0xff, 0x30,
    0xa, 0xff, 0xfc, 0x74, 0x34, 0x6b, 0xff, 0xfb,
    0x0, 0x1, 0xdf, 0xff, 0xff, 0xff, 0xff, 0xff,
    0xd1, 0x0, 0x0, 0x1b, 0xff, 0xff, 0xff, 0xff,
    0xfb, 0x10, 0x0, 0x0, 0x0, 0x39, 0xdf, 0xff,
    0xd9, 0x40, 0x0, 0x0,

    /* U+0666 "٦" */
    0x23, 0x33, 0x33, 0x33, 0x33, 0x33, 0x1b, 0xff,
    0xff, 0xff, 0xff, 0xff, 0xf7, 0xbf, 0xff, 0xff,
    0xff, 0xff, 0xff, 0x7b, 0xff, 0xff, 0xff, 0xff,
    0xff, 0xf7, 0x0, 0x0, 0x0, 0x0, 0x5, 0xff,
    0x70, 0x0, 0x0, 0x0, 0x0, 0x5f, 0xf7, 0x0,
    0x0, 0x0, 0x0, 0x5, 0xff, 0x70, 0x0, 0x0,
    0x0, 0x0, 0x5f, 0xf7, 0x0, 0x0, 0x0, 0x0,
    0x5, 0xff, 0x70, 0x0, 0x0, 0x0, 0x0, 0x5f,
    0xf7, 0x0, 0x0, 0x0, 0x0, 0x5, 0xff, 0x70,
    0x0, 0x0, 0x0, 0x0, 0x5f, 0xf7, 0x0, 0x0,
    0x0, 0x0, 0x5, 0xff, 0x70, 0x0, 0x0, 0x0,
    0x0, 0x5f, 0xf7, 0x0, 0x0, 0x0, 0x0, 0x5,
    0xff, 0x70, 0x0, 0x0, 0x0, 0x0, 0x5f, 0xf7,
    0x0, 0x0, 0x0, 0x0, 0x5, 0xff, 0x70, 0x0,
    0x0, 0x0, 0x0, 0x5f, 0xf7, 0x0, 0x0, 0x0,
    0x0, 0x5, 0xff, 0x70, 0x0, 0x0, 0x0, 0x0,
    0x5f, 0xf7, 0x0, 0x0, 0x0, 0x0, 0x5, 0xff,
    0x70,

    /* U+0667 "٧" */
    0x58, 0x83, 0x0, 0x0, 0x0, 0x0, 0x0, 0x0,
    0x68, 0x82, 0x5f, 0xfb, 0x0, 0x0, 0x0, 0x0,
    0x0, 0x1, 0xff, 0xf0, 0xf, 0xff, 0x10, 0x0,
    0x0, 0x0, 0x0, 0x7, 0xff, 0xa0, 0x9, 0xff,
    0x70, 0x0, 0x0, 0x0, 0x0, 0xd, 0xff, 0x40,
    0x3, 0xff, 0xd0, 0x0, 0x0, 0x0, 0x0, 0x3f,
    0xfd, 0x0, 0x0, 0xdf, 0xf3, 0x0, 0x0, 0x0,
    0x0, 0x9f, 0xf7, 0x0, 0x0, 0x7f, 0xf9, 0x0,
    0x0, 0x0, 0x0, 0xff, 0xf1, 0x0, 0x0, 0x1f,
    0xff, 0x0, 0x0, 0x0, 0x5, 0xff, 0xb0, 0x0,
    0x0, 0xb, 0xff, 0x50, 0x0, 0x0, 0xb, 0xff,
    0x50, 0x0, 0x0, 0x4, 0xff, 0xb0, 0x0, 0x0,
    0x1f, 0xfe, 0x0, 0x0, 0x0, 0x0, 0xef, 0xf1,
    0x0, 0x0, 0x7f, 0xf8, 0x0, 0x0, 0x0, 0x0,
    0x8f, 0xf7, 0x0, 0x0, 0xdf, 0xf2, 0x0, 0x0,
    0x0, 0x0, 0x2f, 0xfd, 0x0, 0x4, 0xff, 0xc0,
    0x0, 0x0, 0x0, 0x0, 0xc, 0xff, 0x30, 0xa,
    0xff, 0x60, 0x0, 0x0, 0x0, 0x0, 0x6, 0xff,
    0x90, 0x1f, 0xff, 0x0, 0x0, 0x0, 0x0, 0x0,
    0x0, 0xff, 0xf0, 0x6f, 0xf9, 0x0, 0x0, 0x0,
    0x0, 0x0, 0x0, 0xaf, 0xf5, 0xcf, 0xf3, 0x0,
    0x0, 0x0, 0x0, 0x0, 0x0, 0x4f, 0xfd, 0xff,
    0xd0, 0x0, 0x0, 0x0, 0x0, 0x0, 0x0, 0xd,
    0xff, 0xff, 0x70, 0x0, 0x0, 0x0, 0x0, 0x0,
    0x0, 0x7, 0xff, 0xff, 0x10, 0x0, 0x0, 0x0,
    0x0, 0x0, 0x0, 0x1, 0xff, 0xfa, 0x0, 0x0,
    0x0, 0x0,

    /* U+0668 "٨" */
    0x0, 0x0, 0x0, 0x0, 0x78, 0x84, 0x0, 0x0,
    0x0, 0x0, 0x0, 0x0, 0x0, 0x4, 0xff, 0xfd,
    0x0, 0x0, 0x0, 0x0, 0x0, 0x0, 0x0, 0xb,
    0xff, 0xff, 0x40, 0x0, 0x0, 0x0, 0x0, 0x0,
    0x0, 0x1f, 0xff, 0xff, 0xa0, 0x0, 0x0, 0x0,
    0x0, 0x0, 0x0, 0x7f, 0xfd, 0xff, 0xf1, 0x0,
    0x0, 0x0, 0x0, 0x0, 0x0, 0xdf, 0xf5, 0xcf,
    0xf6, 0x0, 0x0, 0x0, 0x0, 0x0, 0x3, 0xff,
    0xe0, 0x6f, 0xfc, 0x0, 0x0, 0x0, 0x0, 0x0,
    0x9, 0xff, 0x90, 0xf, 0xff, 0x30, 0x0, 0x0,
    0x0, 0x0, 0xf, 0xff, 0x20, 0x9, 0xff, 0x90,
    0x0, 0x0, 0x0, 0x0, 0x5f, 0xfc, 0x0, 0x3,
    0xff, 0xe0, 0x0, 0x0, 0x0, 0x0, 0xbf, 0xf6,
    0x0, 0x0, 0xcf, 0xf5, 0x0, 0x0, 0x0, 0x1,
    0xff, 0xf0, 0x0, 0x0, 0x6f, 0xfb, 0x0, 0x0,
    0x0, 0x8, 0xff, 0xa0, 0x0, 0x0, 0xf, 0xff,
    0x20, 0x0, 0x0, 0xd, 0xff, 0x30, 0x0, 0x0,
    0xa, 0xff, 0x80, 0x0, 0x0, 0x4f, 0xfd, 0x0,
    0x0, 0x0, 0x3, 0xff, 0xe0, 0x0, 0x0, 0xaf,
    0xf7, 0x0, 0x0, 0x0, 0x0, 0xdf, 0xf4, 0x0,
    0x0, 0xff, 0xf1, 0x0, 0x0, 0x0, 0x0, 0x7f,
    0xfa, 0x0, 0x6, 0xff, 0xb0, 0x0, 0x0, 0x0,
    0x0, 0x1f, 0xff, 0x10, 0xc, 0xff, 0x50, 0x0,
    0x0, 0x0, 0x0, 0xa, 0xff, 0x70, 0x2f, 0xfe,
    0x0, 0x0, 0x0, 0x0, 0x0, 0x4, 0xff, 0xd0,
    0x8f, 0xf8, 0x0, 0x0, 0x0, 0x0, 0x0, 0x0,
    0xdf, 0xf3,

    /* U+0669 "٩" */
    0x0, 0x0, 0x1, 0x33, 0x20, 0x0, 0x0, 0x0,
    0x6d, 0xff, 0xff, 0xfc, 0x82, 0x0, 0xcf, 0xff,
    0xff, 0xff, 0xff, 0xa0, 0xaf, 0xff, 0xff, 0xff,
    0xff, 0xfa, 0x3f, 0xff, 0x93, 0x0, 0x16, 0xff,
    0xa8, 0xff, 0x80, 0x0, 0x0, 0x2f, 0xfa, 0xbf,
    0xf2, 0x0, 0x0, 0x2, 0xff, 0xab, 0xff, 0x20,
    0x0, 0x0, 0x2f, 0xfa, 0x9f, 0xf7, 0x0, 0x0,
    0x2, 0xff, 0xa4, 0xff, 0xfa, 0x53, 0x46, 0xaf,
    0xfa, 0xc, 0xff, 0xff, 0xff, 0xff, 0xff, 0xa0,
    0x1c, 0xff, 0xff, 0xff, 0xff, 0xfa, 0x0, 0x6,
    0xbe, 0xff, 0xdc, 0xff, 0xa0, 0x0, 0x0, 0x0,
    0x0, 0x2f, 0xfa, 0x0, 0x0, 0x0, 0x0, 0x2,
    0xff, 0xa0, 0x0, 0x0, 0x0, 0x0, 0x2f, 0xfa,
    0x0, 0x0, 0x0, 0x0, 0x2, 0xff, 0xa0, 0x0,
    0x0, 0x0, 0x0, 0x2f, 0xfa, 0x0, 0x0, 0x0,
    0x0, 0x2, 0xff, 0xa0, 0x0, 0x0, 0x0, 0x0,
    0x2f, 0xfa, 0x0, 0x0, 0x0, 0x0, 0x2, 0xff,
    0xa0,

    /* U+066A "٪" */
    0x0, 0x0, 0x0, 0x0, 0x0, 0x0, 0x0, 0x7,
    0x83, 0x0, 0x0, 0x0, 0x0, 0x0, 0x0, 0x0,
    0x9f, 0xd0, 0x7f, 0xff, 0x60, 0x0, 0x0, 0x0,
    0x5, 0xff, 0x30, 0x7f, 0xff, 0x60, 0x0, 0x0,
    0x0, 0x2f, 0xf6, 0x0, 0x7f, 0xff, 0x60, 0x0,
    0x0, 0x0, 0xcf, 0xa0, 0x0, 0x6f, 0xff, 0x60,
    0x0, 0x0, 0x9, 0xfe, 0x10, 0x0, 0x0, 0x0,
    0x0, 0x0, 0x0, 0x5f, 0xf3, 0x0, 0x0, 0x0,
    0x0, 0x0, 0x0, 0x1, 0xef, 0x70, 0x0, 0x0,
    0x0, 0x0, 0x0, 0x0, 0xc, 0xfb, 0x0, 0x0,
    0x0, 0x0, 0x0, 0x0, 0x0, 0x8f, 0xe1, 0x0,
    0x0, 0x0, 0x0, 0x0, 0x0, 0x4, 0xff, 0x40,
    0x0, 0x0, 0x0, 0x0, 0x0, 0x0, 0x1e, 0xf8,
    0x0, 0x0, 0x0, 0x0, 0x0, 0x0, 0x0, 0xbf,
    0xc0, 0x0, 0x3, 0xff, 0xf9, 0x0, 0x0, 0x7,
    0xfe, 0x10, 0x0, 0x3, 0xff, 0xfa, 0x0, 0x0,
    0x3f, 0xf5, 0x0, 0x0, 0x3, 0xff, 0xfa, 0x0,
    0x1, 0xef, 0x90, 0x0, 0x0, 0x3, 0xff, 0xfa,
    0x0, 0xb, 0xfc, 0x0, 0x0, 0x0, 0x0, 0x0,
    0x0, 0x0, 0x7f, 0xf2, 0x0, 0x0, 0x0, 0x0,
    0x0, 0x0, 0x3, 0xff, 0x50, 0x0, 0x0, 0x0,
    0x0, 0x0, 0x0, 0xd, 0xf9, 0x0, 0x0, 0x0,
    0x0, 0x0, 0x0, 0x0,

    /* U+066B "٫" */
    0x5, 0x50, 0x7f, 0xf8, 0xaf, 0xfb, 0x3f, 0xf6,
    0x1f, 0xe0, 0x7f, 0x60, 0xce, 0x0,

    /* U+066C "٬" */
    0x5, 0x50, 0x7f, 0xf8, 0xaf, 0xfb, 0x3f, 0xf6,
    0x1f, 0xe0, 0x7f, 0x60, 0xce, 0x0,

    /* U+066D "٭" */
    0x0, 0x0, 0xa7, 0x0, 0x0, 0x1, 0x0, 0xfb,
    0x0, 0x0, 0xd, 0xa2, 0xfb, 0x3d, 0x90, 0x1b,
    0xff, 0xff, 0xff, 0x80, 0x0, 0x5f, 0xff, 0xd2,
    0x0, 0x5, 0xdf, 0xff, 0xfb, 0x30, 0x1f, 0xf6,
    0xfc, 0x9f, 0xc0, 0x4, 0x10, 0xfb, 0x3, 0x30,
    0x0, 0x0, 0xfb, 0x0, 0x0,

    /* U+066E "ٮ" */
    0x0, 0x0, 0x0, 0x0, 0x0, 0x0, 0x0, 0x0,
    0x0, 0x5, 0x88, 0x10, 0x15, 0x0, 0x0, 0x0,
    0x0, 0x0, 0x0, 0x0, 0x0, 0xaf, 0xf3, 0xa,
    0xfd, 0x10, 0x0, 0x0, 0x0, 0x0, 0x0, 0x0,
    0xa, 0xff, 0x31, 0xff, 0xd0, 0x0, 0x0, 0x0,
    0x0, 0x0, 0x0, 0x0, 0xaf, 0xf3, 0x5f, 0xf8,
    0x0, 0x0, 0x0, 0x0, 0x0, 0x0, 0x0, 0xa,
    0xff, 0x38, 0xff, 0x50, 0x0, 0x0, 0x0, 0x0,
    0x0, 0x0, 0x0, 0xaf, 0xf3, 0x9f, 0xf4, 0x0,
    0x0, 0x0, 0x0, 0x0, 0x0, 0x0, 0xa, 0xff,
    0x38, 0xff, 0x50, 0x0, 0x0, 0x0, 0x0, 0x0,
    0x0, 0x0, 0xaf, 0xf3, 0x5f, 0xfa, 0x0, 0x0,
    0x0, 0x0, 0x0, 0x0, 0x0, 0xa, 0xff, 0x31,
    0xff, 0xf7, 0x0, 0x0, 0x0, 0x0, 0x0, 0x0,
    0x0, 0xaf, 0xf3, 0x9, 0xff, 0xfc, 0x74, 0x33,
    0x33, 0x33, 0x33, 0x33, 0x3b, 0xff, 0x30, 0xc,
    0xff, 0xff, 0xff, 0xff, 0xff, 0xff, 0xff, 0xff,
    0xff, 0xf3, 0x0, 0xa, 0xff, 0xff, 0xff, 0xff,
    0xff, 0xff, 0xff, 0xff, 0xff, 0x30, 0x0, 0x3,
    0x9d, 0xff, 0xff, 0xff, 0xff, 0xff, 0xff, 0xff,
    0xf3,

    /* U+066F "ٯ" */
    0x0, 0x0, 0x0, 0x0, 0x0, 0x0, 0x0, 0x3,
    0x31, 0x0, 0x0, 0x0, 0x0, 0x0, 0x0, 0x0,
    0x0, 0x4c, 0xff, 0xff, 0xe9, 0x20, 0x0, 0x0,
    0x0, 0x0, 0x0, 0x9, 0xff, 0xff, 0xff, 0xff,
    0xf6, 0x0, 0x0, 0x0, 0x0, 0x0, 0x9f, 0xff,
    0xff, 0xff, 0xff, 0xf7, 0x0, 0x0, 0x0, 0x0,
    0x4, 0xff, 0xfb, 0x40, 0x2, 0x9f, 0xf7, 0x0,
    0x0, 0x0, 0x0, 0xc, 0xff, 0x90, 0x0, 0x0,
    0x6f, 0xf7, 0x12, 0x0, 0x0, 0x0, 0xf, 0xfe,
    0x0, 0x0, 0x0, 0x6f, 0xf7, 0x6f, 0xf5, 0x0,
    0x0, 0x2f, 0xfa, 0x0, 0x0, 0x0, 0x6f, 0xf7,
    0x9f, 0xf3, 0x0, 0x0, 0x2f, 0xfa, 0x0, 0x0,
    0x0, 0x6f, 0xf7, 0xcf, 0xf1, 0x0, 0x0, 0xf,
    0xfe, 0x0, 0x0, 0x0, 0x6f, 0xf7, 0xdf, 0xf0,
    0x0, 0x0, 0xc, 0xff, 0x90, 0x0, 0x0, 0x6f,
    0xf7, 0xdf, 0xf0, 0x0, 0x0, 0x4, 0xff, 0xfd,
    0x63, 0x33, 0x8f, 0xf7, 0xdf, 0xf0, 0x0, 0x0,
    0x0, 0x9f, 0xff, 0xff, 0xff, 0xff, 0xf6, 0xbf,
    0xf2, 0x0, 0x0, 0x0, 0x9, 0xff, 0xff, 0xff,
    0xff, 0xf4, 0x8f, 0xf6, 0x0, 0x0, 0x0, 0x0,
    0x39, 0xdf, 0xff, 0xff, 0xf1, 0x4f, 0xfd, 0x0,
    0x0, 0x0, 0x0, 0x0, 0x0, 0x3, 0xff, 0xd0,
    0xe, 0xff, 0x60, 0x0, 0x0, 0x0, 0x0, 0x0,
    0xc, 0xff, 0x70, 0x6, 0xff, 0xf3, 0x0, 0x0,
    0x0, 0x0, 0x0, 0x9f, 0xff, 0x10, 0x0, 0xdf,
    0xff, 0x60, 0x0, 0x0, 0x0, 0x1a, 0xff, 0xf7,
    0x0, 0x0, 0x2e, 0xff, 0xfd, 0x85, 0x34, 0x6a,
    0xff, 0xff, 0xb0, 0x0, 0x0, 0x3, 0xef, 0xff,
    0xff, 0xff, 0xff, 0xff, 0xfb, 0x0, 0x0, 0x0,
    0x0, 0x1a, 0xff, 0xff, 0xff, 0xff, 0xfe, 0x60,
    0x0, 0x0, 0x0, 0x0, 0x0, 0x28, 0xce, 0xff,
    0xdb, 0x60, 0x0, 0x0, 0x0,

    /* U+0670 "ٰ" */
    0xa4, 0xf6, 0xf6, 0xf6, 0xf6,

    /* U+0671 "ٱ" */
    0x0, 0x0, 0x5e, 0xfb, 0x10, 0x0, 0x3f, 0xff,
    0xfa, 0x9, 0xfd, 0xf4, 0xa, 0xe4, 0xff, 0xff,
    0xff, 0xff, 0x39, 0x1a, 0xef, 0xff, 0xf0, 0x0,
    0x0, 0x0, 0x0, 0x0, 0x0, 0x0, 0x0, 0x0,
    0x0, 0xad, 0xd0, 0x0, 0x0, 0xc, 0xff, 0x10,
    0x0, 0x0, 0xcf, 0xf1, 0x0, 0x0, 0xc, 0xff,
    0x10, 0x0, 0x0, 0xcf, 0xf1, 0x0, 0x0, 0xc,
    0xff, 0x10, 0x0, 0x0, 0xcf, 0xf1, 0x0, 0x0,
    0xc, 0xff, 0x10, 0x0, 0x0, 0xcf, 0xf1, 0x0,
    0x0, 0xc, 0xff, 0x10, 0x0, 0x0, 0xcf, 0xf1,
    0x0, 0x0, 0xc, 0xff, 0x10, 0x0, 0x0, 0xcf,
    0xf1, 0x0, 0x0, 0xc, 0xff, 0x10, 0x0, 0x0,
    0xcf, 0xf1, 0x0, 0x0, 0xc, 0xff, 0x10, 0x0,
    0x0, 0xcf, 0xf1, 0x0, 0x0, 0xc, 0xff, 0x10,
    0x0, 0x0, 0xcf, 0xf1, 0x0, 0x0, 0xc, 0xff,
    0x10, 0x0,

    /* U+0679 "ٹ" */
    0x0, 0x0, 0x0, 0x0, 0x38, 0x30, 0x0, 0x0,
    0x0, 0x0, 0x0, 0x0, 0x0, 0x0, 0x0, 0x7,
    0xf6, 0x57, 0x30, 0x0, 0x0, 0x0, 0x0, 0x0,
    0x0, 0x0, 0x0, 0x7f, 0xef, 0xff, 0x30, 0x0,
    0x0, 0x0, 0x0, 0x0, 0x0, 0x0, 0x7, 0xfd,
    0x8b, 0xf9, 0x0, 0x0, 0x0, 0x0, 0x0, 0x0,
    0x0, 0x2, 0xef, 0xed, 0xef, 0xb0, 0x0, 0x0,
    0x0, 0x0, 0x0, 0x0, 0x0, 0x2f, 0xff, 0xff,
    0xfb, 0x0, 0x0, 0x0, 0x0, 0x0, 0x0, 0x0,
    0x0, 0x0, 0x0, 0x0, 0x0, 0x0, 0x8, 0xdd,
    0x20, 0x4a, 0x30, 0x0, 0x0, 0x0, 0x0, 0x0,
    0x0, 0x0, 0xaf, 0xf3, 0xc, 0xff, 0x10, 0x0,
    0x0, 0x0, 0x0, 0x0, 0x0, 0xa, 0xff, 0x32,
    0xff, 0xb0, 0x0, 0x0, 0x0, 0x0, 0x0, 0x0,
    0x0, 0xaf, 0xf3, 0x6f, 0xf7, 0x0, 0x0, 0x0,
    0x0, 0x0, 0x0, 0x0, 0xa, 0xff, 0x38, 0xff,
    0x40, 0x0, 0x0, 0x0, 0x0, 0x0, 0x0, 0x0,
    0xaf, 0xf3, 0x9f, 0xf4, 0x0, 0x0, 0x0, 0x0,
    0x0, 0x0, 0x0, 0xa, 0xff, 0x38, 0xff, 0x50,
    0x0, 0x0, 0x0, 0x0, 0x0, 0x0, 0x0, 0xaf,
    0xf3, 0x5f, 0xfb, 0x0, 0x0, 0x0, 0x0, 0x0,
    0x0, 0x0, 0xa, 0xff, 0x30, 0xff, 0xf7, 0x0,
    0x0, 0x0, 0x0, 0x0, 0x0, 0x0, 0xaf, 0xf3,
    0x8, 0xff, 0xfd, 0x74, 0x33, 0x33, 0x33, 0x33,
    0x33, 0x3b, 0xff, 0x30, 0xc, 0xff, 0xff, 0xff,
    0xff, 0xff, 0xff, 0xff, 0xff, 0xff, 0xf3, 0x0,
    0x9, 0xff, 0xff, 0xff, 0xff, 0xff, 0xff, 0xff,
    0xff, 0xff, 0x30, 0x0, 0x2, 0x9d, 0xff, 0xff,
    0xff, 0xff, 0xff, 0xff, 0xff, 0xf3,

    /* U+067E "پ" */
    0x0, 0x0, 0x0, 0x0, 0x0, 0x0, 0x0, 0x0,
    0x0, 0x5, 0x88, 0x10, 0x15, 0x0, 0x0, 0x0,
    0x0, 0x0, 0x0, 0x0, 0x0, 0xaf, 0xf3, 0xa,
    0xfd, 0x10, 0x0, 0x0, 0x0, 0x0, 0x0, 0x0,
    0xa, 0xff, 0x31, 0xff, 0xd0, 0x0, 0x0, 0x0,
    0x0, 0x0, 0x0, 0x0, 0xaf, 0xf3, 0x5f, 0xf8,
    0x0, 0x0, 0x0, 0x0, 0x0, 0x0, 0x0, 0xa,
    0xff, 0x38, 0xff, 0x50, 0x0, 0x0, 0x0, 0x0,
    0x0, 0x0, 0x0, 0xaf, 0xf3, 0x9f, 0xf4, 0x0,
    0x0, 0x0, 0x0, 0x0, 0x0, 0x0, 0xa, 0xff,
    0x38, 0xff, 0x50, 0x0, 0x0, 0x0, 0x0, 0x0,
    0x0, 0x0, 0xaf, 0xf3, 0x5f, 0xfa, 0x0, 0x0,
    0x0, 0x0, 0x0, 0x0, 0x0, 0xa, 0xff, 0x31,
    0xff, 0xf7, 0x0, 0x0, 0x0, 0x0, 0x0, 0x0,
    0x0, 0xaf, 0xf3, 0x9, 0xff, 0xfc, 0x74, 0x33,
    0x33, 0x33, 0x33, 0x33, 0x3b, 0xff, 0x30, 0xc,
    0xff, 0xff, 0xff, 0xff, 0xff, 0xff, 0xff, 0xff,
    0xff, 0xf3, 0x0, 0xa, 0xff, 0xff, 0xff, 0xff,
    0xff, 0xff, 0xff, 0xff, 0xff, 0x30, 0x0, 0x3,
    0x9d, 0xff, 0xff, 0xff, 0xff, 0xff, 0xff, 0xff,
    0xf3, 0x0, 0x0, 0x0, 0x0, 0x0, 0x0, 0x0,
    0x0, 0x0, 0x0, 0x0, 0x0, 0x0, 0x0, 0x0,
    0x0, 0x0, 0x0, 0x0, 0x0, 0x0, 0x0, 0x0,
    0x0, 0x0, 0x0, 0x0, 0x0, 0x0, 0x0, 0x0,
    0x0, 0x0, 0x0, 0x0, 0x0, 0x0, 0x0, 0x3,
    0x51, 0x3, 0x51, 0x0, 0x0, 0x0, 0x0, 0x0,
    0x0, 0x0, 0x3, 0xff, 0xc3, 0xff, 0xc0, 0x0,
    0x0, 0x0, 0x0, 0x0, 0x0, 0x0, 0x5f, 0xff,
    0x6f, 0xff, 0x0, 0x0, 0x0, 0x0, 0x0, 0x0,
    0x0, 0x0, 0xcf, 0x71, 0xcf, 0x70, 0x0, 0x0,
    0x0, 0x0, 0x0, 0x0, 0x0, 0x0, 0x1c, 0xf7,
    0x0, 0x0, 0x0, 0x0, 0x0, 0x0, 0x0, 0x0,
    0x0, 0x6, 0xff, 0xf0, 0x0, 0x0, 0x0, 0x0,
    0x0, 0x0, 0x0, 0x0, 0x0, 0x3f, 0xfc, 0x0,
    0x0, 0x0, 0x0, 0x0, 0x0, 0x0, 0x0, 0x0,
    0x0, 0x36, 0x10, 0x0, 0x0, 0x0, 0x0, 0x0,

    /* U+0686 "چ" */
    0x0, 0x0, 0x6a, 0xdf, 0xfe, 0xb6, 0x0, 0x0,
    0x0, 0x0, 0x7f, 0xff, 0xff, 0xff, 0xff, 0xe5,
    0x0, 0x0, 0x0, 0x8f, 0xff, 0xff, 0xff, 0xff,
    0xff, 0x70, 0x0, 0x0, 0x2f, 0xd8, 0x54, 0x45,
    0x9f, 0xff, 0xf4, 0x0, 0x0, 0x2, 0x0, 0x0,
    0x0, 0x1, 0xcf, 0xfc, 0x0, 0x0, 0x0, 0x0,
    0x0, 0x0, 0x0, 0x1e, 0xff, 0x20, 0x0, 0x0,
    0x0, 0x0, 0x0, 0x0, 0x8, 0xff, 0x50, 0x0,
    0x0, 0x0, 0x0, 0x0, 0x0, 0x6, 0xff, 0x60,
    0x0, 0x0, 0x0, 0x0, 0x0, 0x0, 0x6, 0xff,
    0x60, 0x0, 0x0, 0x0, 0x0, 0x0, 0x0, 0x6,
    0xff, 0x60, 0x0, 0x0, 0x0, 0x0, 0x0, 0x0,
    0x6, 0xff, 0x60, 0x0, 0x0, 0x0, 0x2, 0x33,
    0x33, 0x38, 0xff, 0x82, 0x0, 0x0, 0x7c, 0xff,
    0xff, 0xff, 0xff, 0xff, 0xf8, 0x0, 0x3e, 0xff,
    0xff, 0xff, 0xff, 0xff, 0xff, 0xf6, 0x4, 0xff,
    0xff, 0xff, 0xff, 0xff, 0xff, 0xff, 0xf3, 0xe,
    0xff, 0xf9, 0x31, 0x0, 0x0, 0x0, 0x0, 0x0,
    0x6f, 0xfe, 0x20, 0x0, 0x0, 0x0, 0x0, 0x0,
    0x0, 0xbf, 0xf4, 0x0, 0x0, 0x0, 0x4, 0x81,
    0x47, 0x10, 0xdf, 0xf0, 0x0, 0x0, 0x0, 0xe,
    0xf8, 0xef, 0x80, 0xdf, 0xf1, 0x0, 0x0, 0x0,
    0xa, 0xf4, 0xaf, 0x40, 0xaf, 0xfa, 0x0, 0x0,
    0x0, 0x0, 0x3e, 0xb0, 0x0, 0x4f, 0xff, 0xc5,
    0x10, 0x2, 0x40, 0x7f, 0xf0, 0x0, 0x9, 0xff,
    0xff, 0xff, 0xff, 0xf2, 0x8, 0x50, 0x0, 0x0,
    0x9f, 0xff, 0xff, 0xff, 0xf7, 0x0, 0x0, 0x0,
    0x0, 0x3, 0xaf, 0xff, 0xff, 0xd6, 0x0, 0x0,
    0x0, 0x0, 0x0, 0x0, 0x23, 0x21, 0x0, 0x0,
    0x0, 0x0,

    /* U+0688 "ڈ" */
    0x0, 0x18, 0x50, 0x0, 0x0, 0x0, 0x0, 0x0,
    0x3f, 0xa3, 0x74, 0x0, 0x0, 0x0, 0x0, 0x3f,
    0xef, 0xff, 0x60, 0x0, 0x0, 0x0, 0x3f, 0xfa,
    0xbf, 0xc0, 0x0, 0x0, 0x0, 0x3f, 0xc0, 0xf,
    0xf0, 0x0, 0x0, 0x0, 0xef, 0xff, 0xff, 0xf0,
    0x0, 0x0, 0x0, 0xcd, 0xdd, 0xdd, 0xd0, 0x0,
    0x0, 0x0, 0x0, 0x0, 0x0, 0x0, 0x0, 0x0,
    0x0, 0x0, 0x0, 0x0, 0x0, 0x0, 0x0, 0x0,
    0x3, 0x0, 0x0, 0x0, 0x0, 0x0, 0x0, 0xf,
    0xe9, 0x20, 0x0, 0x0, 0x0, 0x0, 0x3f, 0xff,
    0xf8, 0x0, 0x0, 0x0, 0x0, 0x5f, 0xff, 0xff,
    0xd1, 0x0, 0x0, 0x0, 0x1, 0x6d, 0xff, 0xfe,
    0x10, 0x0, 0x0, 0x0, 0x0, 0x7f, 0xff, 0xd0,
    0x0, 0x0, 0x0, 0x0, 0x4, 0xff, 0xf9, 0x0,
    0x0, 0x0, 0x0, 0x0, 0x5f, 0xff, 0x20, 0x0,
    0x0, 0x0, 0x0, 0x9, 0xff, 0xa0, 0x0, 0x0,
    0x0, 0x0, 0x1, 0xff, 0xf1, 0x0, 0x0, 0x0,
    0x0, 0x0, 0xaf, 0xf5, 0x33, 0x33, 0x33, 0x33,
    0x33, 0x8f, 0xf9, 0xef, 0xff, 0xff, 0xff, 0xff,
    0xff, 0xfc, 0xef, 0xff, 0xff, 0xff, 0xff, 0xff,
    0xfe, 0xef, 0xff, 0xff, 0xff, 0xff, 0xff, 0xff,

    /* U+0691 "ڑ" */
    0x0, 0xaf, 0x30, 0x0, 0x0, 0xa, 0xf4, 0x67,
    0x20, 0x0, 0xaf, 0xff, 0xff, 0x10, 0xa, 0xf8,
    0x9, 0xf7, 0x4, 0xff, 0xed, 0xef, 0x80, 0x5f,
    0xff, 0xff, 0xf8, 0x0, 0x0, 0x0, 0x0, 0x0,
    0x0, 0x0, 0x0, 0x0, 0x0, 0x0, 0x11, 0x0,
    0x0, 0x0, 0x4f, 0xf8, 0x0, 0x0, 0x4, 0xff,
    0x80, 0x0, 0x0, 0x4f, 0xf8, 0x0, 0x0, 0x4,
    0xff, 0x80, 0x0, 0x0, 0x4f, 0xf8, 0x0, 0x0,
    0x4, 0xff, 0x80, 0x0, 0x0, 0x4f, 0xf8, 0x0,
    0x0, 0x4, 0xff, 0x80, 0x0, 0x0, 0x4f, 0xf8,
    0x0, 0x0, 0x4, 0xff, 0x80, 0x0, 0x0, 0x4f,
    0xf8, 0x0, 0x0, 0x4, 0xff, 0x80, 0x0, 0x0,
    0x4f, 0xf8, 0x0, 0x0, 0x4, 0xff, 0x80, 0x0,
    0x0, 0x4f, 0xf8, 0x0, 0x0, 0x5, 0xff, 0x70,
    0x0, 0x0, 0xaf, 0xf5, 0x0, 0x13, 0x9f, 0xff,
    0x10, 0xe, 0xff, 0xff, 0x90, 0x0, 0xbf, 0xff,
    0xb0, 0x0, 0x8, 0xeb, 0x50, 0x0, 0x0,

    /* U+0698 "ژ" */
    0x0, 0x0, 0x45, 0x0, 0x0, 0x0, 0x5f, 0xf9,
    0x0, 0x0, 0x8, 0xff, 0xc0, 0x0, 0x0, 0x2d,
    0xf5, 0x0, 0x2, 0xdf, 0x52, 0xde, 0x40, 0x8f,
    0xfc, 0x8f, 0xfc, 0x5, 0xff, 0xa6, 0xff, 0x90,
    0x4, 0x50, 0x4, 0x50, 0x0, 0x0, 0x0, 0x0,
    0x0, 0x0, 0x0, 0x0, 0x0, 0x0, 0x0, 0x22,
    0x10, 0x0, 0x0, 0x4f, 0xf8, 0x0, 0x0, 0x4,
    0xff, 0x80, 0x0, 0x0, 0x4f, 0xf8, 0x0, 0x0,
    0x4, 0xff, 0x80, 0x0, 0x0, 0x4f, 0xf8, 0x0,
    0x0, 0x4, 0xff, 0x80, 0x0, 0x0, 0x4f, 0xf8,
    0x0, 0x0, 0x4, 0xff, 0x80, 0x0, 0x0, 0x4f,
    0xf8, 0x0, 0x0, 0x4, 0xff, 0x80, 0x0, 0x0,
    0x4f, 0xf8, 0x0, 0x0, 0x4, 0xff, 0x80, 0x0,
    0x0, 0x4f, 0xf8, 0x0, 0x0, 0x4, 0xff, 0x80,
    0x0, 0x0, 0x4f, 0xf8, 0x0, 0x0, 0x5, 0xff,
    0x70, 0x0, 0x0, 0xaf, 0xf5, 0x0, 0x13, 0x9f,
    0xff, 0x10, 0xe, 0xff, 0xff, 0x90, 0x0, 0xbf,
    0xff, 0xb0, 0x0, 0x8, 0xeb, 0x50, 0x0, 0x0,

    /* U+06A1 "ڡ" */
    0x0, 0x0, 0x0, 0x0, 0x0, 0x0, 0x0, 0x0,
    0x0, 0x1, 0x32, 0x0, 0x0, 0x0, 0x0, 0x0,
    0x0, 0x0, 0x0, 0x0, 0x0, 0x0, 0x7d, 0xff,
    0xff, 0xc7, 0x10, 0x1, 0x20, 0x0, 0x0, 0x0,
    0x0, 0x0, 0x1, 0xdf, 0xff, 0xff, 0xff, 0xff,
    0x20, 0x8f, 0xb1, 0x0, 0x0, 0x0, 0x0, 0x1,
    0xdf, 0xff, 0xff, 0xff, 0xff, 0xf2, 0xf, 0xfe,
    0x0, 0x0, 0x0, 0x0, 0x0, 0x9f, 0xff, 0x82,
    0x0, 0x3d, 0xff, 0x24, 0xff, 0x80, 0x0, 0x0,
    0x0, 0x0, 0x1f, 0xff, 0x40, 0x0, 0x0, 0xaf,
    0xf2, 0x7f, 0xf5, 0x0, 0x0, 0x0, 0x0, 0x5,
    0xff, 0xa0, 0x0, 0x0, 0xa, 0xff, 0x29, 0xff,
    0x40, 0x0, 0x0, 0x0, 0x0, 0x7f, 0xf6, 0x0,
    0x0, 0x0, 0xaf, 0xf2, 0x8f, 0xf5, 0x0, 0x0,
    0x0, 0x0, 0x7, 0xff, 0x50, 0x0, 0x0, 0xa,
    0xff, 0x26, 0xff, 0xa0, 0x0, 0x0, 0x0, 0x0,
    0x5f, 0xf8, 0x0, 0x0, 0x0, 0xaf, 0xf2, 0x1f,
    0xff, 0x60, 0x0, 0x0, 0x0, 0x1, 0xff, 0xd0,
    0x0, 0x0, 0xa, 0xff, 0x20, 0x9f, 0xff, 0xc7,
    0x43, 0x34, 0x44, 0x4c, 0xff, 0x93, 0x33, 0x33,
    0xbf, 0xf2, 0x0, 0xdf, 0xff, 0xff, 0xff, 0xff,
    0xff, 0xff, 0xff, 0xff, 0xff, 0xff, 0xff, 0x20,
    0x1, 0xaf, 0xff, 0xff, 0xff, 0xff, 0xff, 0xff,
    0xff, 0xff, 0xff, 0xff, 0xf2, 0x0, 0x0, 0x39,
    0xdf, 0xff, 0xff, 0xff, 0xff, 0xff, 0xff, 0xff,
    0xff, 0xff, 0x20,

    /* U+06A4 "ڤ" */
    0x0, 0x0, 0x0, 0x0, 0x0, 0x0, 0x0, 0x0,
    0x0, 0x2, 0x61, 0x0, 0x0, 0x0, 0x0, 0x0,
    0x0, 0x0, 0x0, 0x0, 0x0, 0x0, 0x2, 0xff,
    0xe0, 0x0, 0x0, 0x0, 0x0, 0x0, 0x0, 0x0,
    0x0, 0x0, 0x0, 0x0, 0x3f, 0xff, 0x0, 0x0,
    0x0, 0x0, 0x0, 0x0, 0x0, 0x0, 0x0, 0x0,
    0x0, 0x26, 0x79, 0x66, 0x10, 0x0, 0x0, 0x0,
    0x0, 0x0, 0x0, 0x0, 0x0, 0x0, 0x1f, 0xfd,
    0x2f, 0xfd, 0x0, 0x0, 0x0, 0x0, 0x0, 0x0,
    0x0, 0x0, 0x0, 0x4, 0xff, 0xf5, 0xff, 0xf0,
    0x0, 0x0, 0x0, 0x0, 0x0, 0x0, 0x0, 0x0,
    0x0, 0xb, 0xf8, 0xb, 0xf8, 0x0, 0x0, 0x0,
    0x0, 0x0, 0x0, 0x0, 0x0, 0x0, 0x0, 0x0,
    0x0, 0x0, 0x0, 0x0, 0x0, 0x0, 0x0, 0x0,
    0x0, 0x0, 0x0, 0x0, 0x0, 0x0, 0x0, 0x0,
    0x0, 0x0, 0x0, 0x0, 0x0, 0x0, 0x0, 0x0,
    0x0, 0x0, 0x0, 0x0, 0x0, 0x0, 0x0, 0x0,
    0x0, 0x0, 0x0, 0x0, 0x0, 0x0, 0x0, 0x0,
    0x1, 0x32, 0x0, 0x0, 0x0, 0x0, 0x0, 0x0,
    0x0, 0x0, 0x0, 0x0, 0x0, 0x7d, 0xff, 0xff,
    0xc7, 0x10, 0x1, 0x20, 0x0, 0x0, 0x0, 0x0,
    0x0, 0x1, 0xdf, 0xff, 0xff, 0xff, 0xff, 0x20,
    0x8f, 0xb1, 0x0, 0x0, 0x0, 0x0, 0x1, 0xdf,
    0xff, 0xff, 0xff, 0xff, 0xf2, 0xf, 0xfe, 0x0,
    0x0, 0x0, 0x0, 0x0, 0x9f, 0xff, 0x82, 0x0,
    0x3d, 0xff, 0x24, 0xff, 0x80, 0x0, 0x0, 0x0,
    0x0, 0x1f, 0xff, 0x40, 0x0, 0x0, 0xaf, 0xf2,
    0x7f, 0xf5, 0x0, 0x0, 0x0, 0x0, 0x5, 0xff,
    0xa0, 0x0, 0x0, 0xa, 0xff, 0x29, 0xff, 0x40,
    0x0, 0x0, 0x0, 0x0, 0x7f, 0xf6, 0x0, 0x0,
    0x0, 0xaf, 0xf2, 0x8f, 0xf5, 0x0, 0x0, 0x0,
    0x0, 0x7, 0xff, 0x50, 0x0, 0x0, 0xa, 0xff,
    0x26, 0xff, 0xa0, 0x0, 0x0, 0x0, 0x0, 0x5f,
    0xf8, 0x0, 0x0, 0x0, 0xaf, 0xf2, 0x1f, 0xff,
    0x60, 0x0, 0x0, 0x0, 0x1, 0xff, 0xd0, 0x0,
    0x0, 0xa, 0xff, 0x20, 0x9f, 0xff, 0xc7, 0x43,
    0x34, 0x44, 0x4c, 0xff, 0x93, 0x33, 0x33, 0xbf,
    0xf2, 0x0, 0xdf, 0xff, 0xff, 0xff, 0xff, 0xff,
    0xff, 0xff, 0xff, 0xff, 0xff, 0xff, 0x20, 0x1,
    0xaf, 0xff, 0xff, 0xff, 0xff, 0xff, 0xff, 0xff,
    0xff, 0xff, 0xff, 0xf2, 0x0, 0x0, 0x39, 0xdf,
    0xff, 0xff, 0xff, 0xff, 0xff, 0xff, 0xff, 0xff,
    0xff, 0x20,

    /* U+06A9 "ک" */
    0x0, 0x0, 0x0, 0x0, 0x0, 0x0, 0x0, 0x0,
    0x0, 0x0, 0x0, 0x0, 0x0, 0x0, 0x0, 0x0,
    0x0, 0x0, 0x0, 0x0, 0x0, 0x2, 0x9c, 0x0,
    0x0, 0x0, 0x0, 0x0, 0x0, 0x0, 0x0, 0x0,
    0x3a, 0xff, 0xc0, 0x0, 0x0, 0x0, 0x0, 0x0,
    0x0, 0x0, 0x4, 0xcf, 0xff, 0xfc, 0x0, 0x0,
    0x0, 0x0, 0x0, 0x0, 0x0, 0x6d, 0xff, 0xff,
    0xfe, 0x60, 0x0, 0x0, 0x0, 0x0, 0x0, 0x7,
    0xef, 0xff, 0xff, 0xd5, 0x0, 0x0, 0x0, 0x0,
    0x0, 0x0, 0x3f, 0xff, 0xff, 0xfb, 0x40, 0x0,
    0x0, 0x0, 0x0, 0x0, 0x0, 0x5, 0xff, 0xff,
    0xa3, 0x0, 0x0, 0x0, 0x0, 0x0, 0x0, 0x0,
    0x0, 0x5f, 0xff, 0x40, 0x0, 0x0, 0x0, 0x0,
    0x0, 0x0, 0x0, 0x0, 0x5, 0xff, 0xff, 0x60,
    0x0, 0x0, 0x0, 0x4, 0x30, 0x0, 0x0, 0x0,
    0x8, 0xff, 0xff, 0xa0, 0x0, 0x0, 0x0, 0xef,
    0xb0, 0x0, 0x0, 0x0, 0x4, 0xef, 0xff, 0xd2,
    0x0, 0x0, 0x5f, 0xf8, 0x0, 0x0, 0x0, 0x0,
    0x1, 0xbf, 0xff, 0xe3, 0x0, 0x9, 0xff, 0x30,
    0x0, 0x0, 0x0, 0x0, 0x0, 0x7f, 0xff, 0xf2,
    0x0, 0xcf, 0xf0, 0x0, 0x0, 0x0, 0x0, 0x0,
    0x0, 0x4f, 0xff, 0xd0, 0xd, 0xff, 0x0, 0x0,
    0x0, 0x0, 0x0, 0x0, 0x0, 0x3f, 0xff, 0x50,
    0xdf, 0xf1, 0x0, 0x0, 0x0, 0x0, 0x0, 0x0,
    0x0, 0x6f, 0xf9, 0xa, 0xff, 0x60, 0x0, 0x0,
    0x0, 0x0, 0x0, 0x0, 0x2, 0xff, 0xa0, 0x5f,
    0xff, 0x30, 0x0, 0x0, 0x0, 0x0, 0x0, 0x0,
    0x9f, 0xf9, 0x0, 0xdf, 0xff, 0xa6, 0x43, 0x34,
    0x43, 0x33, 0x46, 0xcf, 0xff, 0x40, 0x2, 0xff,
    0xff, 0xff, 0xff, 0xff, 0xff, 0xff, 0xff, 0xff,
    0xa0, 0x0, 0x2, 0xdf, 0xff, 0xff, 0xff, 0xff,
    0xff, 0xff, 0xff, 0xa0, 0x0, 0x0, 0x0, 0x5a,
    0xdf, 0xff, 0xff, 0xff, 0xff, 0xd9, 0x30, 0x0,
    0x0,

    /* U+06AF "گ" */
    0x0, 0x0, 0x0, 0x0, 0x0, 0x0, 0x0, 0x0,
    0x0, 0x0, 0x0, 0x0, 0x0, 0x0, 0x0, 0x0,
    0x0, 0x0, 0x0, 0x0, 0x0, 0x1, 0x8b, 0x0,
    0x0, 0x0, 0x0, 0x0, 0x0, 0x0, 0x0, 0x0,
    0x29, 0xff, 0xc0, 0x0, 0x0, 0x0, 0x0, 0x0,
    0x0, 0x0, 0x3, 0xbf, 0xff, 0xfc, 0x0, 0x0,
    0x0, 0x0, 0x0, 0x0, 0x0, 0x5c, 0xff, 0xff,
    0xfe, 0x60, 0x0, 0x0, 0x0, 0x0, 0x0, 0x6,
    0xdf, 0xff, 0xff, 0xd6, 0x0, 0x0, 0x0, 0x0,
    0x0, 0x0, 0x3e, 0xff, 0xff, 0xfc, 0x50, 0x0,
    0x0, 0x0, 0x0, 0x0, 0x0, 0x5, 0xff, 0xff,
    0xb4, 0x0, 0x2, 0x9c, 0x0, 0x0, 0x0, 0x0,
    0x0, 0x5f, 0xfa, 0x20, 0x0, 0x3a, 0xff, 0xc0,
    0x0, 0x0, 0x0, 0x0, 0x4, 0x81, 0x0, 0x4,
    0xcf, 0xff, 0xfc, 0x0, 0x0, 0x0, 0x0, 0x0,
    0x0, 0x0, 0x6d, 0xff, 0xff, 0xfe, 0x60, 0x0,
    0x0, 0x0, 0x0, 0x0, 0x7, 0xef, 0xff, 0xff,
    0xd5, 0x0, 0x0, 0x0, 0x0, 0x0, 0x0, 0x3f,
    0xff, 0xff, 0xfb, 0x40, 0x0, 0x0, 0x0, 0x0,
    0x0, 0x0, 0x5, 0xff, 0xff, 0xa3, 0x0, 0x0,
    0x0, 0x0, 0x0, 0x0, 0x0, 0x0, 0x5f, 0xff,
    0x40, 0x0, 0x0, 0x0, 0x0, 0x0, 0x0, 0x0,
    0x0, 0x5, 0xff, 0xff, 0x60, 0x0, 0x0, 0x0,
    0x4, 0x30, 0x0, 0x0, 0x0, 0x8, 0xff, 0xff,
    0xa0, 0x0, 0x0, 0x0, 0xef, 0xb0, 0x0, 0x0,
    0x0, 0x4, 0xef, 0xff, 0xd2, 0x0, 0x0, 0x5f,
    0xf8, 0x0, 0x0, 0x0, 0x0, 0x1, 0xbf, 0xff,
    0xe3, 0x0, 0x9, 0xff, 0x30, 0x0, 0x0, 0x0,
    0x0, 0x0, 0x7f, 0xff, 0xf2, 0x0, 0xcf, 0xf0,
    0x0, 0x0, 0x0, 0x0, 0x0, 0x0, 0x4f, 0xff,
    0xd0, 0xd, 0xff, 0x0, 0x0, 0x0, 0x0, 0x0,
    0x0, 0x0, 0x3f, 0xff, 0x50, 0xdf, 0xf1, 0x0,
    0x0, 0x0, 0x0, 0x0, 0x0, 0x0, 0x6f, 0xf9,
    0xa, 0xff, 0x60, 0x0, 0x0, 0x0, 0x0, 0x0,
    0x0, 0x2, 0xff, 0xa0, 0x5f, 0xff, 0x30, 0x0,
    0x0, 0x0, 0x0, 0x0, 0x0, 0x9f, 0xf9, 0x0,
    0xdf, 0xff, 0xa6, 0x43, 0x34, 0x43, 0x33, 0x46,
    0xcf, 0xff, 0x40, 0x2, 0xff, 0xff, 0xff, 0xff,
    0xff, 0xff, 0xff, 0xff, 0xff, 0xa0, 0x0, 0x2,
    0xdf, 0xff, 0xff, 0xff, 0xff, 0xff, 0xff, 0xff,
    0xa0, 0x0, 0x0, 0x0, 0x5a, 0xdf, 0xff, 0xff,
    0xff, 0xff, 0xd9, 0x30, 0x0, 0x0,

    /* U+06BA "ں" */
    0x0, 0x0, 0x0, 0x0, 0x0, 0x0, 0x0, 0xb,
    0xff, 0x10, 0x0, 0x0, 0x0, 0x0, 0x0, 0x0,
    0x0, 0xbf, 0xf1, 0x0, 0x0, 0x0, 0x0, 0x0,
    0x0, 0x0, 0xb, 0xff, 0x10, 0x0, 0x0, 0x0,
    0x0, 0x0, 0x0, 0x0, 0xbf, 0xf1, 0x0, 0x0,
    0x0, 0x0, 0x0, 0x0, 0x0, 0xb, 0xff, 0x10,
    0x0, 0x0, 0x0, 0x0, 0x0, 0x0, 0x0, 0xbf,
    0xf1, 0x3a, 0x72, 0x0, 0x0, 0x0, 0x0, 0x0,
    0xb, 0xff, 0x17, 0xff, 0x50, 0x0, 0x0, 0x0,
    0x0, 0x0, 0xbf, 0xf1, 0xaf, 0xf2, 0x0, 0x0,
    0x0, 0x0, 0x0, 0xb, 0xff, 0x1c, 0xff, 0x0,
    0x0, 0x0, 0x0, 0x0, 0x0, 0xbf, 0xf1, 0xdf,
    0xf0, 0x0, 0x0, 0x0, 0x0, 0x0, 0xb, 0xff,
    0x1d, 0xff, 0x0, 0x0, 0x0, 0x0, 0x0, 0x0,
    0xcf, 0xf1, 0xcf, 0xf0, 0x0, 0x0, 0x0, 0x0,
    0x0, 0xd, 0xff, 0xa, 0xff, 0x40, 0x0, 0x0,
    0x0, 0x0, 0x0, 0xff, 0xe0, 0x6f, 0xf9, 0x0,
    0x0, 0x0, 0x0, 0x0, 0x6f, 0xfa, 0x1, 0xff,
    0xf3, 0x0, 0x0, 0x0, 0x0, 0x1e, 0xff, 0x50,
    0xa, 0xff, 0xe3, 0x0, 0x0, 0x0, 0x1c, 0xff,
    0xd0, 0x0, 0x1e, 0xff, 0xfa, 0x64, 0x35, 0x9f,
    0xff, 0xf4, 0x0, 0x0, 0x3f, 0xff, 0xff, 0xff,
    0xff, 0xff, 0xf6, 0x0, 0x0, 0x0, 0x2d, 0xff,
    0xff, 0xff, 0xff, 0xe5, 0x0, 0x0, 0x0, 0x0,
    0x5, 0xae, 0xff, 0xeb, 0x60, 0x0, 0x0, 0x0,

    /* U+06BE "ھ" */
    0x0, 0x0, 0x7, 0xb9, 0x63, 0x0, 0x0, 0x0,
    0x0, 0x0, 0x0, 0x0, 0x0, 0x0, 0xaf, 0xff,
    0xff, 0xc8, 0x30, 0x0, 0x0, 0x0, 0x0, 0x0,
    0x0, 0xc, 0xff, 0xff, 0xff, 0xff, 0xe9, 0x30,
    0x0, 0x0, 0x0, 0x0, 0x0, 0x5c, 0xff, 0xff,
    0xff, 0xff, 0xff, 0xc3, 0x0, 0x0, 0x0, 0x0,
    0x2, 0xff, 0xff, 0xff, 0xff, 0xff, 0xff, 0xf9,
    0x0, 0x0, 0x0, 0x0, 0xbf, 0xfd, 0x53, 0x7f,
    0xff, 0xff, 0xff, 0xfc, 0x0, 0x0, 0x0, 0x1f,
    0xff, 0x10, 0x0, 0x4f, 0xfd, 0x3b, 0xff, 0xfa,
    0x0, 0x0, 0x3, 0xff, 0x90, 0x0, 0x0, 0xdf,
    0xf0, 0x7, 0xff, 0xf3, 0x0, 0x0, 0x4f, 0xf9,
    0x0, 0x0, 0xc, 0xff, 0x10, 0x9, 0xff, 0xa0,
    0x0, 0x2, 0xff, 0xd0, 0x0, 0x0, 0xff, 0xf0,
    0x0, 0x1f, 0xfd, 0x0, 0x0, 0xe, 0xff, 0x80,
    0x0, 0x8f, 0xfb, 0x0, 0x0, 0xef, 0xe0, 0x0,
    0x0, 0x7f, 0xff, 0x80, 0x7f, 0xff, 0x50, 0x0,
    0xf, 0xfe, 0x0, 0x0, 0x0, 0xdf, 0xff, 0xef,
    0xff, 0xc0, 0x0, 0x7, 0xff, 0xb0, 0x0, 0x34,
    0x48, 0xff, 0xff, 0xff, 0xf8, 0x44, 0x6b, 0xff,
    0xf6, 0x5, 0xff, 0xff, 0xff, 0xff, 0xff, 0xff,
    0xff, 0xff, 0xff, 0xfc, 0x3, 0xff, 0xff, 0xff,
    0xff, 0xff, 0xff, 0xff, 0xff, 0xff, 0xfb, 0x10,
    0xaf, 0xff, 0xff, 0xdb, 0x83, 0x4, 0x8c, 0xef,
    0xfd, 0xa4, 0x0, 0xd, 0xf7, 0x10, 0x0, 0x0,
    0x0, 0x0, 0x0, 0x0, 0x0, 0x0, 0x0, 0xdc,
    0x0, 0x0, 0x0, 0x0, 0x0, 0x0, 0x0, 0x0,
    0x0, 0x0, 0xc, 0x90, 0x0, 0x0, 0x0, 0x0,
    0x0, 0x0, 0x0, 0x0, 0x0, 0x0, 0x54, 0x0,
    0x0, 0x0, 0x0, 0x0, 0x0, 0x0, 0x0, 0x0,
    0x0, 0x0,

    /* U+06C1 "ہ" */
    0x0, 0x0, 0x0, 0x33, 0x10, 0x0, 0x0, 0x0,
    0x0, 0x1d, 0xff, 0xe3, 0x0, 0x0, 0x0, 0x1,
    0xdf, 0xff, 0xff, 0x30, 0x0, 0x0, 0xd, 0xff,
    0xff, 0xff, 0xf2, 0x0, 0x0, 0xaf, 0xff, 0x53,
    0xef, 0xfd, 0x0, 0x4, 0xff, 0xf5, 0x0, 0x3f,
    0xff, 0x80, 0xd, 0xff, 0x80, 0x0, 0x5, 0xff,
    0xf1, 0x3f, 0xfe, 0x0, 0x0, 0x0, 0xbf, 0xf6,
    0x7f, 0xf7, 0x0, 0x0, 0x0, 0x4f, 0xfa, 0x9f,
    0xf4, 0x0, 0x0, 0x0, 0x1f, 0xfc, 0x8f, 0xf5,
    0x0, 0x0, 0x0, 0x2f, 0xfb, 0x6f, 0xfc, 0x0,
    0x0, 0x0, 0xaf, 0xf8, 0x1f, 0xff, 0xd6, 0x43,
    0x6c, 0xff, 0xf3, 0x6, 0xff, 0xff, 0xff, 0xff,
    0xff, 0x90, 0x0, 0x7f, 0xff, 0xff, 0xff, 0xfa,
    0x0, 0x0, 0x2, 0x9d, 0xff, 0xea, 0x40, 0x0,

    /* U+06C2 "ۂ" */
    0x0, 0x0, 0x4, 0xcf, 0xe7, 0x0, 0x0, 0x0,
    0x0, 0x2f, 0xff, 0xf4, 0x0, 0x0, 0x0, 0x0,
    0x5f, 0x90, 0x0, 0x0, 0x0, 0x0, 0x0, 0xdf,
    0xff, 0xff, 0x10, 0x0, 0x0, 0x0, 0xef, 0xff,
    0xff, 0x10, 0x0, 0x0, 0x0, 0x0, 0x0, 0x0,
    0x0, 0x0, 0x0, 0x0, 0x0, 0x0, 0x0, 0x0,
    0x0, 0x0, 0x0, 0x0, 0x33, 0x10, 0x0, 0x0,
    0x0, 0x0, 0x1d, 0xff, 0xe3, 0x0, 0x0, 0x0,
    0x1, 0xdf, 0xff, 0xff, 0x30, 0x0, 0x0, 0xd,
    0xff, 0xff, 0xff, 0xf2, 0x0, 0x0, 0xaf, 0xff,
    0x53, 0xef, 0xfd, 0x0, 0x4, 0xff, 0xf5, 0x0,
    0x3f, 0xff, 0x80, 0xd, 0xff, 0x80, 0x0, 0x5,
    0xff, 0xf1, 0x3f, 0xfe, 0x0, 0x0, 0x0, 0xbf,
    0xf6, 0x7f, 0xf7, 0x0, 0x0, 0x0, 0x4f, 0xfa,
    0x9f, 0xf4, 0x0, 0x0, 0x0, 0x1f, 0xfc, 0x8f,
    0xf5, 0x0, 0x0, 0x0, 0x2f, 0xfb, 0x6f, 0xfc,
    0x0, 0x0, 0x0, 0xaf, 0xf8, 0x1f, 0xff, 0xd6,
    0x43, 0x6c, 0xff, 0xf3, 0x6, 0xff, 0xff, 0xff,
    0xff, 0xff, 0x90, 0x0, 0x7f, 0xff, 0xff, 0xff,
    0xfa, 0x0, 0x0, 0x2, 0x9d, 0xff, 0xea, 0x40,
    0x0,

    /* U+06C3 "ۃ" */
    0x0, 0x2, 0xde, 0x42, 0xee, 0x40, 0x0, 0x0,
    0x9, 0xff, 0xc9, 0xff, 0xb0, 0x0, 0x0, 0x6,
    0xff, 0x96, 0xff, 0x90, 0x0, 0x0, 0x0, 0x45,
    0x0, 0x45, 0x0, 0x0, 0x0, 0x0, 0x0, 0x0,
    0x0, 0x0, 0x0, 0x0, 0x0, 0x0, 0x0, 0x0,
    0x0, 0x0, 0x0, 0x0, 0x0, 0x33, 0x10, 0x0,
    0x0, 0x0, 0x0, 0x1d, 0xff, 0xe3, 0x0, 0x0,
    0x0, 0x1, 0xdf, 0xff, 0xff, 0x30, 0x0, 0x0,
    0xd, 0xff, 0xff, 0xff, 0xf2, 0x0, 0x0, 0xaf,
    0xff, 0x53, 0xef, 0xfd, 0x0, 0x4, 0xff, 0xf5,
    0x0, 0x3f, 0xff, 0x80, 0xd, 0xff, 0x80, 0x0,
    0x5, 0xff, 0xf1, 0x3f, 0xfe, 0x0, 0x0, 0x0,
    0xbf, 0xf6, 0x7f, 0xf7, 0x0, 0x0, 0x0, 0x4f,
    0xfa, 0x9f, 0xf4, 0x0, 0x0, 0x0, 0x1f, 0xfc,
    0x8f, 0xf5, 0x0, 0x0, 0x0, 0x2f, 0xfb, 0x6f,
    0xfc, 0x0, 0x0, 0x0, 0xaf, 0xf8, 0x1f, 0xff,
    0xd6, 0x43, 0x6c, 0xff, 0xf3, 0x6, 0xff, 0xff,
    0xff, 0xff, 0xff, 0x90, 0x0, 0x7f, 0xff, 0xff,
    0xff, 0xfa, 0x0, 0x0, 0x2, 0x9d, 0xff, 0xea,
    0x40, 0x0,

    /* U+06CC "ی" */
    0x0, 0x0, 0x0, 0x0, 0x0, 0x0, 0x28, 0xdf,
    0xfe, 0xb7, 0x10, 0x0, 0x0, 0x0, 0x0, 0x0,
    0x0, 0x6, 0xff, 0xff, 0xff, 0xff, 0xfa, 0x20,
    0x0, 0x0, 0x0, 0x0, 0x0, 0x4f, 0xff, 0xff,
    0xff, 0xff, 0xff, 0xf4, 0x0, 0x0, 0x0, 0x0,
    0x0, 0xdf, 0xfe, 0x74, 0x35, 0x9e, 0xff, 0xe0,
    0x0, 0x0, 0x0, 0x0, 0x2, 0xff, 0xd0, 0x0,
    0x0, 0x0, 0x5e, 0x50, 0x0, 0x0, 0x0, 0x0,
    0x5, 0xff, 0x80, 0x0, 0x0, 0x0, 0x0, 0x0,
    0x0, 0x0, 0x0, 0x0, 0x5, 0xff, 0x90, 0x0,
    0x0, 0x0, 0x0, 0x0, 0x0, 0x0, 0x0, 0x0,
    0x2, 0xff, 0xf4, 0x0, 0x0, 0x0, 0x0, 0x0,
    0x10, 0x0, 0x0, 0x0, 0x0, 0xcf, 0xff, 0xa3,
    0x0, 0x0, 0x0, 0x0, 0x8f, 0xd2, 0x0, 0x0,
    0x0, 0x3f, 0xff, 0xff, 0xd8, 0x20, 0x0, 0x0,
    0xbf, 0xf1, 0x0, 0x0, 0x0, 0x2, 0xdf, 0xff,
    0xff, 0xfc, 0x40, 0x0, 0xdf, 0xf0, 0x0, 0x0,
    0x0, 0x0, 0x5, 0xcf, 0xff, 0xff, 0xfa, 0x0,
    0xdf, 0xf0, 0x0, 0x0, 0x0, 0x0, 0x0, 0x3,
    0x9e, 0xff, 0xff, 0xb0, 0xdf, 0xf0, 0x0, 0x0,
    0x0, 0x0, 0x0, 0x0, 0x0, 0x4c, 0xff, 0xf3,
    0xbf, 0xf4, 0x0, 0x0, 0x0, 0x0, 0x0, 0x0,
    0x0, 0x0, 0x9f, 0xf7, 0x7f, 0xfb, 0x0, 0x0,
    0x0, 0x0, 0x0, 0x0, 0x0, 0x0, 0x6f, 0xf7,
    0x2f, 0xff, 0x60, 0x0, 0x0, 0x0, 0x0, 0x0,
    0x0, 0x1, 0xdf, 0xf5, 0xa, 0xff, 0xfa, 0x20,
    0x0, 0x0, 0x0, 0x0, 0x0, 0x6e, 0xff, 0xe0,
    0x0, 0xdf, 0xff, 0xfc, 0x85, 0x43, 0x34, 0x57,
    0xbf, 0xff, 0xff, 0x50, 0x0, 0x1c, 0xff, 0xff,
    0xff, 0xff, 0xff, 0xff, 0xff, 0xff, 0xf5, 0x0,
    0x0, 0x0, 0x6d, 0xff, 0xff, 0xff, 0xff, 0xff,
    0xff, 0xfa, 0x20, 0x0, 0x0, 0x0, 0x0, 0x38,
    0xbd, 0xff, 0xff, 0xec, 0x95, 0x0, 0x0, 0x0,

    /* U+06D2 "ے" */
    0x0, 0x0, 0x0, 0x0, 0x0, 0x0, 0x1, 0x23,
    0x30, 0x0, 0x0, 0x0, 0x0, 0x0, 0x0, 0x0,
    0x0, 0x0, 0x14, 0x8a, 0xde, 0xff, 0xff, 0xf3,
    0x0, 0x0, 0x0, 0x0, 0x0, 0x0, 0x0, 0x1,
    0x7c, 0xff, 0xff, 0xff, 0xff, 0xff, 0xf3, 0x0,
    0x0, 0x0, 0x0, 0x0, 0x0, 0x0, 0x7f, 0xff,
    0xff, 0xff, 0xff, 0xff, 0xff, 0xf3, 0x0, 0x0,
    0x0, 0x0, 0x0, 0x0, 0xb, 0xff, 0xff, 0xff,
    0xda, 0x85, 0x42, 0x10, 0x0, 0x0, 0x0, 0x0,
    0x0, 0x0, 0x0, 0x8f, 0xff, 0xe9, 0x40, 0x0,
    0x0, 0x0, 0x0, 0x0, 0x0, 0x0, 0x0, 0x0,
    0x0, 0x0, 0xdf, 0xf6, 0x0, 0x0, 0x0, 0x0,
    0x0, 0x0, 0x0, 0x0, 0x0, 0x0, 0x0, 0x0,
    0x0, 0xcf, 0xf6, 0x0, 0x0, 0x0, 0x0, 0x0,
    0x0, 0x0, 0x0, 0x0, 0x0, 0x0, 0x0, 0x0,
    0x6f, 0xff, 0xe9, 0x41, 0x0, 0x0, 0x0, 0x0,
    0x0, 0x0, 0x0, 0x0, 0x0, 0x0, 0x10, 0x8,
    0xff, 0xff, 0xff, 0xda, 0x75, 0x32, 0x11, 0x0,
    0x12, 0x34, 0x57, 0x8a, 0xcf, 0xf4, 0x0, 0x4d,
    0xff, 0xff, 0xff, 0xff, 0xff, 0xff, 0xff, 0xff,
    0xff, 0xff, 0xff, 0xff, 0xf7, 0x0, 0x0, 0x39,
    0xdf, 0xff, 0xff, 0xff, 0xff, 0xff, 0xff, 0xff,
    0xff, 0xff, 0xff, 0xf9, 0x0, 0x0, 0x0, 0x1,
    0x57, 0xab, 0xde, 0xff, 0xff, 0xff, 0xff, 0xfe,
    0xca, 0x85, 0x10,

    /* U+06D3 "ۓ" */
    0x0, 0x3c, 0xff, 0x80, 0x0, 0x0, 0x0, 0x0,
    0x0, 0x0, 0x0, 0x0, 0x0, 0x0, 0x0, 0x1,
    0xff, 0xff, 0x50, 0x0, 0x0, 0x0, 0x0, 0x0,
    0x0, 0x0, 0x0, 0x0, 0x0, 0x0, 0x4, 0xfa,
    0x0, 0x0, 0x0, 0x0, 0x0, 0x0, 0x0, 0x0,
    0x0, 0x0, 0x0, 0x0, 0x0, 0xc, 0xff, 0xff,
    0xf2, 0x0, 0x0, 0x0, 0x0, 0x0, 0x0, 0x0,
    0x0, 0x0, 0x0, 0x0, 0xc, 0xff, 0xff, 0xf2,
    0x0, 0x0, 0x0, 0x0, 0x0, 0x0, 0x0, 0x0,
    0x0, 0x0, 0x0, 0x0, 0x0, 0x0, 0x0, 0x0,
    0x0, 0x0, 0x0, 0x0, 0x0, 0x0, 0x0, 0x0,
    0x0, 0x0, 0x0, 0x0, 0x0, 0x0, 0x0, 0x0,
    0x0, 0x0, 0x0, 0x0, 0x0, 0x0, 0x0, 0x0,
    0x0, 0x0, 0x0, 0x0, 0x0, 0x0, 0x0, 0x1,
    0x23, 0x30, 0x0, 0x0, 0x0, 0x0, 0x0, 0x0,
    0x0, 0x0, 0x0, 0x14, 0x8a, 0xde, 0xff, 0xff,
    0xf3, 0x0, 0x0, 0x0, 0x0, 0x0, 0x0, 0x0,
    0x1, 0x7c, 0xff, 0xff, 0xff, 0xff, 0xff, 0xf3,
    0x0, 0x0, 0x0, 0x0, 0x0, 0x0, 0x0, 0x7f,
    0xff, 0xff, 0xff, 0xff, 0xff, 0xff, 0xf3, 0x0,
    0x0, 0x0, 0x0, 0x0, 0x0, 0xb, 0xff, 0xff,
    0xff, 0xda, 0x85, 0x42, 0x10, 0x0, 0x0, 0x0,
    0x0, 0x0, 0x0, 0x0, 0x8f, 0xff, 0xe9, 0x40,
    0x0, 0x0, 0x0, 0x0, 0x0, 0x0, 0x0, 0x0,
    0x0, 0x0, 0x0, 0xdf, 0xf6, 0x0, 0x0, 0x0,
    0x0, 0x0, 0x0, 0x0, 0x0, 0x0, 0x0, 0x0,
    0x0, 0x0, 0xcf, 0xf6, 0x0, 0x0, 0x0, 0x0,
    0x0, 0x0, 0x0, 0x0, 0x0, 0x0, 0x0, 0x0,
    0x0, 0x6f, 0xff, 0xe9, 0x41, 0x0, 0x0, 0x0,
    0x0, 0x0, 0x0, 0x0, 0x0, 0x0, 0x0, 0x10,
    0x8, 0xff, 0xff, 0xff, 0xda, 0x75, 0x32, 0x11,
    0x0, 0x12, 0x34, 0x57, 0x8a, 0xcf, 0xf4, 0x0,
    0x4d, 0xff, 0xff, 0xff, 0xff, 0xff, 0xff, 0xff,
    0xff, 0xff, 0xff, 0xff, 0xff, 0xf7, 0x0, 0x0,
    0x39, 0xdf, 0xff, 0xff, 0xff, 0xff, 0xff, 0xff,
    0xff, 0xff, 0xff, 0xff, 0xf9, 0x0, 0x0, 0x0,
    0x1, 0x57, 0xab, 0xde, 0xff, 0xff, 0xff, 0xff,
    0xfe, 0xca, 0x85, 0x10,

    /* U+06D4 "۔" */
    0x7, 0x71, 0x8f, 0xfa, 0xaf, 0xfc, 0x3e, 0xe4,

    /* U+06F0 "۰" */
    0x3f, 0xff, 0xa3, 0xff, 0xfa, 0x3f, 0xff, 0xa3,
    0xff, 0xfa,

    /* U+06F1 "۱" */
    0x37, 0x72, 0x7f, 0xf5, 0x7f, 0xf5, 0x7f, 0xf5,
    0x7f, 0xf5, 0x7f, 0xf5, 0x7f, 0xf5, 0x7f, 0xf5,
    0x7f, 0xf5, 0x7f, 0xf5, 0x7f, 0xf5, 0x7f, 0xf5,
    0x7f, 0xf5, 0x7f, 0xf5, 0x7f, 0xf5, 0x7f, 0xf5,
    0x7f, 0xf5, 0x7f, 0xf5, 0x7f, 0xf5, 0x7f, 0xf5,
    0x7f, 0xf5,

    /* U+06F2 "۲" */
    0x0, 0x0, 0x2, 0x33, 0x10, 0x0, 0x0, 0x3b,
    0xff, 0xff, 0xff, 0xc5, 0x6, 0xff, 0xff, 0xff,
    0xff, 0xf8, 0x2f, 0xff, 0xff, 0xff, 0xff, 0xf3,
    0x7f, 0xfd, 0x41, 0x0, 0x24, 0x80, 0x9f, 0xf4,
    0x0, 0x0, 0x0, 0x0, 0x9f, 0xf4, 0x0, 0x0,
    0x0, 0x0, 0x8f, 0xf5, 0x0, 0x0, 0x0, 0x0,
    0x6f, 0xf6, 0x0, 0x0, 0x0, 0x0, 0x4f, 0xf8,
    0x0, 0x0, 0x0, 0x0, 0x3f, 0xfa, 0x0, 0x0,
    0x0, 0x0, 0x1f, 0xfc, 0x0, 0x0, 0x0, 0x0,
    0xf, 0xfe, 0x0, 0x0, 0x0, 0x0, 0xd, 0xff,
    0x0, 0x0, 0x0, 0x0, 0xb, 0xff, 0x20, 0x0,
    0x0, 0x0, 0x9, 0xff, 0x40, 0x0, 0x0, 0x0,
    0x7, 0xff, 0x60, 0x0, 0x0, 0x0, 0x5, 0xff,
    0x80, 0x0, 0x0, 0x0, 0x3, 0xff, 0xa0, 0x0,
    0x0, 0x0, 0x2, 0xff, 0xb0, 0x0, 0x0, 0x0,
    0x0, 0xff, 0xc0, 0x0, 0x0, 0x0,

    /* U+06F3 "۳" */
    0x58, 0x80, 0x0, 0x0, 0x0, 0x0, 0x2, 0x68,
    0xb, 0xff, 0x10, 0x0, 0xff, 0xf0, 0x0, 0xbf,
    0xf2, 0xbf, 0xf1, 0x0, 0xf, 0xff, 0x0, 0x6,
    0xff, 0x7b, 0xff, 0x10, 0x0, 0xff, 0xf0, 0x0,
    0x2f, 0xfa, 0xbf, 0xf1, 0x0, 0xf, 0xff, 0x0,
    0x0, 0xff, 0xcb, 0xff, 0x20, 0x0, 0xff, 0xf0,
    0x0, 0xf, 0xfd, 0xcf, 0xf3, 0x0, 0xf, 0xff,
    0x0, 0x1, 0xff, 0xcb, 0xff, 0x70, 0x1, 0xff,
    0xf2, 0x0, 0x5f, 0xf9, 0xbf, 0xfe, 0x31, 0xbf,
    0xff, 0xc1, 0x2e, 0xff, 0x5b, 0xff, 0xff, 0xff,
    0xff, 0xff, 0xff, 0xff, 0xd0, 0xbf, 0xff, 0xff,
    0xff, 0xcf, 0xff, 0xff, 0xf3, 0xb, 0xff, 0xef,
    0xfe, 0x60, 0x5e, 0xff, 0xd4, 0x0, 0xbf, 0xf1,
    0x23, 0x0, 0x0, 0x2, 0x20, 0x0, 0xb, 0xff,
    0x10, 0x0, 0x0, 0x0, 0x0, 0x0, 0x0, 0xbf,
    0xf1, 0x0, 0x0, 0x0, 0x0, 0x0, 0x0, 0xb,
    0xff, 0x10, 0x0, 0x0, 0x0, 0x0, 0x0, 0x0,
    0xbf, 0xf1, 0x0, 0x0, 0x0, 0x0, 0x0, 0x0,
    0xb, 0xff, 0x10, 0x0, 0x0, 0x0, 0x0, 0x0,
    0x0, 0xbf, 0xf1, 0x0, 0x0, 0x0, 0x0, 0x0,
    0x0, 0xb, 0xff, 0x10, 0x0, 0x0, 0x0, 0x0,
    0x0, 0x0, 0xbf, 0xf1, 0x0, 0x0, 0x0, 0x0,
    0x0, 0x0, 0x0,

    /* U+06F4 "۴" */
    0x58, 0x80, 0x0, 0x0, 0x0, 0x0, 0x0, 0x0,
    0xb, 0xff, 0x10, 0x0, 0x0, 0x0, 0x0, 0x7d,
    0xf3, 0xbf, 0xf1, 0x0, 0x0, 0x13, 0x0, 0x9,
    0xff, 0x4b, 0xff, 0x20, 0x2, 0xbf, 0xf0, 0x0,
    0x9f, 0xf4, 0xcf, 0xf4, 0x2, 0xef, 0xff, 0x0,
    0xc, 0xff, 0x2b, 0xff, 0x80, 0xbf, 0xff, 0xf0,
    0x2, 0xff, 0xe0, 0xbf, 0xff, 0x3f, 0xff, 0x40,
    0x2, 0xdf, 0xf9, 0xb, 0xff, 0xff, 0xff, 0xf5,
    0x59, 0xff, 0xff, 0x10, 0xbf, 0xff, 0xff, 0xff,
    0xff, 0xff, 0xff, 0x50, 0xb, 0xff, 0xef, 0xff,
    0xff, 0xff, 0xfe, 0x40, 0x0, 0xbf, 0xf1, 0x5b,
    0xef, 0xfe, 0xb6, 0x0, 0x0, 0xb, 0xff, 0x10,
    0x0, 0x0, 0x0, 0x0, 0x0, 0x0, 0xbf, 0xf1,
    0x0, 0x0, 0x0, 0x0, 0x0, 0x0, 0xb, 0xff,
    0x10, 0x0, 0x0, 0x0, 0x0, 0x0, 0x0, 0xbf,
    0xf1, 0x0, 0x0, 0x0, 0x0, 0x0, 0x0, 0xb,
    0xff, 0x10, 0x0, 0x0, 0x0, 0x0, 0x0, 0x0,
    0xbf, 0xf1, 0x0, 0x0, 0x0, 0x0, 0x0, 0x0,
    0xb, 0xff, 0x10, 0x0, 0x0, 0x0, 0x0, 0x0,
    0x0, 0xbf, 0xf1, 0x0, 0x0, 0x0, 0x0, 0x0,
    0x0, 0xb, 0xff, 0x10, 0x0, 0x0, 0x0, 0x0,
    0x0, 0x0,

    /* U+06F5 "۵" */
    0x0, 0x0, 0x0, 0x81, 0x0, 0x0, 0x0, 0x0,
    0x0, 0x0, 0x0, 0x4f, 0xf8, 0x0, 0x0, 0x0,
    0x0, 0x0, 0x0, 0xb, 0xff, 0xfd, 0x30, 0x0,
    0x0, 0x0, 0x0, 0x0, 0x8f, 0xff, 0xff, 0x70,
    0x0, 0x0, 0x0, 0x0, 0x3e, 0xff, 0xff, 0xff,
    0x90, 0x0, 0x0, 0x0, 0x2e, 0xff, 0x63, 0xdf,
    0xff, 0x80, 0x0, 0x0, 0xd, 0xff, 0x60, 0x0,
    0xbf, 0xff, 0x60, 0x0, 0x9, 0xff, 0x90, 0x0,
    0x0, 0xbf, 0xff, 0x10, 0x2, 0xff, 0xd0, 0x0,
    0x0, 0x0, 0xdf, 0xf9, 0x0, 0xaf, 0xf5, 0x0,
    0x0, 0x0, 0x3, 0xff, 0xf0, 0x1f, 0xfd, 0x0,
    0x0, 0x0, 0x0, 0xb, 0xff, 0x45, 0xff, 0x70,
    0x0, 0x0, 0x0, 0x0, 0x6f, 0xf8, 0x9f, 0xf3,
    0x0, 0x0, 0x0, 0x0, 0x3, 0xff, 0xab, 0xff,
    0x10, 0x0, 0x0, 0x0, 0x0, 0x2f, 0xfa, 0xbf,
    0xf2, 0x0, 0x2, 0x81, 0x0, 0x3, 0xff, 0x99,
    0xff, 0x60, 0x0, 0xbf, 0x70, 0x0, 0x8f, 0xf7,
    0x6f, 0xfe, 0x64, 0xaf, 0xff, 0x83, 0x7f, 0xff,
    0x20, 0xef, 0xff, 0xff, 0xff, 0xff, 0xff, 0xff,
    0xb0, 0x4, 0xff, 0xff, 0xff, 0xaf, 0xff, 0xff,
    0xe1, 0x0, 0x3, 0xbf, 0xfc, 0x30, 0x6d, 0xfe,
    0x91, 0x0,

    /* U+06F6 "۶" */
    0x0, 0x0, 0x0, 0x0, 0x12, 0x31, 0x0, 0x0,
    0x49, 0xcf, 0xff, 0xf8, 0x0, 0x6e, 0xff, 0xff,
    0xff, 0xf8, 0x9, 0xff, 0xff, 0xff, 0xff, 0xf8,
    0x4f, 0xff, 0xfb, 0x74, 0x21, 0x0, 0xaf, 0xfa,
    0x10, 0x0, 0x0, 0x0, 0xbf, 0xf2, 0x0, 0x0,
    0x0, 0x0, 0x8f, 0xfd, 0x30, 0x0, 0x0, 0x0,
    0x2f, 0xff, 0xfc, 0x74, 0x20, 0x0, 0x5, 0xff,
    0xff, 0xff, 0xff, 0xf0, 0x0, 0x3c, 0xff, 0xff,
    0xff, 0xf3, 0x0, 0x0, 0x3e, 0xff, 0xff, 0xf5,
    0x0, 0x0, 0xbf, 0xff, 0xfe, 0x81, 0x0, 0xc,
    0xff, 0xfe, 0x60, 0x0, 0x0, 0x8f, 0xff, 0x90,
    0x0, 0x0, 0x1, 0xff, 0xf7, 0x0, 0x0, 0x0,
    0x8, 0xff, 0xa0, 0x0, 0x0, 0x0, 0xc, 0xff,
    0x20, 0x0, 0x0, 0x0, 0xf, 0xfd, 0x0, 0x0,
    0x0, 0x0, 0x2f, 0xfb, 0x0, 0x0, 0x0, 0x0,
    0x3f, 0xfa, 0x0, 0x0, 0x0, 0x0,

    /* U+06F7 "۷" */
    0x58, 0x83, 0x0, 0x0, 0x0, 0x0, 0x0, 0x0,
    0x68, 0x82, 0x5f, 0xfb, 0x0, 0x0, 0x0, 0x0,
    0x0, 0x1, 0xff, 0xf0, 0xf, 0xff, 0x10, 0x0,
    0x0, 0x0, 0x0, 0x7, 0xff, 0xa0, 0x9, 0xff,
    0x70, 0x0, 0x0, 0x0, 0x0, 0xd, 0xff, 0x40,
    0x3, 0xff, 0xd0, 0x0, 0x0, 0x0, 0x0, 0x3f,
    0xfd, 0x0, 0x0, 0xdf, 0xf3, 0x0, 0x0, 0x0,
    0x0, 0x9f, 0xf7, 0x0, 0x0, 0x7f, 0xf9, 0x0,
    0x0, 0x0, 0x0, 0xff, 0xf1, 0x0, 0x0, 0x1f,
    0xff, 0x0, 0x0, 0x0, 0x5, 0xff, 0xb0, 0x0,
    0x0, 0xb, 0xff, 0x50, 0x0, 0x0, 0xb, 0xff,
    0x50, 0x0, 0x0, 0x4, 0xff, 0xb0, 0x0, 0x0,
    0x1f, 0xfe, 0x0, 0x0, 0x0, 0x0, 0xef, 0xf1,
    0x0, 0x0, 0x7f, 0xf8, 0x0, 0x0, 0x0, 0x0,
    0x8f, 0xf7, 0x0, 0x0, 0xdf, 0xf2, 0x0, 0x0,
    0x0, 0x0, 0x2f, 0xfd, 0x0, 0x4, 0xff, 0xc0,
    0x0, 0x0, 0x0, 0x0, 0xc, 0xff, 0x30, 0xa,
    0xff, 0x60, 0x0, 0x0, 0x0, 0x0, 0x6, 0xff,
    0x90, 0x1f, 0xff, 0x0, 0x0, 0x0, 0x0, 0x0,
    0x0, 0xff, 0xf0, 0x6f, 0xf9, 0x0, 0x0, 0x0,
    0x0, 0x0, 0x0, 0xaf, 0xf5, 0xcf, 0xf3, 0x0,
    0x0, 0x0, 0x0, 0x0, 0x0, 0x4f, 0xfd, 0xff,
    0xd0, 0x0, 0x0, 0x0, 0x0, 0x0, 0x0, 0xd,
    0xff, 0xff, 0x70, 0x0, 0x0, 0x0, 0x0, 0x0,
    0x0, 0x7, 0xff, 0xff, 0x10, 0x0, 0x0, 0x0,
    0x0, 0x0, 0x0, 0x1, 0xff, 0xfa, 0x0, 0x0,
    0x0, 0x0,

    /* U+06F8 "۸" */
    0x0, 0x0, 0x0, 0x0, 0x78, 0x84, 0x0, 0x0,
    0x0, 0x0, 0x0, 0x0, 0x0, 0x4, 0xff, 0xfd,
    0x0, 0x0, 0x0, 0x0, 0x0, 0x0, 0x0, 0xb,
    0xff, 0xff, 0x40, 0x0, 0x0, 0x0, 0x0, 0x0,
    0x0, 0x1f, 0xff, 0xff, 0xa0, 0x0, 0x0, 0x0,
    0x0, 0x0, 0x0, 0x7f, 0xfd, 0xff, 0xf1, 0x0,
    0x0, 0x0, 0x0, 0x0, 0x0, 0xdf, 0xf5, 0xcf,
    0xf6, 0x0, 0x0, 0x0, 0x0, 0x0, 0x3, 0xff,
    0xe0, 0x6f, 0xfc, 0x0, 0x0, 0x0, 0x0, 0x0,
    0x9, 0xff, 0x90, 0xf, 0xff, 0x30, 0x0, 0x0,
    0x0, 0x0, 0xf, 0xff, 0x20, 0x9, 0xff, 0x90,
    0x0, 0x0, 0x0, 0x0, 0x5f, 0xfc, 0x0, 0x3,
    0xff, 0xe0, 0x0, 0x0, 0x0, 0x0, 0xbf, 0xf6,
    0x0, 0x0, 0xcf, 0xf5, 0x0, 0x0, 0x0, 0x1,
    0xff, 0xf0, 0x0, 0x0, 0x6f, 0xfb, 0x0, 0x0,
    0x0, 0x8, 0xff, 0xa0, 0x0, 0x0, 0xf, 0xff,
    0x20, 0x0, 0x0, 0xd, 0xff, 0x30, 0x0, 0x0,
    0xa, 0xff, 0x80, 0x0, 0x0, 0x4f, 0xfd, 0x0,
    0x0, 0x0, 0x3, 0xff, 0xe0, 0x0, 0x0, 0xaf,
    0xf7, 0x0, 0x0, 0x0, 0x0, 0xdf, 0xf4, 0x0,
    0x0, 0xff, 0xf1, 0x0, 0x0, 0x0, 0x0, 0x7f,
    0xfa, 0x0, 0x6, 0xff, 0xb0, 0x0, 0x0, 0x0,
    0x0, 0x1f, 0xff, 0x10, 0xc, 0xff, 0x50, 0x0,
    0x0, 0x0, 0x0, 0xa, 0xff, 0x70, 0x2f, 0xfe,
    0x0, 0x0, 0x0, 0x0, 0x0, 0x4, 0xff, 0xd0,
    0x8f, 0xf8, 0x0, 0x0, 0x0, 0x0, 0x0, 0x0,
    0xdf, 0xf3,

    /* U+06F9 "۹" */
    0x0, 0x0, 0x1, 0x33, 0x20, 0x0, 0x0, 0x0,
    0x6d, 0xff, 0xff, 0xfc, 0x82, 0x0, 0xcf, 0xff,
    0xff, 0xff, 0xff, 0xa0, 0xaf, 0xff, 0xff, 0xff,
    0xff, 0xfa, 0x3f, 0xff, 0x93, 0x0, 0x16, 0xff,
    0xa8, 0xff, 0x80, 0x0, 0x0, 0x2f, 0xfa, 0xbf,
    0xf2, 0x0, 0x0, 0x2, 0xff, 0xab, 0xff, 0x20,
    0x0, 0x0, 0x2f, 0xfa, 0x9f, 0xf7, 0x0, 0x0,
    0x2, 0xff, 0xa4, 0xff, 0xfa, 0x53, 0x46, 0xaf,
    0xfa, 0xc, 0xff, 0xff, 0xff, 0xff, 0xff, 0xa0,
    0x1c, 0xff, 0xff, 0xff, 0xff, 0xfa, 0x0, 0x6,
    0xbe, 0xff, 0xdc, 0xff, 0xa0, 0x0, 0x0, 0x0,
    0x0, 0x2f, 0xfa, 0x0, 0x0, 0x0, 0x0, 0x2,
    0xff, 0xa0, 0x0, 0x0, 0x0, 0x0, 0x2f, 0xfa,
    0x0, 0x0, 0x0, 0x0, 0x2, 0xff, 0xa0, 0x0,
    0x0, 0x0, 0x0, 0x2f, 0xfa, 0x0, 0x0, 0x0,
    0x0, 0x2, 0xff, 0xa0, 0x0, 0x0, 0x0, 0x0,
    0x2f, 0xfa, 0x0, 0x0, 0x0, 0x0, 0x2, 0xff,
    0xa0,

    /* U+200B "​" */

    /* U+200C "‌" */

    /* U+200D "‍" */

    /* U+FB51 "ﭑ" */
    0x0, 0x0, 0x5e, 0xfb, 0x10, 0x0, 0x3, 0xff,
    0xff, 0xa0, 0x9, 0xfd, 0xf4, 0xa, 0xe0, 0x4f,
    0xff, 0xff, 0xff, 0xf0, 0x39, 0x1a, 0xef, 0xff,
    0xf0, 0x0, 0x0, 0x0, 0x0, 0x0, 0x0, 0x0,
    0x0, 0x0, 0x0, 0x0, 0xa, 0xdd, 0x0, 0x0,
    0x0, 0xc, 0xff, 0x10, 0x0, 0x0, 0xc, 0xff,
    0x10, 0x0, 0x0, 0xc, 0xff, 0x10, 0x0, 0x0,
    0xc, 0xff, 0x10, 0x0, 0x0, 0xc, 0xff, 0x10,
    0x0, 0x0, 0xc, 0xff, 0x10, 0x0, 0x0, 0xc,
    0xff, 0x10, 0x0, 0x0, 0xc, 0xff, 0x10, 0x0,
    0x0, 0xc, 0xff, 0x10, 0x0, 0x0, 0xc, 0xff,
    0x10, 0x0, 0x0, 0xc, 0xff, 0x10, 0x0, 0x0,
    0xc, 0xff, 0x10, 0x0, 0x0, 0xc, 0xff, 0x10,
    0x0, 0x0, 0xc, 0xff, 0x10, 0x0, 0x0, 0xc,
    0xff, 0x10, 0x0, 0x0, 0xc, 0xff, 0x43, 0x32,
    0x0, 0xc, 0xff, 0xff, 0xfe, 0x0, 0xc, 0xff,
    0xff, 0xff, 0x0, 0xc, 0xff, 0xff, 0xfc,

    /* U+FB57 "ﭗ" */
    0x0, 0x0, 0x0, 0x0, 0x0, 0x0, 0x0, 0x0,
    0x0, 0x5, 0x88, 0x10, 0x0, 0x0, 0x14, 0x0,
    0x0, 0x0, 0x0, 0x0, 0x0, 0x0, 0x0, 0xaf,
    0xf3, 0x0, 0x0, 0x9, 0xfd, 0x10, 0x0, 0x0,
    0x0, 0x0, 0x0, 0x0, 0xa, 0xff, 0x30, 0x0,
    0x1, 0xff, 0xd0, 0x0, 0x0, 0x0, 0x0, 0x0,
    0x0, 0x0, 0xaf, 0xf3, 0x0, 0x0, 0x5f, 0xf8,
    0x0, 0x0, 0x0, 0x0, 0x0, 0x0, 0x0, 0xa,
    0xff, 0x30, 0x0, 0x8, 0xff, 0x50, 0x0, 0x0,
    0x0, 0x0, 0x0, 0x0, 0x0, 0xaf, 0xf3, 0x0,
    0x0, 0x9f, 0xf4, 0x0, 0x0, 0x0, 0x0, 0x0,
    0x0, 0x0, 0xa, 0xff, 0x30, 0x0, 0x8, 0xff,
    0x50, 0x0, 0x0, 0x0, 0x0, 0x0, 0x0, 0x0,
    0xaf, 0xf3, 0x0, 0x0, 0x6f, 0xfa, 0x0, 0x0,
    0x0, 0x0, 0x0, 0x0, 0x0, 0xb, 0xff, 0x30,
    0x0, 0x1, 0xff, 0xf7, 0x0, 0x0, 0x0, 0x0,
    0x0, 0x0, 0x0, 0xcf, 0xf4, 0x0, 0x0, 0x9,
    0xff, 0xfc, 0x74, 0x33, 0x33, 0x33, 0x33, 0x34,
    0x7f, 0xff, 0xc5, 0x32, 0x0, 0xc, 0xff, 0xff,
    0xff, 0xff, 0xff, 0xff, 0xff, 0xff, 0xff, 0xff,
    0xff, 0xf1, 0x0, 0xa, 0xff, 0xff, 0xff, 0xff,
    0xff, 0xff, 0xff, 0xff, 0xef, 0xff, 0xff, 0x20,
    0x0, 0x3, 0x9d, 0xff, 0xff, 0xff, 0xff, 0xff,
    0xfc, 0x80, 0x3a, 0xef, 0xf0, 0x0, 0x0, 0x0,
    0x0, 0x0, 0x0, 0x0, 0x0, 0x0, 0x0, 0x0,
    0x0, 0x0, 0x0, 0x0, 0x0, 0x0, 0x0, 0x0,
    0x0, 0x0, 0x0, 0x0, 0x0, 0x0, 0x0, 0x0,
    0x0, 0x0, 0x0, 0x0, 0x0, 0x0, 0x0, 0x0,
    0x0, 0x0, 0x0, 0x0, 0x0, 0x0, 0x0, 0x0,
    0x0, 0x3, 0x51, 0x3, 0x51, 0x0, 0x0, 0x0,
    0x0, 0x0, 0x0, 0x0, 0x0, 0x0, 0x3, 0xff,
    0xc3, 0xff, 0xc0, 0x0, 0x0, 0x0, 0x0, 0x0,
    0x0, 0x0, 0x0, 0x0, 0x5f, 0xff, 0x6f, 0xff,
    0x0, 0x0, 0x0, 0x0, 0x0, 0x0, 0x0, 0x0,
    0x0, 0x0, 0xcf, 0x71, 0xcf, 0x70, 0x0, 0x0,
    0x0, 0x0, 0x0, 0x0, 0x0, 0x0, 0x0, 0x0,
    0x1c, 0xf7, 0x0, 0x0, 0x0, 0x0, 0x0, 0x0,
    0x0, 0x0, 0x0, 0x0, 0x0, 0x6, 0xff, 0xf0,
    0x0, 0x0, 0x0, 0x0, 0x0, 0x0, 0x0, 0x0,
    0x0, 0x0, 0x0, 0x3f, 0xfc, 0x0, 0x0, 0x0,
    0x0, 0x0, 0x0, 0x0, 0x0, 0x0, 0x0, 0x0,
    0x0, 0x36, 0x10, 0x0, 0x0, 0x0, 0x0, 0x0,
    0x0, 0x0,

    /* U+FB58 "ﭘ" */
    0x0, 0x0, 0x8, 0x86, 0x0, 0x0, 0x1, 0xff,
    0xc0, 0x0, 0x0, 0x1f, 0xfc, 0x0, 0x0, 0x1,
    0xff, 0xc0, 0x0, 0x0, 0x1f, 0xfc, 0x0, 0x0,
    0x1, 0xff, 0xc0, 0x0, 0x0, 0x1f, 0xfc, 0x0,
    0x0, 0x1, 0xff, 0xc0, 0x0, 0x0, 0x1f, 0xfc,
    0x0, 0x0, 0x1, 0xff, 0xc0, 0x3, 0x33, 0x4f,
    0xfc, 0x7, 0xff, 0xff, 0xff, 0xc0, 0x8f, 0xff,
    0xff, 0xfc, 0x6, 0xff, 0xff, 0xff, 0xc0, 0x0,
    0x0, 0x0, 0x0, 0x0, 0x0, 0x0, 0x0, 0x0,
    0x0, 0x0, 0x0, 0x0, 0x0, 0x3, 0x50, 0x3,
    0x50, 0x3, 0xff, 0xc4, 0xff, 0xb0, 0x6f, 0xfe,
    0x6f, 0xfe, 0x1, 0xcf, 0x61, 0xcf, 0x60, 0x0,
    0x1c, 0xf7, 0x0, 0x0, 0x6, 0xff, 0xe0, 0x0,
    0x0, 0x3f, 0xfb, 0x0, 0x0, 0x0, 0x36, 0x0,
    0x0,

    /* U+FB59 "ﭙ" */
    0x0, 0x0, 0x6, 0x88, 0x0, 0x0, 0x0, 0x0,
    0x0, 0xcf, 0xf0, 0x0, 0x0, 0x0, 0x0, 0xc,
    0xff, 0x0, 0x0, 0x0, 0x0, 0x0, 0xcf, 0xf0,
    0x0, 0x0, 0x0, 0x0, 0xc, 0xff, 0x0, 0x0,
    0x0, 0x0, 0x0, 0xcf, 0xf0, 0x0, 0x0, 0x0,
    0x0, 0xc, 0xff, 0x0, 0x0, 0x0, 0x0, 0x0,
    0xcf, 0xf0, 0x0, 0x0, 0x0, 0x0, 0xd, 0xff,
    0x0, 0x0, 0x0, 0x0, 0x0, 0xef, 0xf2, 0x0,
    0x0, 0x3, 0x34, 0x9f, 0xff, 0xb4, 0x33, 0x7,
    0xff, 0xff, 0xff, 0xff, 0xff, 0xf6, 0x8f, 0xff,
    0xff, 0xef, 0xff, 0xff, 0x86, 0xff, 0xec, 0x60,
    0x5b, 0xef, 0xf5, 0x0, 0x0, 0x0, 0x0, 0x0,
    0x0, 0x0, 0x0, 0x0, 0x0, 0x0, 0x0, 0x0,
    0x0, 0x0, 0x0, 0x0, 0x0, 0x0, 0x0, 0x0,
    0x16, 0x20, 0x16, 0x20, 0x0, 0x0, 0xd, 0xff,
    0x2d, 0xff, 0x20, 0x0, 0x0, 0xff, 0xf5, 0xff,
    0xf4, 0x0, 0x0, 0x8, 0xfb, 0x8, 0xfb, 0x0,
    0x0, 0x0, 0x0, 0x8f, 0xb0, 0x0, 0x0, 0x0,
    0x0, 0xf, 0xff, 0x40, 0x0, 0x0, 0x0, 0x0,
    0xdf, 0xf2, 0x0, 0x0, 0x0, 0x0, 0x1, 0x62,
    0x0, 0x0, 0x0,

    /* U+FB67 "ﭧ" */
    0x0, 0x0, 0x0, 0x0, 0x38, 0x30, 0x0, 0x0,
    0x0, 0x0, 0x0, 0x0, 0x0, 0x0, 0x0, 0x0,
    0x0, 0x7, 0xf6, 0x67, 0x30, 0x0, 0x0, 0x0,
    0x0, 0x0, 0x0, 0x0, 0x0, 0x0, 0x0, 0x7f,
    0xff, 0xff, 0x30, 0x0, 0x0, 0x0, 0x0, 0x0,
    0x0, 0x0, 0x0, 0x0, 0x7, 0xfa, 0x7, 0xf9,
    0x0, 0x0, 0x0, 0x0, 0x0, 0x0, 0x0, 0x0,
    0x0, 0x2, 0xef, 0xed, 0xef, 0xb0, 0x0, 0x0,
    0x0, 0x0, 0x0, 0x0, 0x0, 0x0, 0x0, 0x2f,
    0xff, 0xff, 0xfb, 0x0, 0x0, 0x0, 0x0, 0x0,
    0x0, 0x0, 0x0, 0x0, 0x0, 0x0, 0x0, 0x0,
    0x0, 0x0, 0x8, 0xdd, 0x20, 0x0, 0x0, 0x3a,
    0x20, 0x0, 0x0, 0x0, 0x0, 0x0, 0x0, 0x0,
    0xaf, 0xf3, 0x0, 0x0, 0xc, 0xff, 0x10, 0x0,
    0x0, 0x0, 0x0, 0x0, 0x0, 0xa, 0xff, 0x30,
    0x0, 0x2, 0xff, 0xc0, 0x0, 0x0, 0x0, 0x0,
    0x0, 0x0, 0x0, 0xaf, 0xf3, 0x0, 0x0, 0x6f,
    0xf7, 0x0, 0x0, 0x0, 0x0, 0x0, 0x0, 0x0,
    0xa, 0xff, 0x30, 0x0, 0x8, 0xff, 0x40, 0x0,
    0x0, 0x0, 0x0, 0x0, 0x0, 0x0, 0xaf, 0xf3,
    0x0, 0x0, 0x9f, 0xf4, 0x0, 0x0, 0x0, 0x0,
    0x0, 0x0, 0x0, 0xa, 0xff, 0x30, 0x0, 0x8,
    0xff, 0x50, 0x0, 0x0, 0x0, 0x0, 0x0, 0x0,
    0x0, 0xaf, 0xf3, 0x0, 0x0, 0x5f, 0xfb, 0x0,
    0x0, 0x0, 0x0, 0x0, 0x0, 0x0, 0xb, 0xff,
    0x30, 0x0, 0x0, 0xff, 0xf7, 0x0, 0x0, 0x0,
    0x0, 0x0, 0x0, 0x0, 0xcf, 0xf4, 0x0, 0x0,
    0x8, 0xff, 0xfd, 0x74, 0x33, 0x33, 0x33, 0x33,
    0x34, 0x7f, 0xff, 0xd5, 0x32, 0x0, 0xc, 0xff,
    0xff, 0xff, 0xff, 0xff, 0xff, 0xff, 0xff, 0xff,
    0xff, 0xff, 0xf1, 0x0, 0x9, 0xff, 0xff, 0xff,
    0xff, 0xff, 0xff, 0xff, 0xff, 0xef, 0xff, 0xff,
    0x20, 0x0, 0x2, 0x9d, 0xff, 0xff, 0xff, 0xff,
    0xff, 0xfc, 0x70, 0x3a, 0xef, 0xf0,

    /* U+FB68 "ﭨ" */
    0x0, 0x3, 0x83, 0x0, 0x0, 0x0, 0x6, 0xf6,
    0x0, 0x0, 0x0, 0x6, 0xfb, 0xdf, 0xb0, 0x0,
    0x6, 0xff, 0x9c, 0xf7, 0x0, 0x6, 0xf8, 0x4,
    0xfb, 0x0, 0x1f, 0xff, 0xff, 0xfc, 0x0, 0x1d,
    0xdd, 0xdd, 0xda, 0x0, 0x0, 0x0, 0x0, 0x0,
    0x0, 0x0, 0x0, 0x0, 0x0, 0x0, 0x0, 0x5,
    0x53, 0x0, 0x0, 0x0, 0x1f, 0xfc, 0x0, 0x0,
    0x0, 0x1f, 0xfc, 0x0, 0x0, 0x0, 0x1f, 0xfc,
    0x0, 0x0, 0x0, 0x1f, 0xfc, 0x0, 0x0, 0x0,
    0x1f, 0xfc, 0x0, 0x0, 0x0, 0x1f, 0xfc, 0x0,
    0x0, 0x0, 0x1f, 0xfc, 0x0, 0x0, 0x0, 0x1f,
    0xfc, 0x0, 0x0, 0x0, 0x1f, 0xfc, 0x0, 0x3,
    0x33, 0x4f, 0xfc, 0x0, 0x7f, 0xff, 0xff, 0xfc,
    0x0, 0x8f, 0xff, 0xff, 0xfc, 0x0, 0x6f, 0xff,
    0xff, 0xfc, 0x0,

    /* U+FB69 "ﭩ" */
    0x0, 0x1, 0x85, 0x0, 0x0, 0x0, 0x0, 0x0,
    0x2f, 0xb0, 0x0, 0x0, 0x0, 0x0, 0x2, 0xfd,
    0xcf, 0xd2, 0x0, 0x0, 0x0, 0x2f, 0xfa, 0xaf,
    0xc0, 0x0, 0x0, 0x2, 0xfd, 0x0, 0xff, 0x0,
    0x0, 0x0, 0xdf, 0xff, 0xff, 0xf0, 0x0, 0x0,
    0xb, 0xdd, 0xdd, 0xdd, 0x0, 0x0, 0x0, 0x0,
    0x0, 0x0, 0x0, 0x0, 0x0, 0x0, 0x0, 0x0,
    0x0, 0x0, 0x0, 0x0, 0x0, 0x34, 0x40, 0x0,
    0x0, 0x0, 0x0, 0xc, 0xff, 0x0, 0x0, 0x0,
    0x0, 0x0, 0xcf, 0xf0, 0x0, 0x0, 0x0, 0x0,
    0xc, 0xff, 0x0, 0x0, 0x0, 0x0, 0x0, 0xcf,
    0xf0, 0x0, 0x0, 0x0, 0x0, 0xc, 0xff, 0x0,
    0x0, 0x0, 0x0, 0x0, 0xcf, 0xf0, 0x0, 0x0,
    0x0, 0x0, 0xc, 0xff, 0x0, 0x0, 0x0, 0x0,
    0x0, 0xdf, 0xf0, 0x0, 0x0, 0x0, 0x0, 0xe,
    0xff, 0x20, 0x0, 0x0, 0x33, 0x49, 0xff, 0xfb,
    0x43, 0x30, 0x7f, 0xff, 0xff, 0xff, 0xff, 0xff,
    0x68, 0xff, 0xff, 0xfe, 0xff, 0xff, 0xf8, 0x6f,
    0xfe, 0xc7, 0x5, 0xbe, 0xff, 0x50,

    /* U+FB6B "ﭫ" */
    0x0, 0x0, 0x0, 0x0, 0x0, 0x0, 0x0, 0x0,
    0x0, 0x5, 0x40, 0x0, 0x0, 0x0, 0x0, 0x0,
    0x0, 0x0, 0x0, 0x0, 0x0, 0x0, 0x0, 0x0,
    0x9f, 0xf7, 0x0, 0x0, 0x0, 0x0, 0x0, 0x0,
    0x0, 0x0, 0x0, 0x0, 0x0, 0x0, 0x0, 0xbf,
    0xf8, 0x0, 0x0, 0x0, 0x0, 0x0, 0x0, 0x0,
    0x0, 0x0, 0x0, 0x0, 0x0, 0x5, 0x68, 0x86,
    0x40, 0x0, 0x0, 0x0, 0x0, 0x0, 0x0, 0x0,
    0x0, 0x0, 0x0, 0x0, 0x8f, 0xf6, 0x9f, 0xf6,
    0x0, 0x0, 0x0, 0x0, 0x0, 0x0, 0x0, 0x0,
    0x0, 0x0, 0x0, 0xbf, 0xf9, 0xcf, 0xf9, 0x0,
    0x0, 0x0, 0x0, 0x0, 0x0, 0x0, 0x0, 0x0,
    0x0, 0x0, 0x4e, 0xe3, 0x4e, 0xd2, 0x0, 0x0,
    0x0, 0x0, 0x0, 0x0, 0x0, 0x0, 0x0, 0x0,
    0x0, 0x0, 0x0, 0x0, 0x0, 0x0, 0x0, 0x0,
    0x0, 0x0, 0x0, 0x0, 0x0, 0x0, 0x0, 0x0,
    0x0, 0x0, 0x0, 0x0, 0x0, 0x0, 0x0, 0x0,
    0x0, 0x0, 0x0, 0x0, 0x0, 0x0, 0x0, 0x0,
    0x0, 0x0, 0x0, 0x0, 0x0, 0x0, 0x0, 0x0,
    0x0, 0x0, 0x0, 0x0, 0x0, 0x0, 0x0, 0x13,
    0x20, 0x0, 0x0, 0x0, 0x0, 0x0, 0x0, 0x0,
    0x0, 0x0, 0x0, 0x0, 0x0, 0x5c, 0xff, 0xff,
    0xb4, 0x0, 0x0, 0x0, 0x1, 0x20, 0x0, 0x0,
    0x0, 0x0, 0x0, 0xa, 0xff, 0xff, 0xff, 0xff,
    0x80, 0x0, 0x0, 0x8, 0xfb, 0x10, 0x0, 0x0,
    0x0, 0x0, 0x8f, 0xff, 0xff, 0xff, 0xff, 0xf6,
    0x0, 0x0, 0xf, 0xfe, 0x0, 0x0, 0x0, 0x0,
    0x2, 0xff, 0xfb, 0x30, 0x4, 0xdf, 0xfe, 0x0,
    0x0, 0x4f, 0xf8, 0x0, 0x0, 0x0, 0x0, 0x7,
    0xff, 0xb0, 0x0, 0x0, 0xe, 0xff, 0x40, 0x0,
    0x7f, 0xf5, 0x0, 0x0, 0x0, 0x0, 0x9, 0xff,
    0x40, 0x0, 0x0, 0x7, 0xff, 0x70, 0x0, 0x9f,
    0xf4, 0x0, 0x0, 0x0, 0x0, 0xa, 0xff, 0x30,
    0x0, 0x0, 0x5, 0xff, 0x70, 0x0, 0x8f, 0xf5,
    0x0, 0x0, 0x0, 0x0, 0x7, 0xff, 0x60, 0x0,
    0x0, 0x9, 0xff, 0x50, 0x0, 0x6f, 0xfa, 0x0,
    0x0, 0x0, 0x0, 0x2, 0xff, 0xe2, 0x0, 0x0,
    0x4f, 0xff, 0x10, 0x0, 0x1f, 0xff, 0x60, 0x0,
    0x0, 0x0, 0x0, 0x9f, 0xff, 0x60, 0x7, 0xff,
    0xf7, 0x0, 0x0, 0x9, 0xff, 0xfc, 0x74, 0x33,
    0x33, 0x33, 0x4e, 0xff, 0xfe, 0xef, 0xff, 0xc3,
    0x33, 0x30, 0x0, 0xdf, 0xff, 0xff, 0xff, 0xff,
    0xff, 0xff, 0xff, 0xff, 0xff, 0xff, 0xff, 0xff,
    0xf6, 0x0, 0x1a, 0xff, 0xff, 0xff, 0xff, 0xff,
    0xff, 0xff, 0xff, 0xff, 0xff, 0xff, 0xff, 0xf7,
    0x0, 0x0, 0x39, 0xdf, 0xff, 0xff, 0xfe, 0xdb,
    0x97, 0x40, 0x14, 0x8a, 0xcd, 0xef, 0xf5,

    /* U+FB6C "ﭬ" */
    0x0, 0x0, 0x0, 0x0, 0x0, 0x5, 0x40, 0x0,
    0x0, 0x0, 0x0, 0x0, 0x0, 0x0, 0xaf, 0xf6,
    0x0, 0x0, 0x0, 0x0, 0x0, 0x0, 0x0, 0xcf,
    0xf7, 0x0, 0x0, 0x0, 0x0, 0x0, 0x0, 0x5,
    0x68, 0x76, 0x40, 0x0, 0x0, 0x0, 0x0, 0x0,
    0x9f, 0xf5, 0xaf, 0xf5, 0x0, 0x0, 0x0, 0x0,
    0x0, 0xcf, 0xf8, 0xdf, 0xf8, 0x0, 0x0, 0x0,
    0x0, 0x0, 0x5f, 0xd2, 0x5f, 0xd2, 0x0, 0x0,
    0x0, 0x0, 0x0, 0x0, 0x0, 0x0, 0x0, 0x0,
    0x0, 0x0, 0x0, 0x0, 0x0, 0x0, 0x0, 0x0,
    0x0, 0x0, 0x0, 0x0, 0x0, 0x0, 0x0, 0x0,
    0x0, 0x0, 0x0, 0x0, 0x0, 0x0, 0x0, 0x13,
    0x31, 0x0, 0x0, 0x0, 0x0, 0x0, 0x0, 0x6d,
    0xff, 0xff, 0xd7, 0x10, 0x0, 0x0, 0x0, 0x1c,
    0xff, 0xff, 0xff, 0xff, 0xf3, 0x0, 0x0, 0x0,
    0xcf, 0xff, 0xff, 0xff, 0xff, 0xf3, 0x0, 0x0,
    0x8, 0xff, 0xf9, 0x30, 0x3, 0xcf, 0xf3, 0x0,
    0x0, 0xf, 0xff, 0x60, 0x0, 0x0, 0x9f, 0xf3,
    0x0, 0x0, 0x4f, 0xfb, 0x0, 0x0, 0x0, 0x9f,
    0xf3, 0x0, 0x0, 0x6f, 0xf7, 0x0, 0x0, 0x0,
    0x9f, 0xf3, 0x0, 0x0, 0x6f, 0xf6, 0x0, 0x0,
    0x0, 0x9f, 0xf3, 0x0, 0x0, 0x4f, 0xf9, 0x0,
    0x0, 0x0, 0x9f, 0xf3, 0x0, 0x0, 0xf, 0xfe,
    0x0, 0x0, 0x0, 0x9f, 0xf3, 0x3, 0x33, 0x3b,
    0xff, 0xa3, 0x33, 0x33, 0xaf, 0xf3, 0x7f, 0xff,
    0xff, 0xff, 0xff, 0xff, 0xff, 0xff, 0xf3, 0x8f,
    0xff, 0xff, 0xff, 0xff, 0xff, 0xff, 0xff, 0xf3,
    0x6f, 0xff, 0xff, 0xff, 0xff, 0xff, 0xff, 0xff,
    0xf3,

    /* U+FB6D "ﭭ" */
    0x0, 0x0, 0x0, 0x0, 0x5, 0x50, 0x0, 0x0,
    0x0, 0x0, 0x0, 0x0, 0x0, 0x0, 0x7f, 0xf9,
    0x0, 0x0, 0x0, 0x0, 0x0, 0x0, 0x0, 0x0,
    0x9f, 0xfa, 0x0, 0x0, 0x0, 0x0, 0x0, 0x0,
    0x0, 0x4, 0x68, 0x86, 0x50, 0x0, 0x0, 0x0,
    0x0, 0x0, 0x0, 0x6f, 0xf8, 0x7f, 0xf8, 0x0,
    0x0, 0x0, 0x0, 0x0, 0x0, 0x9f, 0xfb, 0xaf,
    0xfb, 0x0, 0x0, 0x0, 0x0, 0x0, 0x0, 0x3e,
    0xe4, 0x3e, 0xe4, 0x0, 0x0, 0x0, 0x0, 0x0,
    0x0, 0x0, 0x0, 0x0, 0x0, 0x0, 0x0, 0x0,
    0x0, 0x0, 0x0, 0x0, 0x0, 0x0, 0x0, 0x0,
    0x0, 0x0, 0x0, 0x0, 0x0, 0x0, 0x0, 0x0,
    0x0, 0x0, 0x0, 0x0, 0x0, 0x0, 0x0, 0x0,
    0x2, 0x31, 0x0, 0x0, 0x0, 0x0, 0x0, 0x0,
    0x0, 0x4c, 0xff, 0xff, 0xc5, 0x0, 0x0, 0x0,
    0x0, 0x0, 0x8, 0xff, 0xff, 0xff, 0xff, 0x90,
    0x0, 0x0, 0x0, 0x0, 0x6f, 0xff, 0xff, 0xff,
    0xff, 0xf8, 0x0, 0x0, 0x0, 0x0, 0xff, 0xfd,
    0x40, 0x3, 0xcf, 0xff, 0x10, 0x0, 0x0, 0x5,
    0xff, 0xd0, 0x0, 0x0, 0xc, 0xff, 0x60, 0x0,
    0x0, 0x7, 0xff, 0x60, 0x0, 0x0, 0x5, 0xff,
    0x90, 0x0, 0x0, 0x8, 0xff, 0x50, 0x0, 0x0,
    0x3, 0xff, 0x90, 0x0, 0x0, 0x5, 0xff, 0x80,
    0x0, 0x0, 0x7, 0xff, 0x70, 0x0, 0x0, 0x1,
    0xff, 0xf3, 0x0, 0x0, 0x2e, 0xff, 0x20, 0x0,
    0x0, 0x0, 0x7f, 0xff, 0x70, 0x6, 0xff, 0xf9,
    0x0, 0x0, 0x14, 0x44, 0x5d, 0xff, 0xfe, 0xef,
    0xff, 0xe5, 0x44, 0x41, 0x8f, 0xff, 0xff, 0xff,
    0xff, 0xff, 0xff, 0xff, 0xff, 0xf8, 0x8f, 0xff,
    0xff, 0xff, 0xff, 0xff, 0xff, 0xff, 0xff, 0xf9,
    0x6f, 0xfe, 0xdc, 0xa7, 0x40, 0x4, 0x7a, 0xcd,
    0xef, 0xf7,

    /* U+FB7B "ﭻ" */
    0x0, 0x0, 0x6a, 0xdf, 0xfe, 0xb6, 0x0, 0x0,
    0x0, 0x0, 0x0, 0x7, 0xff, 0xff, 0xff, 0xff,
    0xfe, 0x50, 0x0, 0x0, 0x0, 0x0, 0x8f, 0xff,
    0xff, 0xff, 0xff, 0xff, 0x70, 0x0, 0x0, 0x0,
    0x2, 0xfd, 0x85, 0x44, 0x59, 0xff, 0xff, 0x40,
    0x0, 0x0, 0x0, 0x2, 0x0, 0x0, 0x0, 0x1,
    0xcf, 0xfc, 0x0, 0x0, 0x0, 0x0, 0x0, 0x0,
    0x0, 0x0, 0x1, 0xef, 0xf2, 0x0, 0x0, 0x0,
    0x0, 0x0, 0x0, 0x0, 0x0, 0x8, 0xff, 0x50,
    0x0, 0x0, 0x0, 0x0, 0x0, 0x0, 0x0, 0x0,
    0x6f, 0xf6, 0x0, 0x0, 0x0, 0x0, 0x0, 0x0,
    0x0, 0x0, 0x6, 0xff, 0x60, 0x0, 0x0, 0x0,
    0x0, 0x0, 0x0, 0x0, 0x0, 0x6f, 0xf6, 0x0,
    0x0, 0x0, 0x0, 0x0, 0x0, 0x0, 0x0, 0x6,
    0xff, 0x60, 0x0, 0x0, 0x0, 0x0, 0x0, 0x23,
    0x33, 0x33, 0x8f, 0xf8, 0x33, 0x32, 0x0, 0x0,
    0x7c, 0xff, 0xff, 0xff, 0xff, 0xff, 0xff, 0xff,
    0xe0, 0x3, 0xef, 0xff, 0xff, 0xff, 0xff, 0xff,
    0xff, 0xff, 0xff, 0x4, 0xff, 0xff, 0xff, 0xff,
    0xff, 0xff, 0xff, 0xff, 0xff, 0xc0, 0xef, 0xff,
    0x93, 0x10, 0x0, 0x0, 0x0, 0x0, 0x0, 0x0,
    0x6f, 0xfe, 0x20, 0x0, 0x0, 0x0, 0x0, 0x0,
    0x0, 0x0, 0xb, 0xff, 0x40, 0x0, 0x0, 0x0,
    0x48, 0x14, 0x71, 0x0, 0x0, 0xdf, 0xf0, 0x0,
    0x0, 0x0, 0xe, 0xf8, 0xef, 0x80, 0x0, 0xd,
    0xff, 0x10, 0x0, 0x0, 0x0, 0xaf, 0x4a, 0xf4,
    0x0, 0x0, 0xaf, 0xfa, 0x0, 0x0, 0x0, 0x0,
    0x3e, 0xb0, 0x0, 0x0, 0x4, 0xff, 0xfc, 0x51,
    0x0, 0x24, 0x7, 0xff, 0x0, 0x0, 0x0, 0x9,
    0xff, 0xff, 0xff, 0xff, 0xf2, 0x8, 0x50, 0x0,
    0x0, 0x0, 0x9, 0xff, 0xff, 0xff, 0xff, 0x70,
    0x0, 0x0, 0x0, 0x0, 0x0, 0x3, 0xaf, 0xff,
    0xff, 0xd6, 0x0, 0x0, 0x0, 0x0, 0x0, 0x0,
    0x0, 0x2, 0x32, 0x10, 0x0, 0x0, 0x0, 0x0,
    0x0,

    /* U+FB7C "ﭼ" */
    0x0, 0x1, 0x7b, 0xef, 0xfd, 0xa5, 0x0, 0x0,
    0x0, 0x0, 0x9f, 0xff, 0xff, 0xff, 0xff, 0xd3,
    0x0, 0x0, 0x0, 0xcf, 0xff, 0xff, 0xff, 0xff,
    0xff, 0x40, 0x0, 0x0, 0x5f, 0xc7, 0x53, 0x46,
    0xaf, 0xff, 0xe1, 0x0, 0x0, 0x1, 0x0, 0x0,
    0x0, 0x3, 0xef, 0xf8, 0x0, 0x0, 0x0, 0x0,
    0x0, 0x0, 0x0, 0x3f, 0xfe, 0x0, 0x0, 0x0,
    0x0, 0x0, 0x0, 0x0, 0xc, 0xff, 0x10, 0x0,
    0x0, 0x0, 0x0, 0x0, 0x0, 0xa, 0xff, 0x20,
    0x0, 0x0, 0x0, 0x0, 0x0, 0x0, 0xa, 0xff,
    0x20, 0x0, 0x0, 0x0, 0x0, 0x0, 0x0, 0xa,
    0xff, 0x20, 0x0, 0x0, 0x0, 0x0, 0x0, 0x0,
    0xa, 0xff, 0x20, 0x3, 0x33, 0x33, 0x33, 0x33,
    0x33, 0x3b, 0xff, 0x51, 0x7f, 0xff, 0xff, 0xff,
    0xff, 0xff, 0xff, 0xff, 0xf4, 0x8f, 0xff, 0xff,
    0xff, 0xff, 0xff, 0xff, 0xff, 0xf2, 0x6f, 0xff,
    0xff, 0xff, 0xff, 0xff, 0xff, 0xff, 0xf0, 0x0,
    0x0, 0x0, 0x0, 0x0, 0x0, 0x0, 0x0, 0x0,
    0x0, 0x0, 0x0, 0x0, 0x0, 0x0, 0x0, 0x0,
    0x0, 0x0, 0x0, 0x0, 0x0, 0x0, 0x0, 0x0,
    0x0, 0x0, 0x0, 0x0, 0x2, 0x61, 0x3, 0x51,
    0x0, 0x0, 0x0, 0x0, 0x0, 0x2f, 0xfd, 0x3f,
    0xfc, 0x0, 0x0, 0x0, 0x0, 0x0, 0x5f, 0xff,
    0x6f, 0xff, 0x0, 0x0, 0x0, 0x0, 0x0, 0xb,
    0xf8, 0xc, 0xf7, 0x0, 0x0, 0x0, 0x0, 0x0,
    0x0, 0xb, 0xf8, 0x0, 0x0, 0x0, 0x0, 0x0,
    0x0, 0x0, 0x5f, 0xff, 0x0, 0x0, 0x0, 0x0,
    0x0, 0x0, 0x0, 0x2f, 0xfc, 0x0, 0x0, 0x0,
    0x0, 0x0, 0x0, 0x0, 0x2, 0x61, 0x0, 0x0,
    0x0, 0x0,

    /* U+FB7D "ﭽ" */
    0x0, 0x1, 0x7b, 0xef, 0xfd, 0xa5, 0x0, 0x0,
    0x0, 0x0, 0x0, 0x9, 0xff, 0xff, 0xff, 0xff,
    0xfd, 0x30, 0x0, 0x0, 0x0, 0x0, 0xcf, 0xff,
    0xff, 0xff, 0xff, 0xff, 0x40, 0x0, 0x0, 0x0,
    0x5, 0xfc, 0x75, 0x34, 0x6a, 0xff, 0xfe, 0x10,
    0x0, 0x0, 0x0, 0x1, 0x0, 0x0, 0x0, 0x3,
    0xef, 0xf8, 0x0, 0x0, 0x0, 0x0, 0x0, 0x0,
    0x0, 0x0, 0x3, 0xff, 0xe0, 0x0, 0x0, 0x0,
    0x0, 0x0, 0x0, 0x0, 0x0, 0xc, 0xff, 0x10,
    0x0, 0x0, 0x0, 0x0, 0x0, 0x0, 0x0, 0x0,
    0xaf, 0xf2, 0x0, 0x0, 0x0, 0x0, 0x0, 0x0,
    0x0, 0x0, 0xa, 0xff, 0x20, 0x0, 0x0, 0x0,
    0x0, 0x0, 0x0, 0x0, 0x0, 0xaf, 0xf2, 0x0,
    0x0, 0x0, 0x0, 0x0, 0x0, 0x0, 0x0, 0xa,
    0xff, 0x20, 0x0, 0x0, 0x33, 0x33, 0x33, 0x33,
    0x33, 0x33, 0xbf, 0xf6, 0x33, 0x20, 0x7f, 0xff,
    0xff, 0xff, 0xff, 0xff, 0xff, 0xff, 0xff, 0xff,
    0x8, 0xff, 0xff, 0xff, 0xff, 0xff, 0xff, 0xff,
    0xff, 0xff, 0xf0, 0x6f, 0xff, 0xff, 0xff, 0xff,
    0xff, 0xff, 0xff, 0xff, 0xfe, 0x0, 0x0, 0x0,
    0x0, 0x0, 0x0, 0x0, 0x0, 0x0, 0x0, 0x0,
    0x0, 0x0, 0x0, 0x0, 0x0, 0x0, 0x0, 0x0,
    0x0, 0x0, 0x0, 0x0, 0x0, 0x0, 0x0, 0x0,
    0x0, 0x0, 0x0, 0x0, 0x0, 0x0, 0x0, 0x2,
    0x61, 0x3, 0x51, 0x0, 0x0, 0x0, 0x0, 0x0,
    0x0, 0x2, 0xff, 0xd3, 0xff, 0xc0, 0x0, 0x0,
    0x0, 0x0, 0x0, 0x0, 0x5f, 0xff, 0x6f, 0xff,
    0x0, 0x0, 0x0, 0x0, 0x0, 0x0, 0x0, 0xbf,
    0x80, 0xcf, 0x70, 0x0, 0x0, 0x0, 0x0, 0x0,
    0x0, 0x0, 0xb, 0xf8, 0x0, 0x0, 0x0, 0x0,
    0x0, 0x0, 0x0, 0x0, 0x5, 0xff, 0xf0, 0x0,
    0x0, 0x0, 0x0, 0x0, 0x0, 0x0, 0x0, 0x2f,
    0xfc, 0x0, 0x0, 0x0, 0x0, 0x0, 0x0, 0x0,
    0x0, 0x0, 0x26, 0x10, 0x0, 0x0, 0x0, 0x0,
    0x0,

    /* U+FB89 "ﮉ" */
    0x0, 0x18, 0x50, 0x0, 0x0, 0x0, 0x0, 0x0,
    0x0, 0x3, 0xfa, 0x37, 0x40, 0x0, 0x0, 0x0,
    0x0, 0x0, 0x3f, 0xef, 0xff, 0x60, 0x0, 0x0,
    0x0, 0x0, 0x3, 0xff, 0xab, 0xfc, 0x0, 0x0,
    0x0, 0x0, 0x0, 0x3f, 0xc0, 0xf, 0xf0, 0x0,
    0x0, 0x0, 0x0, 0xe, 0xff, 0xff, 0xff, 0x0,
    0x0, 0x0, 0x0, 0x0, 0xcd, 0xdd, 0xdd, 0xd0,
    0x0, 0x0, 0x0, 0x0, 0x0, 0x0, 0x0, 0x0,
    0x0, 0x0, 0x0, 0x0, 0x0, 0x0, 0x0, 0x0,
    0x0, 0x0, 0x0, 0x0, 0x0, 0x0, 0x30, 0x0,
    0x0, 0x0, 0x0, 0x0, 0x0, 0x0, 0xf, 0xe9,
    0x20, 0x0, 0x0, 0x0, 0x0, 0x0, 0x3, 0xff,
    0xff, 0x80, 0x0, 0x0, 0x0, 0x0, 0x0, 0x5f,
    0xff, 0xff, 0xd1, 0x0, 0x0, 0x0, 0x0, 0x0,
    0x16, 0xdf, 0xff, 0xe1, 0x0, 0x0, 0x0, 0x0,
    0x0, 0x0, 0x7f, 0xff, 0xd0, 0x0, 0x0, 0x0,
    0x0, 0x0, 0x0, 0x4f, 0xff, 0x90, 0x0, 0x0,
    0x0, 0x0, 0x0, 0x0, 0x5f, 0xff, 0x20, 0x0,
    0x0, 0x0, 0x0, 0x0, 0x0, 0x9f, 0xfa, 0x0,
    0x0, 0x0, 0x0, 0x0, 0x0, 0x1, 0xff, 0xf1,
    0x0, 0x0, 0x0, 0x0, 0x0, 0x0, 0xa, 0xff,
    0x50, 0x0, 0x33, 0x33, 0x33, 0x33, 0x33, 0x8f,
    0xfa, 0x33, 0x1e, 0xff, 0xff, 0xff, 0xff, 0xff,
    0xff, 0xff, 0xfa, 0xef, 0xff, 0xff, 0xff, 0xff,
    0xff, 0xff, 0xff, 0xbe, 0xff, 0xff, 0xff, 0xff,
    0xff, 0xff, 0xff, 0xf9,

    /* U+FB8B "ﮋ" */
    0x0, 0x2, 0xdf, 0x50, 0x0, 0x0, 0x0, 0x8f,
    0xfc, 0x0, 0x0, 0x0, 0x5, 0xff, 0x90, 0x0,
    0x0, 0x4, 0x54, 0x54, 0x50, 0x0, 0x5, 0xff,
    0x96, 0xff, 0x90, 0x0, 0x8f, 0xfc, 0x8f, 0xfc,
    0x0, 0x2, 0xdf, 0x52, 0xde, 0x50, 0x0, 0x0,
    0x0, 0x0, 0x0, 0x0, 0x0, 0x0, 0x0, 0x0,
    0x0, 0x0, 0x0, 0x0, 0x0, 0x0, 0x0, 0x0,
    0x2, 0x99, 0x40, 0x0, 0x0, 0x0, 0x4f, 0xf8,
    0x0, 0x0, 0x0, 0x4, 0xff, 0x80, 0x0, 0x0,
    0x0, 0x4f, 0xf8, 0x0, 0x0, 0x0, 0x4, 0xff,
    0x80, 0x0, 0x0, 0x0, 0x4f, 0xf8, 0x0, 0x0,
    0x0, 0x4, 0xff, 0x80, 0x0, 0x0, 0x0, 0x4f,
    0xf8, 0x0, 0x0, 0x0, 0x4, 0xff, 0x80, 0x0,
    0x0, 0x0, 0x4f, 0xf8, 0x0, 0x0, 0x0, 0x4,
    0xff, 0xa3, 0x33, 0x0, 0x0, 0x4f, 0xff, 0xff,
    0xf5, 0x0, 0x4, 0xff, 0xff, 0xff, 0x60, 0x0,
    0x4f, 0xff, 0xff, 0xf4, 0x0, 0x4, 0xff, 0x80,
    0x0, 0x0, 0x0, 0x5f, 0xf8, 0x0, 0x0, 0x0,
    0x9, 0xff, 0x60, 0x0, 0x0, 0x27, 0xff, 0xf2,
    0x0, 0x0, 0xef, 0xff, 0xfa, 0x0, 0x0, 0xb,
    0xff, 0xfc, 0x10, 0x0, 0x0, 0x9f, 0xd7, 0x0,
    0x0, 0x0, 0x0, 0x0, 0x0, 0x0, 0x0, 0x0,

    /* U+FB8D "ﮍ" */
    0x0, 0x58, 0x10, 0x0, 0x0, 0x0, 0xa, 0xf3,
    0x0, 0x0, 0x0, 0x0, 0xaf, 0xae, 0xf8, 0x0,
    0x0, 0xa, 0xfe, 0x8e, 0xf4, 0x0, 0x0, 0xaf,
    0x50, 0x7f, 0x80, 0x0, 0x5f, 0xff, 0xff, 0xf8,
    0x0, 0x4, 0xdd, 0xdd, 0xdd, 0x70, 0x0, 0x0,
    0x0, 0x0, 0x0, 0x0, 0x0, 0x0, 0x0, 0x0,
    0x0, 0x0, 0x0, 0x15, 0x52, 0x0, 0x0, 0x0,
    0x4, 0xff, 0x80, 0x0, 0x0, 0x0, 0x4f, 0xf8,
    0x0, 0x0, 0x0, 0x4, 0xff, 0x80, 0x0, 0x0,
    0x0, 0x4f, 0xf8, 0x0, 0x0, 0x0, 0x4, 0xff,
    0x80, 0x0, 0x0, 0x0, 0x4f, 0xf8, 0x0, 0x0,
    0x0, 0x4, 0xff, 0x80, 0x0, 0x0, 0x0, 0x4f,
    0xf8, 0x0, 0x0, 0x0, 0x4, 0xff, 0x80, 0x0,
    0x0, 0x0, 0x4f, 0xfa, 0x33, 0x30, 0x0, 0x4,
    0xff, 0xff, 0xff, 0x50, 0x0, 0x4f, 0xff, 0xff,
    0xf6, 0x0, 0x4, 0xff, 0xff, 0xff, 0x40, 0x0,
    0x4f, 0xf8, 0x0, 0x0, 0x0, 0x5, 0xff, 0x80,
    0x0, 0x0, 0x0, 0x9f, 0xf6, 0x0, 0x0, 0x2,
    0x7f, 0xff, 0x20, 0x0, 0xe, 0xff, 0xff, 0xa0,
    0x0, 0x0, 0xbf, 0xff, 0xc1, 0x0, 0x0, 0x9,
    0xfd, 0x70, 0x0, 0x0, 0x0, 0x0, 0x0, 0x0,
    0x0, 0x0, 0x0,

    /* U+FB8F "ﮏ" */
    0x0, 0x0, 0x0, 0x0, 0x0, 0x0, 0x0, 0x0,
    0x0, 0x0, 0x0, 0x0, 0x0, 0x0, 0x0, 0x0,
    0x0, 0x0, 0x0, 0x0, 0x0, 0x0, 0x0, 0x1,
    0x8b, 0x0, 0x0, 0x0, 0x0, 0x0, 0x0, 0x0,
    0x0, 0x0, 0x0, 0x0, 0x29, 0xff, 0xc0, 0x0,
    0x0, 0x0, 0x0, 0x0, 0x0, 0x0, 0x0, 0x0,
    0x3, 0xaf, 0xff, 0xfc, 0x0, 0x0, 0x0, 0x0,
    0x0, 0x0, 0x0, 0x0, 0x0, 0x4c, 0xff, 0xff,
    0xfe, 0x70, 0x0, 0x0, 0x0, 0x0, 0x0, 0x0,
    0x0, 0x6, 0xdf, 0xff, 0xff, 0xe6, 0x0, 0x0,
    0x0, 0x0, 0x0, 0x0, 0x0, 0x0, 0x3e, 0xff,
    0xff, 0xfd, 0x50, 0x0, 0x0, 0x0, 0x0, 0x0,
    0x0, 0x0, 0x0, 0x5, 0xff, 0xff, 0xb4, 0x0,
    0x0, 0x0, 0x0, 0x0, 0x0, 0x0, 0x0, 0x0,
    0x0, 0x5f, 0xff, 0x50, 0x0, 0x0, 0x0, 0x0,
    0x0, 0x0, 0x0, 0x0, 0x0, 0x0, 0x5, 0xff,
    0xfe, 0x40, 0x0, 0x0, 0x0, 0x0, 0x0, 0x3,
    0x20, 0x0, 0x0, 0x0, 0x9, 0xff, 0xff, 0x90,
    0x0, 0x0, 0x0, 0x0, 0x0, 0xdf, 0xa0, 0x0,
    0x0, 0x0, 0x4, 0xef, 0xff, 0xc1, 0x0, 0x0,
    0x0, 0x0, 0x4f, 0xf9, 0x0, 0x0, 0x0, 0x0,
    0x1, 0xcf, 0xff, 0xe2, 0x0, 0x0, 0x0, 0x9,
    0xff, 0x30, 0x0, 0x0, 0x0, 0x0, 0x0, 0x8f,
    0xff, 0xe2, 0x0, 0x0, 0x0, 0xcf, 0xf0, 0x0,
    0x0, 0x0, 0x0, 0x0, 0x0, 0x4f, 0xff, 0xc0,
    0x0, 0x0, 0xd, 0xff, 0x0, 0x0, 0x0, 0x0,
    0x0, 0x0, 0x0, 0x3f, 0xff, 0x50, 0x0, 0x0,
    0xdf, 0xf1, 0x0, 0x0, 0x0, 0x0, 0x0, 0x0,
    0x0, 0x6f, 0xf9, 0x0, 0x0, 0xa, 0xff, 0x60,
    0x0, 0x0, 0x0, 0x0, 0x0, 0x0, 0x3, 0xff,
    0xb0, 0x0, 0x0, 0x5f, 0xfe, 0x30, 0x0, 0x0,
    0x0, 0x0, 0x0, 0x0, 0x9f, 0xfc, 0x0, 0x0,
    0x0, 0xdf, 0xff, 0xa6, 0x43, 0x34, 0x44, 0x33,
    0x46, 0xcf, 0xff, 0xf7, 0x43, 0x20, 0x2, 0xff,
    0xff, 0xff, 0xff, 0xff, 0xff, 0xff, 0xff, 0xff,
    0xff, 0xff, 0xff, 0x10, 0x2, 0xdf, 0xff, 0xff,
    0xff, 0xff, 0xff, 0xff, 0xff, 0xad, 0xff, 0xff,
    0xf2, 0x0, 0x0, 0x5a, 0xdf, 0xff, 0xff, 0xff,
    0xff, 0xd9, 0x30, 0x7, 0xcf, 0xff, 0x0,

    /* U+FB90 "ﮐ" */
    0x0, 0x0, 0x0, 0x0, 0x0, 0x0, 0x0, 0x0,
    0x0, 0x0, 0x0, 0x0, 0x0, 0x18, 0xe0, 0x0,
    0x0, 0x0, 0x0, 0x2, 0x9f, 0xff, 0x0, 0x0,
    0x0, 0x0, 0x3a, 0xff, 0xff, 0xf0, 0x0, 0x0,
    0x4, 0xbf, 0xff, 0xff, 0xf8, 0x0, 0x0, 0x5d,
    0xff, 0xff, 0xfe, 0x70, 0x0, 0x1, 0xef, 0xff,
    0xff, 0xd6, 0x0, 0x0, 0x0, 0x1f, 0xff, 0xfc,
    0x40, 0x0, 0x0, 0x0, 0x1, 0xff, 0xf8, 0x0,
    0x0, 0x0, 0x0, 0x0, 0x1f, 0xff, 0xf8, 0x0,
    0x0, 0x0, 0x0, 0x0, 0x5f, 0xff, 0xfc, 0x10,
    0x0, 0x0, 0x0, 0x0, 0x2c, 0xff, 0xfe, 0x40,
    0x0, 0x0, 0x0, 0x0, 0x8, 0xff, 0xff, 0x50,
    0x0, 0x0, 0x0, 0x0, 0x4, 0xff, 0xff, 0x50,
    0x0, 0x0, 0x0, 0x0, 0x2, 0xdf, 0xff, 0x10,
    0x0, 0x0, 0x0, 0x0, 0x1, 0xdf, 0xf9, 0x0,
    0x0, 0x0, 0x0, 0x0, 0x2, 0xff, 0xd0, 0x0,
    0x0, 0x0, 0x0, 0x0, 0xf, 0xfe, 0x0, 0x0,
    0x0, 0x0, 0x0, 0x6, 0xff, 0xc0, 0x0, 0x33,
    0x33, 0x33, 0x5a, 0xff, 0xf7, 0x0, 0x7f, 0xff,
    0xff, 0xff, 0xff, 0xfd, 0x0, 0x8, 0xff, 0xff,
    0xff, 0xff, 0xfc, 0x10, 0x0, 0x6f, 0xff, 0xff,
    0xfd, 0xa4, 0x0, 0x0, 0x0,

    /* U+FB91 "ﮑ" */
    0x0, 0x0, 0x0, 0x0, 0x0, 0x0, 0x0, 0x0,
    0x0, 0x0, 0x0, 0x0, 0x0, 0x0, 0x0, 0x6d,
    0x0, 0x0, 0x0, 0x0, 0x0, 0x0, 0x1, 0x8e,
    0xff, 0x0, 0x0, 0x0, 0x0, 0x0, 0x2, 0x9f,
    0xff, 0xff, 0x0, 0x0, 0x0, 0x0, 0x3, 0xaf,
    0xff, 0xff, 0xf9, 0x0, 0x0, 0x0, 0x4, 0xbf,
    0xff, 0xff, 0xf8, 0x10, 0x0, 0x0, 0x1, 0xdf,
    0xff, 0xff, 0xe7, 0x0, 0x0, 0x0, 0x0, 0x1,
    0xff, 0xff, 0xd6, 0x0, 0x0, 0x0, 0x0, 0x0,
    0x1, 0xff, 0xf8, 0x0, 0x0, 0x0, 0x0, 0x0,
    0x0, 0x1, 0xff, 0xff, 0x70, 0x0, 0x0, 0x0,
    0x0, 0x0, 0x0, 0x6f, 0xff, 0xfb, 0x10, 0x0,
    0x0, 0x0, 0x0, 0x0, 0x2, 0xdf, 0xff, 0xe3,
    0x0, 0x0, 0x0, 0x0, 0x0, 0x0, 0x9, 0xff,
    0xff, 0x50, 0x0, 0x0, 0x0, 0x0, 0x0, 0x0,
    0x5f, 0xff, 0xf4, 0x0, 0x0, 0x0, 0x0, 0x0,
    0x0, 0x2, 0xef, 0xff, 0x10, 0x0, 0x0, 0x0,
    0x0, 0x0, 0x0, 0x1d, 0xff, 0x80, 0x0, 0x0,
    0x0, 0x0, 0x0, 0x0, 0x2, 0xff, 0xd0, 0x0,
    0x0, 0x0, 0x0, 0x0, 0x0, 0x0, 0xff, 0xf0,
    0x0, 0x0, 0x0, 0x0, 0x0, 0x0, 0x6, 0xff,
    0xf0, 0x0, 0x0, 0x3, 0x33, 0x33, 0x35, 0xaf,
    0xff, 0xfa, 0x43, 0x30, 0x7f, 0xff, 0xff, 0xff,
    0xff, 0xff, 0xff, 0xff, 0xf4, 0x8f, 0xff, 0xff,
    0xff, 0xff, 0xcb, 0xff, 0xff, 0xf5, 0x6f, 0xff,
    0xff, 0xfd, 0xa4, 0x0, 0x6c, 0xef, 0xf3,

    /* U+FB93 "ﮓ" */
    0x0, 0x0, 0x0, 0x0, 0x0, 0x0, 0x0, 0x0,
    0x0, 0x0, 0x0, 0x0, 0x0, 0x0, 0x0, 0x0,
    0x0, 0x0, 0x0, 0x0, 0x0, 0x0, 0x0, 0x0,
    0x7b, 0x0, 0x0, 0x0, 0x0, 0x0, 0x0, 0x0,
    0x0, 0x0, 0x0, 0x0, 0x18, 0xff, 0xc0, 0x0,
    0x0, 0x0, 0x0, 0x0, 0x0, 0x0, 0x0, 0x0,
    0x2, 0x9f, 0xff, 0xfc, 0x0, 0x0, 0x0, 0x0,
    0x0, 0x0, 0x0, 0x0, 0x0, 0x3b, 0xff, 0xff,
    0xff, 0x70, 0x0, 0x0, 0x0, 0x0, 0x0, 0x0,
    0x0, 0x5, 0xcf, 0xff, 0xff, 0xe7, 0x10, 0x0,
    0x0, 0x0, 0x0, 0x0, 0x0, 0x0, 0x2d, 0xff,
    0xff, 0xfd, 0x60, 0x0, 0x0, 0x0, 0x0, 0x0,
    0x0, 0x0, 0x0, 0x5, 0xff, 0xff, 0xc5, 0x0,
    0x1, 0x8b, 0x0, 0x0, 0x0, 0x0, 0x0, 0x0,
    0x0, 0x5f, 0xfb, 0x40, 0x0, 0x29, 0xff, 0xc0,
    0x0, 0x0, 0x0, 0x0, 0x0, 0x0, 0x4, 0xa2,
    0x0, 0x3, 0xaf, 0xff, 0xfc, 0x0, 0x0, 0x0,
    0x0, 0x0, 0x0, 0x0, 0x0, 0x0, 0x4c, 0xff,
    0xff, 0xfe, 0x70, 0x0, 0x0, 0x0, 0x0, 0x0,
    0x0, 0x0, 0x6, 0xdf, 0xff, 0xff, 0xe6, 0x0,
    0x0, 0x0, 0x0, 0x0, 0x0, 0x0, 0x0, 0x3e,
    0xff, 0xff, 0xfd, 0x50, 0x0, 0x0, 0x0, 0x0,
    0x0, 0x0, 0x0, 0x0, 0x5, 0xff, 0xff, 0xb4,
    0x0, 0x0, 0x0, 0x0, 0x0, 0x0, 0x0, 0x0,
    0x0, 0x0, 0x5f, 0xff, 0x50, 0x0, 0x0, 0x0,
    0x0, 0x0, 0x0, 0x0, 0x0, 0x0, 0x0, 0x5,
    0xff, 0xfe, 0x40, 0x0, 0x0, 0x0, 0x0, 0x0,
    0x3, 0x20, 0x0, 0x0, 0x0, 0x9, 0xff, 0xff,
    0x90, 0x0, 0x0, 0x0, 0x0, 0x0, 0xdf, 0xa0,
    0x0, 0x0, 0x0, 0x4, 0xef, 0xff, 0xc1, 0x0,
    0x0, 0x0, 0x0, 0x4f, 0xf9, 0x0, 0x0, 0x0,
    0x0, 0x1, 0xcf, 0xff, 0xe2, 0x0, 0x0, 0x0,
    0x9, 0xff, 0x30, 0x0, 0x0, 0x0, 0x0, 0x0,
    0x8f, 0xff, 0xe2, 0x0, 0x0, 0x0, 0xcf, 0xf0,
    0x0, 0x0, 0x0, 0x0, 0x0, 0x0, 0x4f, 0xff,
    0xc0, 0x0, 0x0, 0xd, 0xff, 0x0, 0x0, 0x0,
    0x0, 0x0, 0x0, 0x0, 0x3f, 0xff, 0x50, 0x0,
    0x0, 0xdf, 0xf1, 0x0, 0x0, 0x0, 0x0, 0x0,
    0x0, 0x0, 0x6f, 0xf9, 0x0, 0x0, 0xa, 0xff,
    0x60, 0x0, 0x0, 0x0, 0x0, 0x0, 0x0, 0x3,
    0xff, 0xb0, 0x0, 0x0, 0x5f, 0xfe, 0x30, 0x0,
    0x0, 0x0, 0x0, 0x0, 0x0, 0x9f, 0xfc, 0x0,
    0x0, 0x0, 0xdf, 0xff, 0xa6, 0x43, 0x34, 0x44,
    0x33, 0x46, 0xcf, 0xff, 0xf7, 0x43, 0x20, 0x2,
    0xff, 0xff, 0xff, 0xff, 0xff, 0xff, 0xff, 0xff,
    0xff, 0xff, 0xff, 0xff, 0x10, 0x2, 0xdf, 0xff,
    0xff, 0xff, 0xff, 0xff, 0xff, 0xff, 0xad, 0xff,
    0xff, 0xf2, 0x0, 0x0, 0x5a, 0xdf, 0xff, 0xff,
    0xff, 0xff, 0xd9, 0x30, 0x7, 0xcf, 0xff, 0x0,

    /* U+FB94 "ﮔ" */
    0x0, 0x0, 0x0, 0x0, 0x0, 0x0, 0x0, 0x0,
    0x0, 0x0, 0x0, 0x0, 0x0, 0x7, 0xe0, 0x0,
    0x0, 0x0, 0x0, 0x1, 0x8e, 0xff, 0x0, 0x0,
    0x0, 0x0, 0x29, 0xff, 0xff, 0xf0, 0x0, 0x0,
    0x3, 0xaf, 0xff, 0xff, 0xf9, 0x0, 0x0, 0x4c,
    0xff, 0xff, 0xfe, 0x81, 0x0, 0x1, 0xdf, 0xff,
    0xff, 0xe6, 0x0, 0x0, 0x0, 0x1f, 0xff, 0xfd,
    0x50, 0x0, 0x18, 0xe0, 0x1, 0xff, 0xb4, 0x0,
    0x2, 0x9f, 0xff, 0x0, 0x1a, 0x30, 0x0, 0x3a,
    0xff, 0xff, 0xf0, 0x0, 0x0, 0x4, 0xbf, 0xff,
    0xff, 0xf8, 0x0, 0x0, 0x5d, 0xff, 0xff, 0xfe,
    0x70, 0x0, 0x1, 0xef, 0xff, 0xff, 0xd6, 0x0,
    0x0, 0x0, 0x1f, 0xff, 0xfc, 0x40, 0x0, 0x0,
    0x0, 0x1, 0xff, 0xf8, 0x0, 0x0, 0x0, 0x0,
    0x0, 0x1f, 0xff, 0xf8, 0x0, 0x0, 0x0, 0x0,
    0x0, 0x5f, 0xff, 0xfc, 0x10, 0x0, 0x0, 0x0,
    0x0, 0x2c, 0xff, 0xfe, 0x40, 0x0, 0x0, 0x0,
    0x0, 0x8, 0xff, 0xff, 0x50, 0x0, 0x0, 0x0,
    0x0, 0x4, 0xff, 0xff, 0x50, 0x0, 0x0, 0x0,
    0x0, 0x2, 0xdf, 0xff, 0x10, 0x0, 0x0, 0x0,
    0x0, 0x1, 0xdf, 0xf9, 0x0, 0x0, 0x0, 0x0,
    0x0, 0x2, 0xff, 0xd0, 0x0, 0x0, 0x0, 0x0,
    0x0, 0xf, 0xfe, 0x0, 0x0, 0x0, 0x0, 0x0,
    0x6, 0xff, 0xc0, 0x0, 0x33, 0x33, 0x33, 0x5a,
    0xff, 0xf7, 0x0, 0x7f, 0xff, 0xff, 0xff, 0xff,
    0xfd, 0x0, 0x8, 0xff, 0xff, 0xff, 0xff, 0xfc,
    0x10, 0x0, 0x6f, 0xff, 0xff, 0xfd, 0xa4, 0x0,
    0x0, 0x0,

    /* U+FB95 "ﮕ" */
    0x0, 0x0, 0x0, 0x0, 0x0, 0x0, 0x0, 0x0,
    0x0, 0x0, 0x0, 0x0, 0x0, 0x0, 0x0, 0x5d,
    0x0, 0x0, 0x0, 0x0, 0x0, 0x0, 0x0, 0x7e,
    0xff, 0x0, 0x0, 0x0, 0x0, 0x0, 0x1, 0x8e,
    0xff, 0xff, 0x0, 0x0, 0x0, 0x0, 0x2, 0x9f,
    0xff, 0xff, 0xfa, 0x0, 0x0, 0x0, 0x3, 0xaf,
    0xff, 0xff, 0xf9, 0x20, 0x0, 0x0, 0x0, 0xcf,
    0xff, 0xff, 0xe8, 0x10, 0x0, 0x0, 0x0, 0x1,
    0xff, 0xff, 0xe6, 0x0, 0x0, 0x6d, 0x0, 0x0,
    0x1, 0xff, 0xd5, 0x0, 0x1, 0x8e, 0xff, 0x0,
    0x0, 0x1, 0xb4, 0x0, 0x2, 0x9f, 0xff, 0xff,
    0x0, 0x0, 0x0, 0x0, 0x3, 0xaf, 0xff, 0xff,
    0xf9, 0x0, 0x0, 0x0, 0x4, 0xbf, 0xff, 0xff,
    0xf8, 0x10, 0x0, 0x0, 0x1, 0xdf, 0xff, 0xff,
    0xe7, 0x0, 0x0, 0x0, 0x0, 0x1, 0xff, 0xff,
    0xd6, 0x0, 0x0, 0x0, 0x0, 0x0, 0x1, 0xff,
    0xf8, 0x0, 0x0, 0x0, 0x0, 0x0, 0x0, 0x1,
    0xff, 0xff, 0x70, 0x0, 0x0, 0x0, 0x0, 0x0,
    0x0, 0x6f, 0xff, 0xfb, 0x10, 0x0, 0x0, 0x0,
    0x0, 0x0, 0x2, 0xdf, 0xff, 0xe3, 0x0, 0x0,
    0x0, 0x0, 0x0, 0x0, 0x9, 0xff, 0xff, 0x50,
    0x0, 0x0, 0x0, 0x0, 0x0, 0x0, 0x5f, 0xff,
    0xf4, 0x0, 0x0, 0x0, 0x0, 0x0, 0x0, 0x2,
    0xef, 0xff, 0x10, 0x0, 0x0, 0x0, 0x0, 0x0,
    0x0, 0x1d, 0xff, 0x80, 0x0, 0x0, 0x0, 0x0,
    0x0, 0x0, 0x2, 0xff, 0xd0, 0x0, 0x0, 0x0,
    0x0, 0x0, 0x0, 0x0, 0xff, 0xf0, 0x0, 0x0,
    0x0, 0x0, 0x0, 0x0, 0x6, 0xff, 0xf0, 0x0,
    0x0, 0x3, 0x33, 0x33, 0x35, 0xaf, 0xff, 0xfa,
    0x43, 0x30, 0x7f, 0xff, 0xff, 0xff, 0xff, 0xff,
    0xff, 0xff, 0xf4, 0x8f, 0xff, 0xff, 0xff, 0xff,
    0xcb, 0xff, 0xff, 0xf5, 0x6f, 0xff, 0xff, 0xfd,
    0xa4, 0x0, 0x6c, 0xef, 0xf3,

    /* U+FB9F "ﮟ" */
    0x0, 0x0, 0x0, 0x0, 0x0, 0x0, 0x0, 0x5,
    0x88, 0x0, 0x0, 0x0, 0x0, 0x0, 0x0, 0x0,
    0x0, 0x0, 0x0, 0xbf, 0xf1, 0x0, 0x0, 0x0,
    0x0, 0x0, 0x0, 0x0, 0x0, 0x0, 0xb, 0xff,
    0x10, 0x0, 0x0, 0x0, 0x0, 0x0, 0x0, 0x0,
    0x0, 0x0, 0xbf, 0xf1, 0x0, 0x0, 0x0, 0x0,
    0x0, 0x0, 0x0, 0x0, 0x0, 0xb, 0xff, 0x10,
    0x0, 0x0, 0x0, 0x0, 0x0, 0x0, 0x0, 0x0,
    0x0, 0xbf, 0xf1, 0x0, 0x0, 0x2, 0x0, 0x0,
    0x0, 0x0, 0x0, 0x0, 0xb, 0xff, 0x10, 0x0,
    0x5, 0xff, 0x50, 0x0, 0x0, 0x0, 0x0, 0x0,
    0xbf, 0xf1, 0x0, 0x0, 0x9f, 0xf4, 0x0, 0x0,
    0x0, 0x0, 0x0, 0xb, 0xff, 0x10, 0x0, 0xb,
    0xff, 0x10, 0x0, 0x0, 0x0, 0x0, 0x0, 0xbf,
    0xf3, 0x0, 0x0, 0xdf, 0xf0, 0x0, 0x0, 0x0,
    0x0, 0x0, 0xb, 0xff, 0xc5, 0x33, 0xd, 0xff,
    0x0, 0x0, 0x0, 0x0, 0x0, 0x0, 0xbf, 0xff,
    0xff, 0xf7, 0xdf, 0xf0, 0x0, 0x0, 0x0, 0x0,
    0x0, 0xc, 0xff, 0xff, 0xff, 0x8b, 0xff, 0x20,
    0x0, 0x0, 0x0, 0x0, 0x0, 0xff, 0xfb, 0xef,
    0xf5, 0x8f, 0xf7, 0x0, 0x0, 0x0, 0x0, 0x0,
    0x4f, 0xfb, 0x0, 0x0, 0x3, 0xff, 0xe1, 0x0,
    0x0, 0x0, 0x0, 0xc, 0xff, 0x60, 0x0, 0x0,
    0xc, 0xff, 0xc1, 0x0, 0x0, 0x0, 0x9, 0xff,
    0xf1, 0x0, 0x0, 0x0, 0x3f, 0xff, 0xe7, 0x20,
    0x2, 0x6d, 0xff, 0xf6, 0x0, 0x0, 0x0, 0x0,
    0x7f, 0xff, 0xff, 0xff, 0xff, 0xff, 0xfa, 0x0,
    0x0, 0x0, 0x0, 0x0, 0x6f, 0xff, 0xff, 0xff,
    0xff, 0xf8, 0x0, 0x0, 0x0, 0x0, 0x0, 0x0,
    0x19, 0xef, 0xff, 0xff, 0xa3, 0x0, 0x0, 0x0,
    0x0, 0x0, 0x0, 0x0, 0x0, 0x13, 0x32, 0x0,
    0x0, 0x0, 0x0, 0x0, 0x0,

    /* U+FBA7 "ﮧ" */
    0x0, 0x0, 0x2a, 0xef, 0xfb, 0x50, 0x0, 0x0,
    0x0, 0x0, 0x0, 0x6, 0xff, 0xff, 0xff, 0xfb,
    0x0, 0x0, 0x0, 0x0, 0x0, 0x3f, 0xff, 0xff,
    0xff, 0xff, 0xa0, 0x0, 0x0, 0x0, 0x0, 0xdf,
    0xfe, 0x63, 0x5b, 0xff, 0xf6, 0x0, 0x0, 0x0,
    0x6, 0xff, 0xe1, 0x0, 0x0, 0x8f, 0xfe, 0x0,
    0x0, 0x0, 0xc, 0xff, 0x50, 0x0, 0x0, 0xc,
    0xff, 0x70, 0x0, 0x0, 0x2f, 0xfd, 0x0, 0x0,
    0x0, 0x4, 0xff, 0xd0, 0x0, 0x0, 0x8f, 0xf7,
    0x0, 0x0, 0x0, 0x0, 0xdf, 0xf6, 0x0, 0x0,
    0xaf, 0xf2, 0x0, 0x0, 0x0, 0x0, 0x5f, 0xff,
    0x84, 0x30, 0x2, 0x70, 0x0, 0x0, 0x0, 0x0,
    0xc, 0xff, 0xff, 0xf2, 0x0, 0x0, 0x0, 0x0,
    0x0, 0x0, 0x1, 0xdf, 0xff, 0xf3, 0x0, 0x0,
    0x0, 0x0, 0x0, 0x0, 0x0, 0x8, 0xcf, 0xf1,

    /* U+FBA8 "ﮨ" */
    0x0, 0x0, 0x8, 0x86, 0x0, 0x0, 0x1f, 0xfc,
    0x0, 0x0, 0x1f, 0xfc, 0x0, 0x0, 0x1f, 0xfc,
    0x0, 0x0, 0x1f, 0xfc, 0x0, 0x0, 0x1f, 0xfc,
    0x0, 0x0, 0x1f, 0xfc, 0x0, 0x0, 0x1f, 0xfc,
    0x0, 0x0, 0x1f, 0xfc, 0x0, 0x0, 0x1f, 0xfc,
    0x3, 0x33, 0x4f, 0xfc, 0x7f, 0xff, 0xff, 0xfc,
    0x8f, 0xff, 0xff, 0xfc, 0x6f, 0xff, 0xff, 0xfc,
    0x0, 0x0, 0xc, 0xe0, 0x0, 0x0, 0x4f, 0x90,
    0x0, 0x0, 0xcf, 0x30, 0x0, 0x4, 0xff, 0xa0,
    0x0, 0x8, 0xff, 0xd0, 0x0, 0x2, 0xdf, 0x50,

    /* U+FBA9 "ﮩ" */
    0x3, 0x33, 0x30, 0x0, 0x0, 0x0, 0x2, 0x30,
    0x7f, 0xff, 0xf0, 0x0, 0x0, 0x3, 0xdf, 0xf6,
    0x8f, 0xff, 0xf0, 0x0, 0x0, 0x3f, 0xff, 0xf7,
    0x6f, 0xff, 0xf2, 0x0, 0x0, 0xcf, 0xff, 0xf5,
    0x0, 0x6f, 0xf6, 0x0, 0x3, 0xff, 0xe3, 0x0,
    0x0, 0x1f, 0xfc, 0x0, 0x9, 0xff, 0x60, 0x0,
    0x0, 0xb, 0xff, 0x60, 0xd, 0xff, 0x0, 0x0,
    0x0, 0x3, 0xff, 0xf3, 0x1f, 0xfa, 0x0, 0x0,
    0x0, 0x0, 0x9f, 0xfe, 0x8f, 0xf7, 0x0, 0x0,
    0x0, 0x0, 0xb, 0xff, 0xff, 0xf4, 0x0, 0x0,
    0x0, 0x0, 0x0, 0x9f, 0xff, 0xf1, 0x0, 0x0,
    0x0, 0x0, 0x0, 0x4, 0xb8, 0x10, 0x0, 0x0,

    /* U+FBAB "ﮫ" */
    0x0, 0x0, 0x7, 0xb9, 0x63, 0x0, 0x0, 0x0,
    0x0, 0x0, 0x0, 0x0, 0x0, 0x0, 0x0, 0x0,
    0xa, 0xff, 0xff, 0xfc, 0x83, 0x0, 0x0, 0x0,
    0x0, 0x0, 0x0, 0x0, 0x0, 0x0, 0xc, 0xff,
    0xff, 0xff, 0xff, 0xe9, 0x30, 0x0, 0x0, 0x0,
    0x0, 0x0, 0x0, 0x0, 0x5, 0xcf, 0xff, 0xff,
    0xff, 0xff, 0xfc, 0x30, 0x0, 0x0, 0x0, 0x0,
    0x0, 0x0, 0x2, 0xff, 0xff, 0xff, 0xff, 0xff,
    0xff, 0xf9, 0x0, 0x0, 0x0, 0x0, 0x0, 0x0,
    0xb, 0xff, 0xd5, 0x37, 0xff, 0xff, 0xff, 0xff,
    0xc0, 0x0, 0x0, 0x0, 0x0, 0x0, 0x1f, 0xff,
    0x10, 0x0, 0x4f, 0xfd, 0x3c, 0xff, 0xfa, 0x0,
    0x0, 0x0, 0x0, 0x0, 0x3f, 0xf9, 0x0, 0x0,
    0xd, 0xff, 0x0, 0x7f, 0xff, 0x30, 0x0, 0x0,
    0x0, 0x0, 0x4f, 0xf9, 0x0, 0x0, 0xc, 0xff,
    0x10, 0x9, 0xff, 0xa0, 0x0, 0x0, 0x0, 0x0,
    0x2f, 0xfd, 0x0, 0x0, 0xf, 0xff, 0x0, 0x1,
    0xff, 0xd0, 0x0, 0x0, 0x0, 0x0, 0xe, 0xff,
    0x70, 0x0, 0x8f, 0xfb, 0x0, 0x0, 0xef, 0xf0,
    0x0, 0x0, 0x0, 0x0, 0x7, 0xff, 0xf8, 0x6,
    0xff, 0xf5, 0x0, 0x0, 0xff, 0xf0, 0x0, 0x0,
    0x0, 0x0, 0x0, 0xdf, 0xff, 0xef, 0xff, 0xc0,
    0x0, 0x7, 0xff, 0xf2, 0x0, 0x0, 0x0, 0x2,
    0x34, 0x8f, 0xff, 0xff, 0xff, 0x74, 0x35, 0xaf,
    0xff, 0xfc, 0x53, 0x30, 0x5, 0xef, 0xff, 0xff,
    0xff, 0xff, 0xff, 0xff, 0xff, 0xff, 0xff, 0xff,
    0xff, 0xf4, 0x3f, 0xff, 0xff, 0xff, 0xff, 0xff,
    0xff, 0xff, 0xff, 0xff, 0xb3, 0xef, 0xff, 0xf6,
    0xaf, 0xff, 0xff, 0xdb, 0x83, 0x4, 0x8c, 0xef,
    0xfd, 0xa4, 0x0, 0x2a, 0xef, 0xf3, 0xdf, 0x71,
    0x0, 0x0, 0x0, 0x0, 0x0, 0x0, 0x0, 0x0,
    0x0, 0x0, 0x0, 0x0, 0xdc, 0x0, 0x0, 0x0,
    0x0, 0x0, 0x0, 0x0, 0x0, 0x0, 0x0, 0x0,
    0x0, 0x0, 0xc9, 0x0, 0x0, 0x0, 0x0, 0x0,
    0x0, 0x0, 0x0, 0x0, 0x0, 0x0, 0x0, 0x0,
    0x54, 0x0, 0x0, 0x0, 0x0, 0x0, 0x0, 0x0,
    0x0, 0x0, 0x0, 0x0, 0x0, 0x0,

    /* U+FBAC "ﮬ" */
    0x0, 0x0, 0x0, 0x0, 0x0, 0x0, 0x0, 0x0,
    0x0, 0x0, 0x0, 0x5f, 0xca, 0x75, 0x20, 0x0,
    0x0, 0x0, 0x0, 0x0, 0x0, 0x6, 0xff, 0xff,
    0xff, 0xfd, 0x85, 0x0, 0x0, 0x0, 0x0, 0x0,
    0x8f, 0xff, 0xff, 0xff, 0xff, 0xff, 0xb6, 0x10,
    0x0, 0x0, 0x1, 0x4c, 0xff, 0xff, 0xff, 0xff,
    0xff, 0xff, 0x80, 0x0, 0x0, 0x1, 0xff, 0xfa,
    0x45, 0xbf, 0xff, 0xff, 0xff, 0xe3, 0x0, 0x0,
    0x6f, 0xfa, 0x0, 0x0, 0xaf, 0xfd, 0xef, 0xff,
    0xf3, 0x0, 0x9, 0xff, 0x30, 0x0, 0x3, 0xff,
    0xa0, 0x6e, 0xff, 0xd0, 0x0, 0xaf, 0xf3, 0x0,
    0x0, 0x2f, 0xfb, 0x0, 0x2e, 0xff, 0x40, 0x8,
    0xff, 0x80, 0x0, 0x6, 0xff, 0x90, 0x0, 0x7f,
    0xf7, 0x0, 0x4f, 0xff, 0x30, 0x2, 0xef, 0xf4,
    0x0, 0x4, 0xff, 0x90, 0x0, 0xdf, 0xfe, 0x43,
    0xef, 0xfd, 0x0, 0x0, 0x5f, 0xf8, 0x0, 0x4,
    0xff, 0xff, 0xff, 0xff, 0x30, 0x0, 0xc, 0xff,
    0x51, 0x45, 0x7d, 0xff, 0xff, 0xff, 0xc6, 0x45,
    0x7e, 0xff, 0xf1, 0x7f, 0xff, 0xff, 0xff, 0xff,
    0xff, 0xff, 0xff, 0xff, 0xf7, 0x8, 0xff, 0xff,
    0xff, 0xdf, 0xff, 0xff, 0xff, 0xff, 0xf7, 0x0,
    0x6f, 0xfd, 0xb7, 0x30, 0x16, 0xad, 0xff, 0xfc,
    0x82, 0x0, 0x0,

    /* U+FBAD "ﮭ" */
    0x0, 0x0, 0x0, 0x0, 0x0, 0x0, 0x0, 0x0,
    0x0, 0x0, 0x0, 0x0, 0x0, 0x5, 0xfc, 0xa7,
    0x52, 0x0, 0x0, 0x0, 0x0, 0x0, 0x0, 0x0,
    0x0, 0x0, 0x6, 0xff, 0xff, 0xff, 0xfd, 0x85,
    0x0, 0x0, 0x0, 0x0, 0x0, 0x0, 0x0, 0x8,
    0xff, 0xff, 0xff, 0xff, 0xff, 0xfb, 0x61, 0x0,
    0x0, 0x0, 0x0, 0x0, 0x1, 0x4c, 0xff, 0xff,
    0xff, 0xff, 0xff, 0xff, 0x80, 0x0, 0x0, 0x0,
    0x0, 0x0, 0x1f, 0xff, 0xa4, 0x5b, 0xff, 0xff,
    0xff, 0xfe, 0x30, 0x0, 0x0, 0x0, 0x0, 0x6f,
    0xfa, 0x0, 0x0, 0xaf, 0xfd, 0xef, 0xff, 0xf3,
    0x0, 0x0, 0x0, 0x0, 0x9f, 0xf3, 0x0, 0x0,
    0x3f, 0xfa, 0x6, 0xff, 0xfd, 0x0, 0x0, 0x0,
    0x0, 0xaf, 0xf3, 0x0, 0x0, 0x2f, 0xfb, 0x0,
    0x2f, 0xff, 0x40, 0x0, 0x0, 0x0, 0x8f, 0xf7,
    0x0, 0x0, 0x6f, 0xf9, 0x0, 0x7, 0xff, 0x70,
    0x0, 0x0, 0x0, 0x4f, 0xff, 0x20, 0x1, 0xef,
    0xf4, 0x0, 0x4, 0xff, 0x90, 0x0, 0x0, 0x0,
    0xd, 0xff, 0xe3, 0x3d, 0xff, 0xd0, 0x0, 0x5,
    0xff, 0xa0, 0x0, 0x0, 0x0, 0x4, 0xff, 0xff,
    0xff, 0xff, 0x30, 0x0, 0xc, 0xff, 0xc0, 0x0,
    0x0, 0x3, 0x46, 0xdf, 0xff, 0xff, 0xfb, 0x53,
    0x46, 0xdf, 0xff, 0xf8, 0x43, 0x20, 0x7f, 0xff,
    0xff, 0xff, 0xff, 0xff, 0xff, 0xff, 0xff, 0xff,
    0xff, 0xff, 0xf0, 0x8f, 0xff, 0xff, 0xfd, 0xff,
    0xff, 0xff, 0xff, 0xff, 0x76, 0xff, 0xff, 0xf0,
    0x6f, 0xfd, 0xb7, 0x30, 0x16, 0xad, 0xff, 0xfc,
    0x82, 0x0, 0x4c, 0xff, 0xe0,

    /* U+FBAF "ﮯ" */
    0x0, 0x0, 0x0, 0x0, 0x0, 0x0, 0x1, 0x22,
    0x33, 0x33, 0x33, 0x33, 0x33, 0x33, 0x31, 0x0,
    0x0, 0x0, 0x3, 0x7a, 0xce, 0xff, 0xff, 0xff,
    0xff, 0xff, 0xff, 0xff, 0xff, 0xfc, 0x0, 0x0,
    0x4a, 0xff, 0xff, 0xff, 0xff, 0xff, 0xff, 0xff,
    0xff, 0xff, 0xff, 0xff, 0xfd, 0x0, 0x2c, 0xff,
    0xff, 0xff, 0xff, 0xff, 0xff, 0xff, 0xff, 0xff,
    0xff, 0xff, 0xff, 0xfb, 0x4, 0xff, 0xff, 0xff,
    0xda, 0x75, 0x32, 0x10, 0x0, 0x0, 0x0, 0x0,
    0x0, 0x0, 0x0, 0xe, 0xff, 0xfb, 0x61, 0x0,
    0x0, 0x0, 0x0, 0x0, 0x0, 0x0, 0x0, 0x0,
    0x0, 0x0, 0x5f, 0xfd, 0x30, 0x0, 0x0, 0x0,
    0x0, 0x0, 0x0, 0x0, 0x0, 0x0, 0x0, 0x0,
    0x0, 0x7f, 0xf6, 0x0, 0x0, 0x0, 0x0, 0x0,
    0x0, 0x0, 0x0, 0x0, 0x0, 0x0, 0x0, 0x0,
    0x5f, 0xfd, 0x20, 0x0, 0x0, 0x0, 0x0, 0x0,
    0x0, 0x0, 0x0, 0x0, 0x0, 0x0, 0x0, 0xe,
    0xff, 0xfb, 0x50, 0x0, 0x0, 0x0, 0x0, 0x0,
    0x0, 0x0, 0x0, 0x0, 0x0, 0x0, 0x4, 0xff,
    0xff, 0xff, 0xc9, 0x74, 0x31, 0x0, 0x0, 0x0,
    0x0, 0x0, 0x0, 0x0, 0x0, 0x0, 0x3d, 0xff,
    0xff, 0xff, 0xff, 0xff, 0xff, 0xff, 0xf5, 0x0,
    0x0, 0x0, 0x0, 0x0, 0x0, 0x0, 0x4b, 0xff,
    0xff, 0xff, 0xff, 0xff, 0xff, 0xf8, 0x0, 0x0,
    0x0, 0x0, 0x0, 0x0, 0x0, 0x0, 0x4, 0x7a,
    0xde, 0xff, 0xff, 0xff, 0xfb, 0x0, 0x0, 0x0,
    0x0, 0x0, 0x0, 0x0, 0x0, 0x0, 0x0, 0x0,
    0x1, 0x22, 0x23, 0x32, 0x0, 0x0, 0x0, 0x0,
    0x0,

    /* U+FBB1 "ﮱ" */
    0x0, 0x3b, 0xee, 0x80, 0x0, 0x0, 0x0, 0x0,
    0x0, 0x0, 0x0, 0x0, 0x0, 0x0, 0x0, 0x1,
    0xff, 0xff, 0x60, 0x0, 0x0, 0x0, 0x0, 0x0,
    0x0, 0x0, 0x0, 0x0, 0x0, 0x0, 0x4, 0xfa,
    0x0, 0x0, 0x0, 0x0, 0x0, 0x0, 0x0, 0x0,
    0x0, 0x0, 0x0, 0x0, 0x0, 0xc, 0xff, 0xff,
    0xf2, 0x0, 0x0, 0x0, 0x0, 0x0, 0x0, 0x0,
    0x0, 0x0, 0x0, 0x0, 0xc, 0xff, 0xff, 0xf2,
    0x0, 0x0, 0x0, 0x0, 0x0, 0x0, 0x0, 0x0,
    0x0, 0x0, 0x0, 0x0, 0x0, 0x0, 0x0, 0x0,
    0x0, 0x0, 0x0, 0x0, 0x0, 0x0, 0x0, 0x0,
    0x0, 0x0, 0x0, 0x0, 0x0, 0x0, 0x0, 0x0,
    0x0, 0x0, 0x0, 0x0, 0x0, 0x0, 0x0, 0x0,
    0x0, 0x0, 0x0, 0x0, 0x0, 0x0, 0x0, 0x1,
    0x22, 0x33, 0x33, 0x33, 0x33, 0x33, 0x33, 0x31,
    0x0, 0x0, 0x0, 0x3, 0x7a, 0xce, 0xff, 0xff,
    0xff, 0xff, 0xff, 0xff, 0xff, 0xff, 0xfc, 0x0,
    0x0, 0x4a, 0xff, 0xff, 0xff, 0xff, 0xff, 0xff,
    0xff, 0xff, 0xff, 0xff, 0xff, 0xfd, 0x0, 0x2c,
    0xff, 0xff, 0xff, 0xff, 0xff, 0xff, 0xff, 0xff,
    0xff, 0xff, 0xff, 0xff, 0xfb, 0x4, 0xff, 0xff,
    0xff, 0xda, 0x75, 0x32, 0x10, 0x0, 0x0, 0x0,
    0x0, 0x0, 0x0, 0x0, 0xe, 0xff, 0xfb, 0x61,
    0x0, 0x0, 0x0, 0x0, 0x0, 0x0, 0x0, 0x0,
    0x0, 0x0, 0x0, 0x5f, 0xfd, 0x30, 0x0, 0x0,
    0x0, 0x0, 0x0, 0x0, 0x0, 0x0, 0x0, 0x0,
    0x0, 0x0, 0x7f, 0xf6, 0x0, 0x0, 0x0, 0x0,
    0x0, 0x0, 0x0, 0x0, 0x0, 0x0, 0x0, 0x0,
    0x0, 0x5f, 0xfd, 0x20, 0x0, 0x0, 0x0, 0x0,
    0x0, 0x0, 0x0, 0x0, 0x0, 0x0, 0x0, 0x0,
    0xe, 0xff, 0xfb, 0x50, 0x0, 0x0, 0x0, 0x0,
    0x0, 0x0, 0x0, 0x0, 0x0, 0x0, 0x0, 0x4,
    0xff, 0xff, 0xff, 0xc9, 0x74, 0x31, 0x0, 0x0,
    0x0, 0x0, 0x0, 0x0, 0x0, 0x0, 0x0, 0x3d,
    0xff, 0xff, 0xff, 0xff, 0xff, 0xff, 0xff, 0xf5,
    0x0, 0x0, 0x0, 0x0, 0x0, 0x0, 0x0, 0x4b,
    0xff, 0xff, 0xff, 0xff, 0xff, 0xff, 0xf8, 0x0,
    0x0, 0x0, 0x0, 0x0, 0x0, 0x0, 0x0, 0x4,
    0x7a, 0xde, 0xff, 0xff, 0xff, 0xfb, 0x0, 0x0,
    0x0, 0x0, 0x0, 0x0, 0x0, 0x0, 0x0, 0x0,
    0x0, 0x1, 0x22, 0x23, 0x32, 0x0, 0x0, 0x0,
    0x0, 0x0,

    /* U+FBB2 "﮲" */
    0x3b, 0xa1, 0xef, 0xfa, 0xff, 0xfb, 0x5f, 0xe3,

    /* U+FBB3 "﮳" */
    0x3b, 0xa1, 0xef, 0xfa, 0xff, 0xfb, 0x6f, 0xe3,

    /* U+FBB4 "﮴" */
    0x15, 0x30, 0x15, 0x30, 0xcf, 0xf3, 0xcf, 0xf3,
    0xff, 0xf6, 0xff, 0xf5, 0x7f, 0xc1, 0x7f, 0xc0,

    /* U+FBB5 "﮵" */
    0x16, 0x30, 0x16, 0x30, 0xcf, 0xf3, 0xdf, 0xf3,
    0xff, 0xf6, 0xff, 0xf5, 0x7f, 0xc1, 0x7f, 0xc0,

    /* U+FBB6 "﮶" */
    0x0, 0x7f, 0xc1, 0x0, 0x0, 0xff, 0xf5, 0x0,
    0x0, 0xcf, 0xf3, 0x0, 0x16, 0x45, 0x46, 0x30,
    0xcf, 0xf3, 0xcf, 0xf2, 0xff, 0xf6, 0xff, 0xf5,
    0x7f, 0xc1, 0x7f, 0xc0,

    /* U+FBB7 "﮷" */
    0x0, 0x7f, 0xc0, 0x0, 0x0, 0xff, 0xf5, 0x0,
    0x0, 0xcf, 0xf3, 0x0, 0x15, 0x46, 0x45, 0x30,
    0xcf, 0xf3, 0xcf, 0xf2, 0xff, 0xf6, 0xff, 0xf5,
    0x7f, 0xc1, 0x7f, 0xc0,

    /* U+FBB8 "﮸" */
    0x7f, 0xc1, 0x7f, 0xc0, 0xff, 0xf6, 0xff, 0xf5,
    0xcf, 0xf3, 0xcf, 0xf2, 0x5, 0x46, 0x45, 0x20,
    0x0, 0xcf, 0xf3, 0x0, 0x0, 0xff, 0xf5, 0x0,
    0x0, 0x7f, 0xc0, 0x0,

    /* U+FBB9 "﮹" */
    0x7f, 0xc1, 0x7f, 0xc0, 0xff, 0xf6, 0xff, 0xf5,
    0xcf, 0xf3, 0xcf, 0xf2, 0x5, 0x46, 0x45, 0x20,
    0x0, 0xcf, 0xf3, 0x0, 0x0, 0xff, 0xf5, 0x0,
    0x0, 0x7f, 0xc0, 0x0,

    /* U+FBBD "﮽" */
    0x16, 0x30, 0xcf, 0xf3, 0xff, 0xf6, 0x7f, 0xc1,
    0x16, 0x30, 0xcf, 0xf3, 0xff, 0xf6, 0x7f, 0xc1,

    /* U+FBBE "﮾" */
    0x16, 0x30, 0xcf, 0xf3, 0xff, 0xf6, 0x7f, 0xc1,
    0x15, 0x30, 0xcf, 0xf3, 0xff, 0xf6, 0x7f, 0xc1,

    /* U+FBFD "ﯽ" */
    0x0, 0x0, 0x0, 0x0, 0x0, 0x0, 0x0, 0x0,
    0x0, 0x0, 0x0, 0x0, 0x8, 0xeb, 0x10, 0x0,
    0x0, 0x0, 0x0, 0x0, 0x2b, 0x74, 0x33, 0x33,
    0x20, 0xbf, 0xf1, 0x0, 0x0, 0x0, 0x0, 0x0,
    0x1e, 0xff, 0xff, 0xff, 0xff, 0xd, 0xff, 0x0,
    0x0, 0x0, 0x0, 0x0, 0x6, 0xff, 0xff, 0xff,
    0xff, 0xf0, 0xdf, 0xf0, 0x0, 0x0, 0x0, 0x0,
    0x0, 0x3, 0xaf, 0xff, 0xff, 0xfe, 0xd, 0xff,
    0x0, 0x0, 0x0, 0x0, 0x0, 0x0, 0x0, 0x5,
    0xcf, 0xff, 0x20, 0xbf, 0xf3, 0x0, 0x0, 0x0,
    0x0, 0x0, 0x0, 0x0, 0x0, 0xaf, 0xf7, 0x8,
    0xff, 0xa0, 0x0, 0x0, 0x0, 0x0, 0x0, 0x0,
    0x0, 0x6, 0xff, 0x70, 0x2f, 0xff, 0x60, 0x0,
    0x0, 0x0, 0x0, 0x0, 0x0, 0x1, 0xdf, 0xf5,
    0x0, 0xaf, 0xff, 0x91, 0x0, 0x0, 0x0, 0x0,
    0x0, 0x6, 0xef, 0xff, 0x0, 0x1, 0xdf, 0xff,
    0xfc, 0x85, 0x43, 0x34, 0x57, 0xbf, 0xff, 0xff,
    0x50, 0x0, 0x1, 0xcf, 0xff, 0xff, 0xff, 0xff,
    0xff, 0xff, 0xff, 0xff, 0x60, 0x0, 0x0, 0x0,
    0x6d, 0xff, 0xff, 0xff, 0xff, 0xff, 0xff, 0xfa,
    0x20, 0x0, 0x0, 0x0, 0x0, 0x3, 0x8b, 0xdf,
    0xff, 0xfe, 0xc9, 0x51, 0x0, 0x0, 0x0,

    /* U+FBFE "ﯾ" */
    0x0, 0x0, 0x8, 0x86, 0x0, 0x0, 0x1, 0xff,
    0xc0, 0x0, 0x0, 0x1f, 0xfc, 0x0, 0x0, 0x1,
    0xff, 0xc0, 0x0, 0x0, 0x1f, 0xfc, 0x0, 0x0,
    0x1, 0xff, 0xc0, 0x0, 0x0, 0x1f, 0xfc, 0x0,
    0x0, 0x1, 0xff, 0xc0, 0x0, 0x0, 0x1f, 0xfc,
    0x0, 0x0, 0x1, 0xff, 0xc0, 0x3, 0x33, 0x4f,
    0xfc, 0x7, 0xff, 0xff, 0xff, 0xc0, 0x8f, 0xff,
    0xff, 0xfc, 0x6, 0xff, 0xff, 0xff, 0xc0, 0x0,
    0x0, 0x0, 0x0, 0x0, 0x0, 0x0, 0x0, 0x0,
    0x0, 0x0, 0x0, 0x0, 0x0, 0x3, 0x50, 0x3,
    0x50, 0x3, 0xff, 0xc4, 0xff, 0xb0, 0x6f, 0xfe,
    0x6f, 0xfe, 0x1, 0xcf, 0x61, 0xcf, 0x60,

    /* U+FBFF "ﯿ" */
    0x0, 0x0, 0x6, 0x88, 0x0, 0x0, 0x0, 0x0,
    0x0, 0xcf, 0xf0, 0x0, 0x0, 0x0, 0x0, 0xc,
    0xff, 0x0, 0x0, 0x0, 0x0, 0x0, 0xcf, 0xf0,
    0x0, 0x0, 0x0, 0x0, 0xc, 0xff, 0x0, 0x0,
    0x0, 0x0, 0x0, 0xcf, 0xf0, 0x0, 0x0, 0x0,
    0x0, 0xc, 0xff, 0x0, 0x0, 0x0, 0x0, 0x0,
    0xcf, 0xf0, 0x0, 0x0, 0x0, 0x0, 0xd, 0xff,
    0x0, 0x0, 0x0, 0x0, 0x0, 0xef, 0xf2, 0x0,
    0x0, 0x3, 0x34, 0x9f, 0xff, 0xb4, 0x33, 0x7,
    0xff, 0xff, 0xff, 0xff, 0xff, 0xf6, 0x8f, 0xff,
    0xff, 0xef, 0xff, 0xff, 0x86, 0xff, 0xec, 0x60,
    0x5b, 0xef, 0xf5, 0x0, 0x0, 0x0, 0x0, 0x0,
    0x0, 0x0, 0x0, 0x0, 0x0, 0x0, 0x0, 0x0,
    0x0, 0x0, 0x0, 0x0, 0x0, 0x0, 0x0, 0x0,
    0x16, 0x20, 0x16, 0x20, 0x0, 0x0, 0xd, 0xff,
    0x2d, 0xff, 0x20, 0x0, 0x0, 0xff, 0xf5, 0xff,
    0xf4, 0x0, 0x0, 0x8, 0xfb, 0x8, 0xfb, 0x0,
    0x0,

    /* U+FC64 "ﱤ" */
    0x0, 0x0, 0x0, 0x0, 0x0, 0x0, 0x5d, 0xfe,
    0x60, 0x0, 0x0, 0x0, 0x0, 0x0, 0x0, 0x3,
    0xff, 0xff, 0x20, 0x0, 0x0, 0x0, 0x0, 0x0,
    0x0, 0x7, 0xf7, 0x0, 0x0, 0x0, 0x0, 0x0,
    0x0, 0x0, 0x0, 0xf, 0xff, 0xff, 0xf0, 0x0,
    0x0, 0x0, 0x0, 0x0, 0x0, 0xf, 0xff, 0xff,
    0xf0, 0x0, 0x0, 0x0, 0x0, 0x0, 0x0, 0x0,
    0x0, 0x0, 0x0, 0x0, 0x0, 0x0, 0x0, 0x0,
    0x0, 0x0, 0x0, 0x0, 0x0, 0x0, 0x0, 0x3,
    0xaa, 0x50, 0x0, 0x0, 0x4a, 0xa4, 0x0, 0x0,
    0x0, 0x4, 0xff, 0x80, 0x0, 0x0, 0x6f, 0xf6,
    0x0, 0x0, 0x0, 0x5, 0xff, 0x91, 0x0, 0x2,
    0x9f, 0xf6, 0x0, 0x0, 0x0, 0x5, 0xff, 0xff,
    0xff, 0xff, 0xff, 0xf6, 0x0, 0x0, 0x0, 0x5,
    0xff, 0xff, 0xff, 0xff, 0xff, 0xf6, 0x0, 0x0,
    0x0, 0x5, 0xff, 0xff, 0xff, 0xff, 0xff, 0xf6,
    0x0, 0x0, 0x0, 0x4, 0xff, 0x82, 0x33, 0x21,
    0x6f, 0xf6, 0x0, 0x0, 0x0, 0x4, 0xff, 0x80,
    0x0, 0x0, 0x6f, 0xf6, 0x0, 0x0, 0x0, 0x4,
    0xff, 0x80, 0x0, 0x0, 0x6f, 0xf6, 0x0, 0x0,
    0x0, 0x4, 0xff, 0x80, 0x0, 0x0, 0x5f, 0xf8,
    0x0, 0x0, 0x0, 0x4, 0xff, 0x80, 0x0, 0x0,
    0x2f, 0xfe, 0x63, 0x31, 0x0, 0x4, 0xff, 0x80,
    0x0, 0x0, 0xd, 0xff, 0xff, 0xfc, 0x0, 0x4,
    0xff, 0x80, 0x0, 0x0, 0x3, 0xff, 0xff, 0xfd,
    0x0, 0x4, 0xff, 0x80, 0x0, 0x0, 0x0, 0x29,
    0xdf, 0xfb, 0x0, 0x4, 0xff, 0x80, 0x0, 0x0,
    0x0, 0x0, 0x0, 0x0, 0x0, 0x5, 0xff, 0x80,
    0x0, 0x0, 0x0, 0x0, 0x0, 0x0, 0x0, 0x9,
    0xff, 0x60, 0x0, 0x0, 0x0, 0x0, 0x0, 0x0,
    0x2, 0x7f, 0xff, 0x20, 0x0, 0x0, 0x0, 0x0,
    0x0, 0x0, 0xef, 0xff, 0xfa, 0x0, 0x0, 0x0,
    0x0, 0x0, 0x0, 0x0, 0xbf, 0xff, 0xc1, 0x0,
    0x0, 0x0, 0x0, 0x0, 0x0, 0x0, 0x9f, 0xd7,
    0x0, 0x0, 0x0, 0x0, 0x0, 0x0, 0x0, 0x0,
    0x0, 0x0, 0x0, 0x0, 0x0, 0x0, 0x0, 0x0,
    0x0, 0x0,

    /* U+FC65 "ﱥ" */
    0x0, 0x2, 0xdf, 0x50, 0x0, 0x0, 0x5d, 0xfe,
    0x60, 0x0, 0x0, 0xa, 0xff, 0xe0, 0x0, 0x3,
    0xff, 0xff, 0x20, 0x0, 0x0, 0xa, 0xff, 0xe0,
    0x0, 0x7, 0xf7, 0x0, 0x0, 0x0, 0x0, 0x2,
    0xde, 0x50, 0x0, 0xf, 0xff, 0xff, 0xf0, 0x0,
    0x0, 0x0, 0x0, 0x0, 0x0, 0xf, 0xff, 0xff,
    0xf0, 0x0, 0x0, 0x0, 0x0, 0x0, 0x0, 0x0,
    0x0, 0x0, 0x0, 0x0, 0x0, 0x0, 0x0, 0x0,
    0x0, 0x0, 0x0, 0x0, 0x0, 0x0, 0x0, 0x3,
    0xaa, 0x50, 0x0, 0x0, 0x4a, 0xa4, 0x0, 0x0,
    0x0, 0x4, 0xff, 0x80, 0x0, 0x0, 0x6f, 0xf6,
    0x0, 0x0, 0x0, 0x5, 0xff, 0x91, 0x0, 0x2,
    0x9f, 0xf6, 0x0, 0x0, 0x0, 0x5, 0xff, 0xff,
    0xff, 0xff, 0xff, 0xf6, 0x0, 0x0, 0x0, 0x5,
    0xff, 0xff, 0xff, 0xff, 0xff, 0xf6, 0x0, 0x0,
    0x0, 0x5, 0xff, 0xff, 0xff, 0xff, 0xff, 0xf6,
    0x0, 0x0, 0x0, 0x4, 0xff, 0x82, 0x33, 0x21,
    0x6f, 0xf6, 0x0, 0x0, 0x0, 0x4, 0xff, 0x80,
    0x0, 0x0, 0x6f, 0xf6, 0x0, 0x0, 0x0, 0x4,
    0xff, 0x80, 0x0, 0x0, 0x6f, 0xf6, 0x0, 0x0,
    0x0, 0x4, 0xff, 0x80, 0x0, 0x0, 0x5f, 0xf8,
    0x0, 0x0, 0x0, 0x4, 0xff, 0x80, 0x0, 0x0,
    0x2f, 0xfe, 0x63, 0x31, 0x0, 0x4, 0xff, 0x80,
    0x0, 0x0, 0xd, 0xff, 0xff, 0xfc, 0x0, 0x4,
    0xff, 0x80, 0x0, 0x0, 0x3, 0xff, 0xff, 0xfd,
    0x0, 0x4, 0xff, 0x80, 0x0, 0x0, 0x0, 0x29,
    0xdf, 0xfb, 0x0, 0x4, 0xff, 0x80, 0x0, 0x0,
    0x0, 0x0, 0x0, 0x0, 0x0, 0x5, 0xff, 0x80,
    0x0, 0x0, 0x0, 0x0, 0x0, 0x0, 0x0, 0x9,
    0xff, 0x60, 0x0, 0x0, 0x0, 0x0, 0x0, 0x0,
    0x2, 0x7f, 0xff, 0x20, 0x0, 0x0, 0x0, 0x0,
    0x0, 0x0, 0xef, 0xff, 0xfa, 0x0, 0x0, 0x0,
    0x0, 0x0, 0x0, 0x0, 0xbf, 0xff, 0xc1, 0x0,
    0x0, 0x0, 0x0, 0x0, 0x0, 0x0, 0x9f, 0xd7,
    0x0, 0x0, 0x0, 0x0, 0x0, 0x0, 0x0, 0x0,
    0x0, 0x0, 0x0, 0x0, 0x0, 0x0, 0x0, 0x0,
    0x0, 0x0,

    /* U+FC67 "ﱧ" */
    0x0, 0x0, 0x0, 0x0, 0x0, 0x0, 0x0, 0x0,
    0x0, 0x0, 0x0, 0x0, 0x9e, 0xfd, 0x10, 0x0,
    0x0, 0x0, 0x0, 0x0, 0x0, 0x0, 0x0, 0x0,
    0x0, 0x0, 0x0, 0xa, 0xff, 0xfb, 0x0, 0x0,
    0x0, 0x0, 0x0, 0x0, 0x0, 0x0, 0x0, 0x0,
    0x0, 0x0, 0x0, 0xd, 0xe2, 0x0, 0x0, 0x0,
    0x0, 0x0, 0x0, 0x0, 0x0, 0x0, 0x0, 0x0,
    0x0, 0x0, 0x0, 0x6f, 0xff, 0xff, 0x80, 0x0,
    0x0, 0x0, 0x0, 0x3, 0xee, 0x50, 0x0, 0x0,
    0x0, 0x0, 0x0, 0x6f, 0xff, 0xff, 0x80, 0x0,
    0x0, 0x0, 0x0, 0xb, 0xff, 0xe0, 0x0, 0x0,
    0x0, 0x0, 0x0, 0x0, 0x0, 0x0, 0x0, 0x0,
    0x0, 0x0, 0x0, 0xa, 0xff, 0xd0, 0x0, 0x0,
    0x0, 0x0, 0x0, 0x0, 0x0, 0x0, 0x0, 0x0,
    0x0, 0x0, 0x0, 0x1, 0xab, 0x30, 0x0, 0x7,
    0x99, 0x0, 0x0, 0x0, 0x89, 0x90, 0x0, 0x0,
    0x0, 0x0, 0x0, 0x0, 0x0, 0x0, 0x0, 0xb,
    0xff, 0x10, 0x0, 0x0, 0xdf, 0xf0, 0x0, 0x0,
    0x0, 0x0, 0x0, 0x0, 0x0, 0x0, 0x0, 0xc,
    0xff, 0x40, 0x0, 0x13, 0xef, 0xf0, 0x0, 0x0,
    0x0, 0x0, 0x0, 0x0, 0x0, 0x0, 0x0, 0xc,
    0xff, 0xff, 0xff, 0xff, 0xff, 0xf0, 0x0, 0x0,
    0x0, 0x0, 0x0, 0x0, 0x0, 0x0, 0x0, 0xc,
    0xff, 0xff, 0xff, 0xff, 0xff, 0xf0, 0x0, 0x0,
    0x0, 0x0, 0x0, 0x0, 0x0, 0x0, 0x0, 0xb,
    0xff, 0xff, 0xff, 0xff, 0xff, 0xf0, 0x0, 0x0,
    0x14, 0x10, 0x0, 0x0, 0x0, 0x0, 0x0, 0xb,
    0xff, 0x22, 0x33, 0x20, 0xdf, 0xf0, 0x0, 0x0,
    0x6f, 0xf6, 0x0, 0x0, 0x0, 0x0, 0x0, 0xb,
    0xff, 0x10, 0x0, 0x0, 0xdf, 0xf0, 0x0, 0x0,
    0x9f, 0xf3, 0x0, 0x0, 0x0, 0x0, 0x0, 0xb,
    0xff, 0x10, 0x0, 0x0, 0xdf, 0xf0, 0x0, 0x0,
    0xbf, 0xf1, 0x0, 0x0, 0x0, 0x0, 0x0, 0xb,
    0xff, 0x10, 0x0, 0x0, 0xcf, 0xf1, 0x0, 0x0,
    0xdf, 0xf0, 0x0, 0x0, 0x0, 0x0, 0x0, 0xb,
    0xff, 0x10, 0x0, 0x0, 0xaf, 0xfb, 0x43, 0x30,
    0xdf, 0xf0, 0x0, 0x0, 0x0, 0x0, 0x0, 0xb,
    0xff, 0x10, 0x0, 0x0, 0x4f, 0xff, 0xff, 0xf6,
    0xdf, 0xf0, 0x0, 0x0, 0x0, 0x0, 0x0, 0xc,
    0xff, 0x0, 0x0, 0x0, 0x9, 0xff, 0xff, 0xf7,
    0xbf, 0xf2, 0x0, 0x0, 0x0, 0x0, 0x0, 0xf,
    0xfe, 0x0, 0x0, 0x0, 0x0, 0x5b, 0xef, 0xf4,
    0x8f, 0xf7, 0x0, 0x0, 0x0, 0x0, 0x0, 0x4f,
    0xfb, 0x0, 0x0, 0x0, 0x0, 0x0, 0x0, 0x0,
    0x3f, 0xfe, 0x10, 0x0, 0x0, 0x0, 0x0, 0xcf,
    0xf6, 0x0, 0x0, 0x0, 0x0, 0x0, 0x0, 0x0,
    0xc, 0xff, 0xc1, 0x0, 0x0, 0x0, 0x9, 0xff,
    0xf0, 0x0, 0x0, 0x0, 0x0, 0x0, 0x0, 0x0,
    0x3, 0xff, 0xfe, 0x72, 0x0, 0x26, 0xdf, 0xff,
    0x60, 0x0, 0x0, 0x0, 0x0, 0x0, 0x0, 0x0,
    0x0, 0x6f, 0xff, 0xff, 0xff, 0xff, 0xff, 0xfa,
    0x0, 0x0, 0x0, 0x0, 0x0, 0x0, 0x0, 0x0,
    0x0, 0x6, 0xff, 0xff, 0xff, 0xff, 0xff, 0x80,
    0x0, 0x0, 0x0, 0x0, 0x0, 0x0, 0x0, 0x0,
    0x0, 0x0, 0x18, 0xef, 0xff, 0xff, 0xa3, 0x0,
    0x0, 0x0, 0x0, 0x0, 0x0, 0x0, 0x0, 0x0,
    0x0, 0x0, 0x0, 0x1, 0x33, 0x20, 0x0, 0x0,
    0x0, 0x0, 0x0, 0x0, 0x0, 0x0, 0x0, 0x0,

    /* U+FC6A "ﱪ" */
    0x0, 0x2, 0x88, 0x40, 0x0, 0x0, 0x38, 0x83,
    0x0, 0x0, 0x0, 0x4, 0xff, 0x80, 0x0, 0x0,
    0x6f, 0xf6, 0x0, 0x0, 0x0, 0x5, 0xff, 0xa1,
    0x0, 0x2, 0x9f, 0xf6, 0x0, 0x0, 0x0, 0x5,
    0xff, 0xff, 0xff, 0xff, 0xff, 0xf6, 0x0, 0x0,
    0x0, 0x5, 0xff, 0xff, 0xff, 0xff, 0xff, 0xf6,
    0x0, 0x0, 0x0, 0x5, 0xff, 0xff, 0xff, 0xff,
    0xff, 0xf6, 0x0, 0x0, 0x0, 0x4, 0xff, 0x82,
    0x33, 0x21, 0x6f, 0xf6, 0x0, 0x0, 0x0, 0x4,
    0xff, 0x80, 0x0, 0x0, 0x6f, 0xf6, 0x0, 0x0,
    0x0, 0x4, 0xff, 0x80, 0x0, 0x0, 0x6f, 0xf6,
    0x0, 0x0, 0x0, 0x4, 0xff, 0x80, 0x0, 0x0,
    0x5f, 0xf8, 0x0, 0x0, 0x0, 0x4, 0xff, 0x80,
    0x0, 0x0, 0x3f, 0xfe, 0x63, 0x31, 0x0, 0x4,
    0xff, 0x80, 0x0, 0x0, 0xd, 0xff, 0xff, 0xfc,
    0x0, 0x4, 0xff, 0x80, 0x0, 0x0, 0x3, 0xff,
    0xff, 0xfd, 0x0, 0x4, 0xff, 0x80, 0x0, 0x0,
    0x0, 0x29, 0xdf, 0xfb, 0x0, 0x4, 0xff, 0x80,
    0x0, 0x0, 0x0, 0x0, 0x0, 0x0, 0x0, 0x5,
    0xff, 0x80, 0x0, 0x0, 0x0, 0x0, 0x0, 0x0,
    0x0, 0x9, 0xff, 0x60, 0x0, 0x0, 0x0, 0x0,
    0x0, 0x0, 0x2, 0x7f, 0xff, 0x20, 0x0, 0x0,
    0x18, 0x81, 0x0, 0x0, 0xef, 0xff, 0xfa, 0x0,
    0x0, 0x0, 0xbf, 0xfb, 0x0, 0x0, 0xbf, 0xff,
    0xc1, 0x0, 0x0, 0x0, 0xdf, 0xfd, 0x0, 0x0,
    0x9f, 0xd7, 0x0, 0x0, 0x0, 0x0, 0x5f, 0xf5,
    0x0, 0x0, 0x0, 0x0, 0x0, 0x0, 0x0, 0x0,
    0x0, 0x0, 0x0, 0x0,

    /* U+FC6B "ﱫ" */
    0x0, 0x3, 0xdf, 0x60, 0x0, 0x0, 0x0, 0x0,
    0x0, 0x0, 0x0, 0xb, 0xff, 0xf0, 0x0, 0x0,
    0x0, 0x0, 0x0, 0x0, 0x0, 0x9, 0xff, 0xd0,
    0x0, 0x0, 0x0, 0x0, 0x0, 0x0, 0x0, 0x1,
    0x9b, 0x30, 0x0, 0x0, 0x0, 0x0, 0x0, 0x0,
    0x0, 0x0, 0x0, 0x0, 0x0, 0x0, 0x0, 0x0,
    0x0, 0x0, 0x0, 0x0, 0x0, 0x0, 0x0, 0x0,
    0x0, 0x0, 0x0, 0x0, 0x0, 0x0, 0x0, 0x0,
    0x0, 0x0, 0x0, 0x0, 0x0, 0x0, 0x0, 0x2,
    0x99, 0x40, 0x0, 0x0, 0x39, 0x93, 0x0, 0x0,
    0x0, 0x4, 0xff, 0x80, 0x0, 0x0, 0x6f, 0xf6,
    0x0, 0x0, 0x0, 0x5, 0xff, 0xa1, 0x0, 0x2,
    0x9f, 0xf6, 0x0, 0x0, 0x0, 0x5, 0xff, 0xff,
    0xff, 0xff, 0xff, 0xf6, 0x0, 0x0, 0x0, 0x5,
    0xff, 0xff, 0xff, 0xff, 0xff, 0xf6, 0x0, 0x0,
    0x0, 0x5, 0xff, 0xff, 0xff, 0xff, 0xff, 0xf6,
    0x0, 0x0, 0x0, 0x4, 0xff, 0x82, 0x33, 0x21,
    0x6f, 0xf6, 0x0, 0x0, 0x0, 0x4, 0xff, 0x80,
    0x0, 0x0, 0x6f, 0xf6, 0x0, 0x0, 0x0, 0x4,
    0xff, 0x80, 0x0, 0x0, 0x6f, 0xf6, 0x0, 0x0,
    0x0, 0x4, 0xff, 0x80, 0x0, 0x0, 0x5f, 0xf8,
    0x0, 0x0, 0x0, 0x4, 0xff, 0x80, 0x0, 0x0,
    0x3f, 0xfe, 0x63, 0x31, 0x0, 0x4, 0xff, 0x80,
    0x0, 0x0, 0xd, 0xff, 0xff, 0xfc, 0x0, 0x4,
    0xff, 0x80, 0x0, 0x0, 0x3, 0xff, 0xff, 0xfd,
    0x0, 0x4, 0xff, 0x80, 0x0, 0x0, 0x0, 0x29,
    0xdf, 0xfb, 0x0, 0x4, 0xff, 0x80, 0x0, 0x0,
    0x0, 0x0, 0x0, 0x0, 0x0, 0x5, 0xff, 0x80,
    0x0, 0x0, 0x0, 0x0, 0x0, 0x0, 0x0, 0x9,
    0xff, 0x60, 0x0, 0x0, 0x0, 0x0, 0x0, 0x0,
    0x2, 0x7f, 0xff, 0x20, 0x0, 0x0, 0x18, 0x81,
    0x0, 0x0, 0xef, 0xff, 0xfa, 0x0, 0x0, 0x0,
    0xbf, 0xfb, 0x0, 0x0, 0xbf, 0xff, 0xc1, 0x0,
    0x0, 0x0, 0xdf, 0xfd, 0x0, 0x0, 0x9f, 0xd7,
    0x0, 0x0, 0x0, 0x0, 0x5f, 0xf5, 0x0, 0x0,
    0x0, 0x0, 0x0, 0x0, 0x0, 0x0, 0x0, 0x0,
    0x0, 0x0,

    /* U+FC6D "ﱭ" */
    0x0, 0x0, 0x0, 0x3, 0xee, 0x50, 0x0, 0x0,
    0x0, 0x0, 0x0, 0x0, 0x0, 0x0, 0x0, 0x0,
    0x0, 0x0, 0x0, 0xb, 0xff, 0xe0, 0x0, 0x0,
    0x0, 0x0, 0x0, 0x0, 0x0, 0x0, 0x0, 0x0,
    0x0, 0x0, 0x0, 0xa, 0xff, 0xd0, 0x0, 0x0,
    0x0, 0x0, 0x0, 0x0, 0x0, 0x0, 0x0, 0x0,
    0x0, 0x0, 0x0, 0x1, 0xab, 0x30, 0x0, 0x7,
    0x99, 0x0, 0x0, 0x0, 0x89, 0x90, 0x0, 0x0,
    0x0, 0x0, 0x0, 0x0, 0x0, 0x0, 0x0, 0xb,
    0xff, 0x10, 0x0, 0x0, 0xdf, 0xf0, 0x0, 0x0,
    0x0, 0x0, 0x0, 0x0, 0x0, 0x0, 0x0, 0xc,
    0xff, 0x40, 0x0, 0x13, 0xef, 0xf0, 0x0, 0x0,
    0x0, 0x0, 0x0, 0x0, 0x0, 0x0, 0x0, 0xc,
    0xff, 0xff, 0xff, 0xff, 0xff, 0xf0, 0x0, 0x0,
    0x0, 0x0, 0x0, 0x0, 0x0, 0x0, 0x0, 0xc,
    0xff, 0xff, 0xff, 0xff, 0xff, 0xf0, 0x0, 0x0,
    0x0, 0x0, 0x0, 0x0, 0x0, 0x0, 0x0, 0xb,
    0xff, 0xff, 0xff, 0xff, 0xff, 0xf0, 0x0, 0x0,
    0x14, 0x10, 0x0, 0x0, 0x0, 0x0, 0x0, 0xb,
    0xff, 0x22, 0x33, 0x20, 0xdf, 0xf0, 0x0, 0x0,
    0x6f, 0xf6, 0x0, 0x0, 0x0, 0x0, 0x0, 0xb,
    0xff, 0x10, 0x0, 0x0, 0xdf, 0xf0, 0x0, 0x0,
    0x9f, 0xf3, 0x0, 0x0, 0x0, 0x0, 0x0, 0xb,
    0xff, 0x10, 0x0, 0x0, 0xdf, 0xf0, 0x0, 0x0,
    0xbf, 0xf1, 0x0, 0x0, 0x0, 0x0, 0x0, 0xb,
    0xff, 0x10, 0x0, 0x0, 0xcf, 0xf1, 0x0, 0x0,
    0xdf, 0xf0, 0x0, 0x0, 0x0, 0x0, 0x0, 0xb,
    0xff, 0x10, 0x0, 0x0, 0xaf, 0xfb, 0x43, 0x30,
    0xdf, 0xf0, 0x0, 0x0, 0x0, 0x0, 0x0, 0xb,
    0xff, 0x10, 0x0, 0x0, 0x4f, 0xff, 0xff, 0xf6,
    0xdf, 0xf0, 0x0, 0x0, 0x0, 0x0, 0x0, 0xc,
    0xff, 0x0, 0x0, 0x0, 0x9, 0xff, 0xff, 0xf7,
    0xbf, 0xf2, 0x0, 0x0, 0x0, 0x0, 0x0, 0xf,
    0xfe, 0x0, 0x0, 0x0, 0x0, 0x5b, 0xef, 0xf4,
    0x8f, 0xf7, 0x0, 0x0, 0x0, 0x0, 0x0, 0x4f,
    0xfb, 0x0, 0x0, 0x0, 0x0, 0x0, 0x0, 0x0,
    0x3f, 0xfe, 0x10, 0x0, 0x0, 0x0, 0x0, 0xcf,
    0xf6, 0x0, 0x0, 0x0, 0x0, 0x0, 0x0, 0x0,
    0xc, 0xff, 0xc1, 0x0, 0x0, 0x0, 0x9, 0xff,
    0xf0, 0x0, 0x0, 0x0, 0x0, 0x0, 0x0, 0x0,
    0x3, 0xff, 0xfe, 0x72, 0x0, 0x26, 0xdf, 0xff,
    0x60, 0x0, 0x0, 0x0, 0x27, 0x30, 0x0, 0x0,
    0x0, 0x6f, 0xff, 0xff, 0xff, 0xff, 0xff, 0xfa,
    0x0, 0x0, 0x0, 0x1, 0xff, 0xf3, 0x0, 0x0,
    0x0, 0x6, 0xff, 0xff, 0xff, 0xff, 0xff, 0x80,
    0x0, 0x0, 0x0, 0x4, 0xff, 0xf6, 0x0, 0x0,
    0x0, 0x0, 0x18, 0xef, 0xff, 0xff, 0xa3, 0x0,
    0x0, 0x0, 0x0, 0x0, 0xdf, 0xe1, 0x0, 0x0,
    0x0, 0x0, 0x0, 0x1, 0x33, 0x20, 0x0, 0x0,
    0x0, 0x0, 0x0, 0x0, 0x3, 0x0, 0x0, 0x0,

    /* U+FC70 "ﱰ" */
    0x0, 0x0, 0x0, 0x0, 0x0, 0x5, 0x50, 0x5,
    0x50, 0x0, 0x0, 0x0, 0x0, 0x0, 0x0, 0x7f,
    0xf8, 0x8f, 0xf7, 0x0, 0x0, 0x0, 0x0, 0x0,
    0x0, 0xaf, 0xfa, 0xaf, 0xfa, 0x0, 0x0, 0x0,
    0x0, 0x0, 0x0, 0x3e, 0xe3, 0x3e, 0xe3, 0x0,
    0x0, 0x0, 0x0, 0x0, 0x0, 0x0, 0x0, 0x0,
    0x0, 0x0, 0x0, 0x0, 0x0, 0x0, 0x0, 0x0,
    0x0, 0x0, 0x0, 0x0, 0x0, 0x0, 0x0, 0x0,
    0x0, 0x0, 0x0, 0x0, 0x0, 0x0, 0x0, 0x3,
    0xaa, 0x50, 0x0, 0x0, 0x4a, 0xa4, 0x0, 0x0,
    0x0, 0x4, 0xff, 0x80, 0x0, 0x0, 0x6f, 0xf6,
    0x0, 0x0, 0x0, 0x5, 0xff, 0x91, 0x0, 0x2,
    0x9f, 0xf6, 0x0, 0x0, 0x0, 0x5, 0xff, 0xff,
    0xff, 0xff, 0xff, 0xf6, 0x0, 0x0, 0x0, 0x5,
    0xff, 0xff, 0xff, 0xff, 0xff, 0xf6, 0x0, 0x0,
    0x0, 0x5, 0xff, 0xff, 0xff, 0xff, 0xff, 0xf6,
    0x0, 0x0, 0x0, 0x4, 0xff, 0x82, 0x33, 0x21,
    0x6f, 0xf6, 0x0, 0x0, 0x0, 0x4, 0xff, 0x80,
    0x0, 0x0, 0x6f, 0xf6, 0x0, 0x0, 0x0, 0x4,
    0xff, 0x80, 0x0, 0x0, 0x6f, 0xf6, 0x0, 0x0,
    0x0, 0x4, 0xff, 0x80, 0x0, 0x0, 0x5f, 0xf8,
    0x0, 0x0, 0x0, 0x4, 0xff, 0x80, 0x0, 0x0,
    0x3f, 0xfe, 0x63, 0x31, 0x0, 0x4, 0xff, 0x80,
    0x0, 0x0, 0xd, 0xff, 0xff, 0xfc, 0x0, 0x4,
    0xff, 0x80, 0x0, 0x0, 0x3, 0xff, 0xff, 0xfd,
    0x0, 0x4, 0xff, 0x80, 0x0, 0x0, 0x0, 0x29,
    0xdf, 0xfb, 0x0, 0x4, 0xff, 0x80, 0x0, 0x0,
    0x0, 0x0, 0x0, 0x0, 0x0, 0x5, 0xff, 0x80,
    0x0, 0x0, 0x0, 0x0, 0x0, 0x0, 0x0, 0x9,
    0xff, 0x60, 0x0, 0x0, 0x0, 0x0, 0x0, 0x0,
    0x2, 0x7f, 0xff, 0x20, 0x0, 0x0, 0x0, 0x0,
    0x0, 0x0, 0xef, 0xff, 0xfa, 0x0, 0x0, 0x0,
    0x0, 0x0, 0x0, 0x0, 0xbf, 0xff, 0xc1, 0x0,
    0x0, 0x0, 0x0, 0x0, 0x0, 0x0, 0x9f, 0xd7,
    0x0, 0x0, 0x0, 0x0, 0x0, 0x0, 0x0, 0x0,
    0x0, 0x0, 0x0, 0x0, 0x0, 0x0, 0x0, 0x0,
    0x0, 0x0,

    /* U+FC71 "ﱱ" */
    0x0, 0x3, 0xdf, 0x60, 0x0, 0x5, 0x50, 0x5,
    0x50, 0x0, 0x0, 0xb, 0xff, 0xf0, 0x0, 0x7f,
    0xf8, 0x8f, 0xf7, 0x0, 0x0, 0x9, 0xff, 0xd0,
    0x0, 0xaf, 0xfa, 0xaf, 0xfa, 0x0, 0x0, 0x1,
    0x9b, 0x30, 0x0, 0x3e, 0xe3, 0x3e, 0xe3, 0x0,
    0x0, 0x0, 0x0, 0x0, 0x0, 0x0, 0x0, 0x0,
    0x0, 0x0, 0x0, 0x0, 0x0, 0x0, 0x0, 0x0,
    0x0, 0x0, 0x0, 0x0, 0x0, 0x0, 0x0, 0x0,
    0x0, 0x0, 0x0, 0x0, 0x0, 0x0, 0x0, 0x3,
    0xaa, 0x50, 0x0, 0x0, 0x4a, 0xa4, 0x0, 0x0,
    0x0, 0x4, 0xff, 0x80, 0x0, 0x0, 0x6f, 0xf6,
    0x0, 0x0, 0x0, 0x5, 0xff, 0x91, 0x0, 0x2,
    0x9f, 0xf6, 0x0, 0x0, 0x0, 0x5, 0xff, 0xff,
    0xff, 0xff, 0xff, 0xf6, 0x0, 0x0, 0x0, 0x5,
    0xff, 0xff, 0xff, 0xff, 0xff, 0xf6, 0x0, 0x0,
    0x0, 0x5, 0xff, 0xff, 0xff, 0xff, 0xff, 0xf6,
    0x0, 0x0, 0x0, 0x4, 0xff, 0x82, 0x33, 0x21,
    0x6f, 0xf6, 0x0, 0x0, 0x0, 0x4, 0xff, 0x80,
    0x0, 0x0, 0x6f, 0xf6, 0x0, 0x0, 0x0, 0x4,
    0xff, 0x80, 0x0, 0x0, 0x6f, 0xf6, 0x0, 0x0,
    0x0, 0x4, 0xff, 0x80, 0x0, 0x0, 0x5f, 0xf8,
    0x0, 0x0, 0x0, 0x4, 0xff, 0x80, 0x0, 0x0,
    0x3f, 0xfe, 0x63, 0x31, 0x0, 0x4, 0xff, 0x80,
    0x0, 0x0, 0xd, 0xff, 0xff, 0xfc, 0x0, 0x4,
    0xff, 0x80, 0x0, 0x0, 0x3, 0xff, 0xff, 0xfd,
    0x0, 0x4, 0xff, 0x80, 0x0, 0x0, 0x0, 0x29,
    0xdf, 0xfb, 0x0, 0x4, 0xff, 0x80, 0x0, 0x0,
    0x0, 0x0, 0x0, 0x0, 0x0, 0x5, 0xff, 0x80,
    0x0, 0x0, 0x0, 0x0, 0x0, 0x0, 0x0, 0x9,
    0xff, 0x60, 0x0, 0x0, 0x0, 0x0, 0x0, 0x0,
    0x2, 0x7f, 0xff, 0x20, 0x0, 0x0, 0x0, 0x0,
    0x0, 0x0, 0xef, 0xff, 0xfa, 0x0, 0x0, 0x0,
    0x0, 0x0, 0x0, 0x0, 0xbf, 0xff, 0xc1, 0x0,
    0x0, 0x0, 0x0, 0x0, 0x0, 0x0, 0x9f, 0xd7,
    0x0, 0x0, 0x0, 0x0, 0x0, 0x0, 0x0, 0x0,
    0x0, 0x0, 0x0, 0x0, 0x0, 0x0, 0x0, 0x0,
    0x0, 0x0,

    /* U+FC73 "ﱳ" */
    0x0, 0x0, 0x0, 0x0, 0x0, 0x0, 0x0, 0x0,
    0x0, 0x0, 0x0, 0x16, 0x20, 0x16, 0x20, 0x0,
    0x0, 0x0, 0x0, 0x0, 0x0, 0x0, 0x0, 0x0,
    0x0, 0x0, 0x0, 0xef, 0xf2, 0xef, 0xf1, 0x0,
    0x0, 0x0, 0x0, 0x0, 0x0, 0x0, 0x0, 0x0,
    0x0, 0x0, 0x1, 0xff, 0xf5, 0xff, 0xf3, 0x0,
    0x0, 0x0, 0x0, 0x0, 0x0, 0x0, 0x0, 0x0,
    0x0, 0x0, 0x0, 0x8f, 0xb0, 0x9f, 0xa0, 0x0,
    0x0, 0x0, 0x0, 0x3, 0xee, 0x50, 0x0, 0x0,
    0x0, 0x0, 0x0, 0x0, 0x0, 0x0, 0x0, 0x0,
    0x0, 0x0, 0x0, 0xb, 0xff, 0xe0, 0x0, 0x0,
    0x0, 0x0, 0x0, 0x0, 0x0, 0x0, 0x0, 0x0,
    0x0, 0x0, 0x0, 0xa, 0xff, 0xd0, 0x0, 0x0,
    0x0, 0x0, 0x0, 0x0, 0x0, 0x0, 0x0, 0x0,
    0x0, 0x0, 0x0, 0x1, 0xab, 0x30, 0x0, 0x7,
    0x99, 0x0, 0x0, 0x0, 0x89, 0x90, 0x0, 0x0,
    0x0, 0x0, 0x0, 0x0, 0x0, 0x0, 0x0, 0xb,
    0xff, 0x10, 0x0, 0x0, 0xdf, 0xf0, 0x0, 0x0,
    0x0, 0x0, 0x0, 0x0, 0x0, 0x0, 0x0, 0xc,
    0xff, 0x40, 0x0, 0x13, 0xef, 0xf0, 0x0, 0x0,
    0x0, 0x0, 0x0, 0x0, 0x0, 0x0, 0x0, 0xc,
    0xff, 0xff, 0xff, 0xff, 0xff, 0xf0, 0x0, 0x0,
    0x0, 0x0, 0x0, 0x0, 0x0, 0x0, 0x0, 0xc,
    0xff, 0xff, 0xff, 0xff, 0xff, 0xf0, 0x0, 0x0,
    0x0, 0x0, 0x0, 0x0, 0x0, 0x0, 0x0, 0xb,
    0xff, 0xff, 0xff, 0xff, 0xff, 0xf0, 0x0, 0x0,
    0x14, 0x10, 0x0, 0x0, 0x0, 0x0, 0x0, 0xb,
    0xff, 0x22, 0x33, 0x20, 0xdf, 0xf0, 0x0, 0x0,
    0x6f, 0xf6, 0x0, 0x0, 0x0, 0x0, 0x0, 0xb,
    0xff, 0x10, 0x0, 0x0, 0xdf, 0xf0, 0x0, 0x0,
    0x9f, 0xf3, 0x0, 0x0, 0x0, 0x0, 0x0, 0xb,
    0xff, 0x10, 0x0, 0x0, 0xdf, 0xf0, 0x0, 0x0,
    0xbf, 0xf1, 0x0, 0x0, 0x0, 0x0, 0x0, 0xb,
    0xff, 0x10, 0x0, 0x0, 0xcf, 0xf1, 0x0, 0x0,
    0xdf, 0xf0, 0x0, 0x0, 0x0, 0x0, 0x0, 0xb,
    0xff, 0x10, 0x0, 0x0, 0xaf, 0xfb, 0x43, 0x30,
    0xdf, 0xf0, 0x0, 0x0, 0x0, 0x0, 0x0, 0xb,
    0xff, 0x10, 0x0, 0x0, 0x4f, 0xff, 0xff, 0xf6,
    0xdf, 0xf0, 0x0, 0x0, 0x0, 0x0, 0x0, 0xc,
    0xff, 0x0, 0x0, 0x0, 0x9, 0xff, 0xff, 0xf7,
    0xbf, 0xf2, 0x0, 0x0, 0x0, 0x0, 0x0, 0xf,
    0xfe, 0x0, 0x0, 0x0, 0x0, 0x5b, 0xef, 0xf4,
    0x8f, 0xf7, 0x0, 0x0, 0x0, 0x0, 0x0, 0x4f,
    0xfb, 0x0, 0x0, 0x0, 0x0, 0x0, 0x0, 0x0,
    0x3f, 0xfe, 0x10, 0x0, 0x0, 0x0, 0x0, 0xcf,
    0xf6, 0x0, 0x0, 0x0, 0x0, 0x0, 0x0, 0x0,
    0xc, 0xff, 0xc1, 0x0, 0x0, 0x0, 0x9, 0xff,
    0xf0, 0x0, 0x0, 0x0, 0x0, 0x0, 0x0, 0x0,
    0x3, 0xff, 0xfe, 0x72, 0x0, 0x26, 0xdf, 0xff,
    0x60, 0x0, 0x0, 0x0, 0x0, 0x0, 0x0, 0x0,
    0x0, 0x6f, 0xff, 0xff, 0xff, 0xff, 0xff, 0xfa,
    0x0, 0x0, 0x0, 0x0, 0x0, 0x0, 0x0, 0x0,
    0x0, 0x6, 0xff, 0xff, 0xff, 0xff, 0xff, 0x80,
    0x0, 0x0, 0x0, 0x0, 0x0, 0x0, 0x0, 0x0,
    0x0, 0x0, 0x18, 0xef, 0xff, 0xff, 0xa3, 0x0,
    0x0, 0x0, 0x0, 0x0, 0x0, 0x0, 0x0, 0x0,
    0x0, 0x0, 0x0, 0x1, 0x33, 0x20, 0x0, 0x0,
    0x0, 0x0, 0x0, 0x0, 0x0, 0x0, 0x0, 0x0,

    /* U+FC76 "ﱶ" */
    0x0, 0x0, 0x0, 0x0, 0x0, 0x0, 0x3e, 0xe3,
    0x0, 0x0, 0x0, 0x0, 0x0, 0x0, 0x0, 0x0,
    0xaf, 0xfa, 0x0, 0x0, 0x0, 0x0, 0x0, 0x0,
    0x0, 0x0, 0x7f, 0xf7, 0x0, 0x0, 0x0, 0x0,
    0x0, 0x0, 0x0, 0x5, 0x55, 0x55, 0x50, 0x0,
    0x0, 0x0, 0x0, 0x0, 0x0, 0x7f, 0xf7, 0x7f,
    0xf7, 0x0, 0x0, 0x0, 0x0, 0x0, 0x0, 0xaf,
    0xfa, 0xaf, 0xfa, 0x0, 0x0, 0x0, 0x0, 0x0,
    0x0, 0x3e, 0xe3, 0x3e, 0xe3, 0x0, 0x0, 0x0,
    0x0, 0x0, 0x0, 0x0, 0x0, 0x0, 0x0, 0x0,
    0x0, 0x0, 0x0, 0x0, 0x0, 0x0, 0x0, 0x0,
    0x0, 0x0, 0x0, 0x0, 0x0, 0x0, 0x0, 0x0,
    0x0, 0x0, 0x0, 0x0, 0x0, 0x3, 0xaa, 0x50,
    0x0, 0x0, 0x4a, 0xa4, 0x0, 0x0, 0x0, 0x4,
    0xff, 0x80, 0x0, 0x0, 0x6f, 0xf6, 0x0, 0x0,
    0x0, 0x5, 0xff, 0x91, 0x0, 0x2, 0x9f, 0xf6,
    0x0, 0x0, 0x0, 0x5, 0xff, 0xff, 0xff, 0xff,
    0xff, 0xf6, 0x0, 0x0, 0x0, 0x5, 0xff, 0xff,
    0xff, 0xff, 0xff, 0xf6, 0x0, 0x0, 0x0, 0x5,
    0xff, 0xff, 0xff, 0xff, 0xff, 0xf6, 0x0, 0x0,
    0x0, 0x4, 0xff, 0x82, 0x33, 0x21, 0x6f, 0xf6,
    0x0, 0x0, 0x0, 0x4, 0xff, 0x80, 0x0, 0x0,
    0x6f, 0xf6, 0x0, 0x0, 0x0, 0x4, 0xff, 0x80,
    0x0, 0x0, 0x6f, 0xf6, 0x0, 0x0, 0x0, 0x4,
    0xff, 0x80, 0x0, 0x0, 0x5f, 0xf8, 0x0, 0x0,
    0x0, 0x4, 0xff, 0x80, 0x0, 0x0, 0x3f, 0xfe,
    0x63, 0x31, 0x0, 0x4, 0xff, 0x80, 0x0, 0x0,
    0xd, 0xff, 0xff, 0xfc, 0x0, 0x4, 0xff, 0x80,
    0x0, 0x0, 0x3, 0xff, 0xff, 0xfd, 0x0, 0x4,
    0xff, 0x80, 0x0, 0x0, 0x0, 0x29, 0xdf, 0xfb,
    0x0, 0x4, 0xff, 0x80, 0x0, 0x0, 0x0, 0x0,
    0x0, 0x0, 0x0, 0x5, 0xff, 0x80, 0x0, 0x0,
    0x0, 0x0, 0x0, 0x0, 0x0, 0x9, 0xff, 0x60,
    0x0, 0x0, 0x0, 0x0, 0x0, 0x0, 0x2, 0x7f,
    0xff, 0x20, 0x0, 0x0, 0x0, 0x0, 0x0, 0x0,
    0xef, 0xff, 0xfa, 0x0, 0x0, 0x0, 0x0, 0x0,
    0x0, 0x0, 0xbf, 0xff, 0xc1, 0x0, 0x0, 0x0,
    0x0, 0x0, 0x0, 0x0, 0x9f, 0xd7, 0x0, 0x0,
    0x0, 0x0, 0x0, 0x0, 0x0, 0x0, 0x0, 0x0,
    0x0, 0x0, 0x0, 0x0, 0x0, 0x0, 0x0, 0x0,

    /* U+FC77 "ﱷ" */
    0x0, 0x0, 0x0, 0x0, 0x0, 0x0, 0x3e, 0xe3,
    0x0, 0x0, 0x0, 0x0, 0x0, 0x0, 0x0, 0x0,
    0xaf, 0xfa, 0x0, 0x0, 0x0, 0x0, 0x0, 0x0,
    0x0, 0x0, 0x7f, 0xf7, 0x0, 0x0, 0x0, 0x3,
    0xdf, 0x60, 0x0, 0x5, 0x55, 0x55, 0x50, 0x0,
    0x0, 0xb, 0xff, 0xf0, 0x0, 0x7f, 0xf7, 0x7f,
    0xf7, 0x0, 0x0, 0x9, 0xff, 0xd0, 0x0, 0xaf,
    0xfa, 0xaf, 0xfa, 0x0, 0x0, 0x1, 0x9b, 0x30,
    0x0, 0x3e, 0xe3, 0x3e, 0xe3, 0x0, 0x0, 0x0,
    0x0, 0x0, 0x0, 0x0, 0x0, 0x0, 0x0, 0x0,
    0x0, 0x0, 0x0, 0x0, 0x0, 0x0, 0x0, 0x0,
    0x0, 0x0, 0x0, 0x0, 0x0, 0x0, 0x0, 0x0,
    0x0, 0x0, 0x0, 0x0, 0x0, 0x3, 0xaa, 0x50,
    0x0, 0x0, 0x4a, 0xa4, 0x0, 0x0, 0x0, 0x4,
    0xff, 0x80, 0x0, 0x0, 0x6f, 0xf6, 0x0, 0x0,
    0x0, 0x5, 0xff, 0x91, 0x0, 0x2, 0x9f, 0xf6,
    0x0, 0x0, 0x0, 0x5, 0xff, 0xff, 0xff, 0xff,
    0xff, 0xf6, 0x0, 0x0, 0x0, 0x5, 0xff, 0xff,
    0xff, 0xff, 0xff, 0xf6, 0x0, 0x0, 0x0, 0x5,
    0xff, 0xff, 0xff, 0xff, 0xff, 0xf6, 0x0, 0x0,
    0x0, 0x4, 0xff, 0x82, 0x33, 0x21, 0x6f, 0xf6,
    0x0, 0x0, 0x0, 0x4, 0xff, 0x80, 0x0, 0x0,
    0x6f, 0xf6, 0x0, 0x0, 0x0, 0x4, 0xff, 0x80,
    0x0, 0x0, 0x6f, 0xf6, 0x0, 0x0, 0x0, 0x4,
    0xff, 0x80, 0x0, 0x0, 0x5f, 0xf8, 0x0, 0x0,
    0x0, 0x4, 0xff, 0x80, 0x0, 0x0, 0x3f, 0xfe,
    0x63, 0x31, 0x0, 0x4, 0xff, 0x80, 0x0, 0x0,
    0xd, 0xff, 0xff, 0xfc, 0x0, 0x4, 0xff, 0x80,
    0x0, 0x0, 0x3, 0xff, 0xff, 0xfd, 0x0, 0x4,
    0xff, 0x80, 0x0, 0x0, 0x0, 0x29, 0xdf, 0xfb,
    0x0, 0x4, 0xff, 0x80, 0x0, 0x0, 0x0, 0x0,
    0x0, 0x0, 0x0, 0x5, 0xff, 0x80, 0x0, 0x0,
    0x0, 0x0, 0x0, 0x0, 0x0, 0x9, 0xff, 0x60,
    0x0, 0x0, 0x0, 0x0, 0x0, 0x0, 0x2, 0x7f,
    0xff, 0x20, 0x0, 0x0, 0x0, 0x0, 0x0, 0x0,
    0xef, 0xff, 0xfa, 0x0, 0x0, 0x0, 0x0, 0x0,
    0x0, 0x0, 0xbf, 0xff, 0xc1, 0x0, 0x0, 0x0,
    0x0, 0x0, 0x0, 0x0, 0x9f, 0xd7, 0x0, 0x0,
    0x0, 0x0, 0x0, 0x0, 0x0, 0x0, 0x0, 0x0,
    0x0, 0x0, 0x0, 0x0, 0x0, 0x0, 0x0, 0x0,

    /* U+FC79 "ﱹ" */
    0x0, 0x0, 0x0, 0x0, 0x0, 0x0, 0x0, 0x0,
    0x0, 0x0, 0x0, 0x0, 0x9f, 0xb0, 0x0, 0x0,
    0x0, 0x0, 0x0, 0x0, 0x0, 0x0, 0x0, 0x0,
    0x0, 0x0, 0x0, 0x1, 0xff, 0xf3, 0x0, 0x0,
    0x0, 0x0, 0x0, 0x0, 0x0, 0x0, 0x0, 0x0,
    0x0, 0x0, 0x0, 0x0, 0xef, 0xf1, 0x0, 0x0,
    0x0, 0x0, 0x0, 0x0, 0x0, 0x0, 0x0, 0x0,
    0x0, 0x0, 0x0, 0x16, 0x46, 0x46, 0x20, 0x0,
    0x0, 0x0, 0x0, 0x0, 0x0, 0x0, 0x0, 0x0,
    0x0, 0x0, 0x0, 0xef, 0xf2, 0xef, 0xf1, 0x0,
    0x0, 0x0, 0x0, 0x0, 0x0, 0x0, 0x0, 0x0,
    0x0, 0x0, 0x1, 0xff, 0xf5, 0xff, 0xf3, 0x0,
    0x0, 0x0, 0x0, 0x0, 0x0, 0x0, 0x0, 0x0,
    0x0, 0x0, 0x0, 0x9f, 0xb0, 0x9f, 0xa0, 0x0,
    0x0, 0x0, 0x0, 0x3, 0xee, 0x50, 0x0, 0x0,
    0x0, 0x0, 0x0, 0x0, 0x0, 0x0, 0x0, 0x0,
    0x0, 0x0, 0x0, 0xb, 0xff, 0xe0, 0x0, 0x0,
    0x0, 0x0, 0x0, 0x0, 0x0, 0x0, 0x0, 0x0,
    0x0, 0x0, 0x0, 0xa, 0xff, 0xd0, 0x0, 0x0,
    0x0, 0x0, 0x0, 0x0, 0x0, 0x0, 0x0, 0x0,
    0x0, 0x0, 0x0, 0x1, 0xab, 0x30, 0x0, 0x7,
    0x99, 0x0, 0x0, 0x0, 0x89, 0x90, 0x0, 0x0,
    0x0, 0x0, 0x0, 0x0, 0x0, 0x0, 0x0, 0xb,
    0xff, 0x10, 0x0, 0x0, 0xdf, 0xf0, 0x0, 0x0,
    0x0, 0x0, 0x0, 0x0, 0x0, 0x0, 0x0, 0xc,
    0xff, 0x40, 0x0, 0x13, 0xef, 0xf0, 0x0, 0x0,
    0x0, 0x0, 0x0, 0x0, 0x0, 0x0, 0x0, 0xc,
    0xff, 0xff, 0xff, 0xff, 0xff, 0xf0, 0x0, 0x0,
    0x0, 0x0, 0x0, 0x0, 0x0, 0x0, 0x0, 0xc,
    0xff, 0xff, 0xff, 0xff, 0xff, 0xf0, 0x0, 0x0,
    0x0, 0x0, 0x0, 0x0, 0x0, 0x0, 0x0, 0xb,
    0xff, 0xff, 0xff, 0xff, 0xff, 0xf0, 0x0, 0x0,
    0x14, 0x10, 0x0, 0x0, 0x0, 0x0, 0x0, 0xb,
    0xff, 0x22, 0x33, 0x20, 0xdf, 0xf0, 0x0, 0x0,
    0x6f, 0xf6, 0x0, 0x0, 0x0, 0x0, 0x0, 0xb,
    0xff, 0x10, 0x0, 0x0, 0xdf, 0xf0, 0x0, 0x0,
    0x9f, 0xf3, 0x0, 0x0, 0x0, 0x0, 0x0, 0xb,
    0xff, 0x10, 0x0, 0x0, 0xdf, 0xf0, 0x0, 0x0,
    0xbf, 0xf1, 0x0, 0x0, 0x0, 0x0, 0x0, 0xb,
    0xff, 0x10, 0x0, 0x0, 0xcf, 0xf1, 0x0, 0x0,
    0xdf, 0xf0, 0x0, 0x0, 0x0, 0x0, 0x0, 0xb,
    0xff, 0x10, 0x0, 0x0, 0xaf, 0xfb, 0x43, 0x30,
    0xdf, 0xf0, 0x0, 0x0, 0x0, 0x0, 0x0, 0xb,
    0xff, 0x10, 0x0, 0x0, 0x4f, 0xff, 0xff, 0xf6,
    0xdf, 0xf0, 0x0, 0x0, 0x0, 0x0, 0x0, 0xc,
    0xff, 0x0, 0x0, 0x0, 0x9, 0xff, 0xff, 0xf7,
    0xbf, 0xf2, 0x0, 0x0, 0x0, 0x0, 0x0, 0xf,
    0xfe, 0x0, 0x0, 0x0, 0x0, 0x5b, 0xef, 0xf4,
    0x8f, 0xf7, 0x0, 0x0, 0x0, 0x0, 0x0, 0x4f,
    0xfb, 0x0, 0x0, 0x0, 0x0, 0x0, 0x0, 0x0,
    0x3f, 0xfe, 0x10, 0x0, 0x0, 0x0, 0x0, 0xcf,
    0xf6, 0x0, 0x0, 0x0, 0x0, 0x0, 0x0, 0x0,
    0xc, 0xff, 0xc1, 0x0, 0x0, 0x0, 0x9, 0xff,
    0xf0, 0x0, 0x0, 0x0, 0x0, 0x0, 0x0, 0x0,
    0x3, 0xff, 0xfe, 0x72, 0x0, 0x26, 0xdf, 0xff,
    0x60, 0x0, 0x0, 0x0, 0x0, 0x0, 0x0, 0x0,
    0x0, 0x6f, 0xff, 0xff, 0xff, 0xff, 0xff, 0xfa,
    0x0, 0x0, 0x0, 0x0, 0x0, 0x0, 0x0, 0x0,
    0x0, 0x6, 0xff, 0xff, 0xff, 0xff, 0xff, 0x80,
    0x0, 0x0, 0x0, 0x0, 0x0, 0x0, 0x0, 0x0,
    0x0, 0x0, 0x18, 0xef, 0xff, 0xff, 0xa3, 0x0,
    0x0, 0x0, 0x0, 0x0, 0x0, 0x0, 0x0, 0x0,
    0x0, 0x0, 0x0, 0x1, 0x33, 0x20, 0x0, 0x0,
    0x0, 0x0, 0x0, 0x0, 0x0, 0x0, 0x0, 0x0,

    /* U+FC8A "ﲊ" */
    0x0, 0x0, 0x0, 0x0, 0x0, 0x0, 0x4e, 0xe4,
    0x0, 0x0, 0x0, 0x0, 0x0, 0x0, 0x0, 0x0,
    0xdf, 0xfd, 0x0, 0x0, 0x0, 0x0, 0x0, 0x0,
    0x0, 0x0, 0xbf, 0xfb, 0x0, 0x0, 0x0, 0x0,
    0x0, 0x0, 0x0, 0x0, 0x2a, 0xa2, 0x0, 0x0,
    0x0, 0x0, 0x0, 0x0, 0x0, 0x0, 0x0, 0x0,
    0x0, 0x0, 0x0, 0x0, 0x0, 0x0, 0x0, 0x0,
    0x0, 0x0, 0x0, 0x0, 0x0, 0x0, 0x0, 0x0,
    0x0, 0x0, 0x0, 0x0, 0x0, 0x0, 0x0, 0x2,
    0x99, 0x40, 0x0, 0x0, 0x39, 0x93, 0x0, 0x0,
    0x0, 0x4, 0xff, 0x80, 0x0, 0x0, 0x6f, 0xf6,
    0x0, 0x0, 0x0, 0x5, 0xff, 0xa1, 0x0, 0x2,
    0x9f, 0xf6, 0x0, 0x0, 0x0, 0x5, 0xff, 0xff,
    0xff, 0xff, 0xff, 0xf6, 0x0, 0x0, 0x0, 0x5,
    0xff, 0xff, 0xff, 0xff, 0xff, 0xf6, 0x0, 0x0,
    0x0, 0x5, 0xff, 0xff, 0xff, 0xff, 0xff, 0xf6,
    0x0, 0x0, 0x0, 0x4, 0xff, 0x82, 0x33, 0x21,
    0x6f, 0xf6, 0x0, 0x0, 0x0, 0x4, 0xff, 0x80,
    0x0, 0x0, 0x6f, 0xf6, 0x0, 0x0, 0x0, 0x4,
    0xff, 0x80, 0x0, 0x0, 0x6f, 0xf6, 0x0, 0x0,
    0x0, 0x4, 0xff, 0x80, 0x0, 0x0, 0x5f, 0xf8,
    0x0, 0x0, 0x0, 0x4, 0xff, 0x80, 0x0, 0x0,
    0x3f, 0xfe, 0x63, 0x31, 0x0, 0x4, 0xff, 0x80,
    0x0, 0x0, 0xd, 0xff, 0xff, 0xfc, 0x0, 0x4,
    0xff, 0x80, 0x0, 0x0, 0x3, 0xff, 0xff, 0xfd,
    0x0, 0x4, 0xff, 0x80, 0x0, 0x0, 0x0, 0x29,
    0xdf, 0xfb, 0x0, 0x4, 0xff, 0x80, 0x0, 0x0,
    0x0, 0x0, 0x0, 0x0, 0x0, 0x5, 0xff, 0x80,
    0x0, 0x0, 0x0, 0x0, 0x0, 0x0, 0x0, 0x9,
    0xff, 0x60, 0x0, 0x0, 0x0, 0x0, 0x0, 0x0,
    0x2, 0x7f, 0xff, 0x20, 0x0, 0x0, 0x0, 0x0,
    0x0, 0x0, 0xef, 0xff, 0xfa, 0x0, 0x0, 0x0,
    0x0, 0x0, 0x0, 0x0, 0xbf, 0xff, 0xc1, 0x0,
    0x0, 0x0, 0x0, 0x0, 0x0, 0x0, 0x9f, 0xd7,
    0x0, 0x0, 0x0, 0x0, 0x0, 0x0, 0x0, 0x0,
    0x0, 0x0, 0x0, 0x0, 0x0, 0x0, 0x0, 0x0,
    0x0, 0x0,

    /* U+FC8B "ﲋ" */
    0x0, 0x3, 0xdf, 0x60, 0x0, 0x0, 0x4e, 0xe4,
    0x0, 0x0, 0x0, 0xb, 0xff, 0xf0, 0x0, 0x0,
    0xdf, 0xfd, 0x0, 0x0, 0x0, 0x9, 0xff, 0xd0,
    0x0, 0x0, 0xbf, 0xfb, 0x0, 0x0, 0x0, 0x1,
    0x9b, 0x30, 0x0, 0x0, 0x2a, 0xa2, 0x0, 0x0,
    0x0, 0x0, 0x0, 0x0, 0x0, 0x0, 0x0, 0x0,
    0x0, 0x0, 0x0, 0x0, 0x0, 0x0, 0x0, 0x0,
    0x0, 0x0, 0x0, 0x0, 0x0, 0x0, 0x0, 0x0,
    0x0, 0x0, 0x0, 0x0, 0x0, 0x0, 0x0, 0x2,
    0x99, 0x40, 0x0, 0x0, 0x39, 0x93, 0x0, 0x0,
    0x0, 0x4, 0xff, 0x80, 0x0, 0x0, 0x6f, 0xf6,
    0x0, 0x0, 0x0, 0x5, 0xff, 0xa1, 0x0, 0x2,
    0x9f, 0xf6, 0x0, 0x0, 0x0, 0x5, 0xff, 0xff,
    0xff, 0xff, 0xff, 0xf6, 0x0, 0x0, 0x0, 0x5,
    0xff, 0xff, 0xff, 0xff, 0xff, 0xf6, 0x0, 0x0,
    0x0, 0x5, 0xff, 0xff, 0xff, 0xff, 0xff, 0xf6,
    0x0, 0x0, 0x0, 0x4, 0xff, 0x82, 0x33, 0x21,
    0x6f, 0xf6, 0x0, 0x0, 0x0, 0x4, 0xff, 0x80,
    0x0, 0x0, 0x6f, 0xf6, 0x0, 0x0, 0x0, 0x4,
    0xff, 0x80, 0x0, 0x0, 0x6f, 0xf6, 0x0, 0x0,
    0x0, 0x4, 0xff, 0x80, 0x0, 0x0, 0x5f, 0xf8,
    0x0, 0x0, 0x0, 0x4, 0xff, 0x80, 0x0, 0x0,
    0x3f, 0xfe, 0x63, 0x31, 0x0, 0x4, 0xff, 0x80,
    0x0, 0x0, 0xd, 0xff, 0xff, 0xfc, 0x0, 0x4,
    0xff, 0x80, 0x0, 0x0, 0x3, 0xff, 0xff, 0xfd,
    0x0, 0x4, 0xff, 0x80, 0x0, 0x0, 0x0, 0x29,
    0xdf, 0xfb, 0x0, 0x4, 0xff, 0x80, 0x0, 0x0,
    0x0, 0x0, 0x0, 0x0, 0x0, 0x5, 0xff, 0x80,
    0x0, 0x0, 0x0, 0x0, 0x0, 0x0, 0x0, 0x9,
    0xff, 0x60, 0x0, 0x0, 0x0, 0x0, 0x0, 0x0,
    0x2, 0x7f, 0xff, 0x20, 0x0, 0x0, 0x0, 0x0,
    0x0, 0x0, 0xef, 0xff, 0xfa, 0x0, 0x0, 0x0,
    0x0, 0x0, 0x0, 0x0, 0xbf, 0xff, 0xc1, 0x0,
    0x0, 0x0, 0x0, 0x0, 0x0, 0x0, 0x9f, 0xd7,
    0x0, 0x0, 0x0, 0x0, 0x0, 0x0, 0x0, 0x0,
    0x0, 0x0, 0x0, 0x0, 0x0, 0x0, 0x0, 0x0,
    0x0, 0x0,

    /* U+FC8D "ﲍ" */
    0x0, 0x0, 0x0, 0x0, 0x0, 0x0, 0x0, 0x0,
    0x0, 0x0, 0x0, 0x0, 0xaf, 0xb0, 0x0, 0x0,
    0x0, 0x0, 0x0, 0x0, 0x0, 0x0, 0x0, 0x0,
    0x0, 0x0, 0x0, 0x3, 0xff, 0xf6, 0x0, 0x0,
    0x0, 0x0, 0x0, 0x0, 0x0, 0x0, 0x0, 0x0,
    0x0, 0x0, 0x0, 0x2, 0xff, 0xf5, 0x0, 0x0,
    0x0, 0x0, 0x0, 0x0, 0x0, 0x0, 0x0, 0x0,
    0x0, 0x0, 0x0, 0x0, 0x6b, 0x70, 0x0, 0x0,
    0x0, 0x0, 0x0, 0x3, 0xee, 0x50, 0x0, 0x0,
    0x0, 0x0, 0x0, 0x0, 0x0, 0x0, 0x0, 0x0,
    0x0, 0x0, 0x0, 0xb, 0xff, 0xe0, 0x0, 0x0,
    0x0, 0x0, 0x0, 0x0, 0x0, 0x0, 0x0, 0x0,
    0x0, 0x0, 0x0, 0xa, 0xff, 0xd0, 0x0, 0x0,
    0x0, 0x0, 0x0, 0x0, 0x0, 0x0, 0x0, 0x0,
    0x0, 0x0, 0x0, 0x1, 0xab, 0x30, 0x0, 0x7,
    0x99, 0x0, 0x0, 0x0, 0x89, 0x90, 0x0, 0x0,
    0x0, 0x0, 0x0, 0x0, 0x0, 0x0, 0x0, 0xb,
    0xff, 0x10, 0x0, 0x0, 0xdf, 0xf0, 0x0, 0x0,
    0x0, 0x0, 0x0, 0x0, 0x0, 0x0, 0x0, 0xc,
    0xff, 0x40, 0x0, 0x13, 0xef, 0xf0, 0x0, 0x0,
    0x0, 0x0, 0x0, 0x0, 0x0, 0x0, 0x0, 0xc,
    0xff, 0xff, 0xff, 0xff, 0xff, 0xf0, 0x0, 0x0,
    0x0, 0x0, 0x0, 0x0, 0x0, 0x0, 0x0, 0xc,
    0xff, 0xff, 0xff, 0xff, 0xff, 0xf0, 0x0, 0x0,
    0x0, 0x0, 0x0, 0x0, 0x0, 0x0, 0x0, 0xb,
    0xff, 0xff, 0xff, 0xff, 0xff, 0xf0, 0x0, 0x0,
    0x14, 0x10, 0x0, 0x0, 0x0, 0x0, 0x0, 0xb,
    0xff, 0x22, 0x33, 0x20, 0xdf, 0xf0, 0x0, 0x0,
    0x6f, 0xf6, 0x0, 0x0, 0x0, 0x0, 0x0, 0xb,
    0xff, 0x10, 0x0, 0x0, 0xdf, 0xf0, 0x0, 0x0,
    0x9f, 0xf3, 0x0, 0x0, 0x0, 0x0, 0x0, 0xb,
    0xff, 0x10, 0x0, 0x0, 0xdf, 0xf0, 0x0, 0x0,
    0xbf, 0xf1, 0x0, 0x0, 0x0, 0x0, 0x0, 0xb,
    0xff, 0x10, 0x0, 0x0, 0xcf, 0xf1, 0x0, 0x0,
    0xdf, 0xf0, 0x0, 0x0, 0x0, 0x0, 0x0, 0xb,
    0xff, 0x10, 0x0, 0x0, 0xaf, 0xfb, 0x43, 0x30,
    0xdf, 0xf0, 0x0, 0x0, 0x0, 0x0, 0x0, 0xb,
    0xff, 0x10, 0x0, 0x0, 0x4f, 0xff, 0xff, 0xf6,
    0xdf, 0xf0, 0x0, 0x0, 0x0, 0x0, 0x0, 0xc,
    0xff, 0x0, 0x0, 0x0, 0x9, 0xff, 0xff, 0xf7,
    0xbf, 0xf2, 0x0, 0x0, 0x0, 0x0, 0x0, 0xf,
    0xfe, 0x0, 0x0, 0x0, 0x0, 0x5b, 0xef, 0xf4,
    0x8f, 0xf7, 0x0, 0x0, 0x0, 0x0, 0x0, 0x4f,
    0xfb, 0x0, 0x0, 0x0, 0x0, 0x0, 0x0, 0x0,
    0x3f, 0xfe, 0x10, 0x0, 0x0, 0x0, 0x0, 0xcf,
    0xf6, 0x0, 0x0, 0x0, 0x0, 0x0, 0x0, 0x0,
    0xc, 0xff, 0xc1, 0x0, 0x0, 0x0, 0x9, 0xff,
    0xf0, 0x0, 0x0, 0x0, 0x0, 0x0, 0x0, 0x0,
    0x3, 0xff, 0xfe, 0x72, 0x0, 0x26, 0xdf, 0xff,
    0x60, 0x0, 0x0, 0x0, 0x0, 0x0, 0x0, 0x0,
    0x0, 0x6f, 0xff, 0xff, 0xff, 0xff, 0xff, 0xfa,
    0x0, 0x0, 0x0, 0x0, 0x0, 0x0, 0x0, 0x0,
    0x0, 0x6, 0xff, 0xff, 0xff, 0xff, 0xff, 0x80,
    0x0, 0x0, 0x0, 0x0, 0x0, 0x0, 0x0, 0x0,
    0x0, 0x0, 0x18, 0xef, 0xff, 0xff, 0xa3, 0x0,
    0x0, 0x0, 0x0, 0x0, 0x0, 0x0, 0x0, 0x0,
    0x0, 0x0, 0x0, 0x1, 0x33, 0x20, 0x0, 0x0,
    0x0, 0x0, 0x0, 0x0, 0x0, 0x0, 0x0, 0x0,

    /* U+FC91 "ﲑ" */
    0x0, 0x2, 0x88, 0x40, 0x0, 0x0, 0x38, 0x83,
    0x0, 0x0, 0x0, 0x4, 0xff, 0x80, 0x0, 0x0,
    0x6f, 0xf6, 0x0, 0x0, 0x0, 0x5, 0xff, 0xa1,
    0x0, 0x2, 0x9f, 0xf6, 0x0, 0x0, 0x0, 0x5,
    0xff, 0xff, 0xff, 0xff, 0xff, 0xf6, 0x0, 0x0,
    0x0, 0x5, 0xff, 0xff, 0xff, 0xff, 0xff, 0xf6,
    0x0, 0x0, 0x0, 0x5, 0xff, 0xff, 0xff, 0xff,
    0xff, 0xf6, 0x0, 0x0, 0x0, 0x4, 0xff, 0x82,
    0x33, 0x21, 0x6f, 0xf6, 0x0, 0x0, 0x0, 0x4,
    0xff, 0x80, 0x0, 0x0, 0x6f, 0xf6, 0x0, 0x0,
    0x0, 0x4, 0xff, 0x80, 0x0, 0x0, 0x6f, 0xf6,
    0x0, 0x0, 0x0, 0x4, 0xff, 0x80, 0x0, 0x0,
    0x5f, 0xf8, 0x0, 0x0, 0x0, 0x4, 0xff, 0x80,
    0x0, 0x0, 0x3f, 0xfe, 0x63, 0x31, 0x0, 0x4,
    0xff, 0x80, 0x0, 0x0, 0xd, 0xff, 0xff, 0xfc,
    0x0, 0x4, 0xff, 0x80, 0x0, 0x0, 0x3, 0xff,
    0xff, 0xfd, 0x0, 0x4, 0xff, 0x80, 0x0, 0x0,
    0x0, 0x29, 0xdf, 0xfb, 0x0, 0x4, 0xff, 0x80,
    0x0, 0x0, 0x0, 0x0, 0x0, 0x0, 0x0, 0x5,
    0xff, 0x80, 0x0, 0x0, 0x0, 0x0, 0x0, 0x0,
    0x0, 0x9, 0xff, 0x60, 0x0, 0x0, 0x0, 0x0,
    0x0, 0x0, 0x2, 0x7f, 0xff, 0x20, 0x0, 0x4,
    0x40, 0x4, 0x40, 0x0, 0xef, 0xff, 0xfa, 0x0,
    0x0, 0x7f, 0xf7, 0x7f, 0xf7, 0x0, 0xbf, 0xff,
    0xc1, 0x0, 0x0, 0xaf, 0xfa, 0xaf, 0xfa, 0x0,
    0x9f, 0xd7, 0x0, 0x0, 0x0, 0x3e, 0xe3, 0x3e,
    0xe3, 0x0, 0x0, 0x0, 0x0, 0x0, 0x0, 0x0,
    0x0, 0x0, 0x0, 0x0,

    /* U+FC92 "ﲒ" */
    0x0, 0x3, 0xdf, 0x60, 0x0, 0x0, 0x0, 0x0,
    0x0, 0x0, 0x0, 0xb, 0xff, 0xf0, 0x0, 0x0,
    0x0, 0x0, 0x0, 0x0, 0x0, 0x9, 0xff, 0xd0,
    0x0, 0x0, 0x0, 0x0, 0x0, 0x0, 0x0, 0x1,
    0x9b, 0x30, 0x0, 0x0, 0x0, 0x0, 0x0, 0x0,
    0x0, 0x0, 0x0, 0x0, 0x0, 0x0, 0x0, 0x0,
    0x0, 0x0, 0x0, 0x0, 0x0, 0x0, 0x0, 0x0,
    0x0, 0x0, 0x0, 0x0, 0x0, 0x0, 0x0, 0x0,
    0x0, 0x0, 0x0, 0x0, 0x0, 0x0, 0x0, 0x2,
    0x99, 0x40, 0x0, 0x0, 0x39, 0x93, 0x0, 0x0,
    0x0, 0x4, 0xff, 0x80, 0x0, 0x0, 0x6f, 0xf6,
    0x0, 0x0, 0x0, 0x5, 0xff, 0xa1, 0x0, 0x2,
    0x9f, 0xf6, 0x0, 0x0, 0x0, 0x5, 0xff, 0xff,
    0xff, 0xff, 0xff, 0xf6, 0x0, 0x0, 0x0, 0x5,
    0xff, 0xff, 0xff, 0xff, 0xff, 0xf6, 0x0, 0x0,
    0x0, 0x5, 0xff, 0xff, 0xff, 0xff, 0xff, 0xf6,
    0x0, 0x0, 0x0, 0x4, 0xff, 0x82, 0x33, 0x21,
    0x6f, 0xf6, 0x0, 0x0, 0x0, 0x4, 0xff, 0x80,
    0x0, 0x0, 0x6f, 0xf6, 0x0, 0x0, 0x0, 0x4,
    0xff, 0x80, 0x0, 0x0, 0x6f, 0xf6, 0x0, 0x0,
    0x0, 0x4, 0xff, 0x80, 0x0, 0x0, 0x5f, 0xf8,
    0x0, 0x0, 0x0, 0x4, 0xff, 0x80, 0x0, 0x0,
    0x3f, 0xfe, 0x63, 0x31, 0x0, 0x4, 0xff, 0x80,
    0x0, 0x0, 0xd, 0xff, 0xff, 0xfc, 0x0, 0x4,
    0xff, 0x80, 0x0, 0x0, 0x3, 0xff, 0xff, 0xfd,
    0x0, 0x4, 0xff, 0x80, 0x0, 0x0, 0x0, 0x29,
    0xdf, 0xfb, 0x0, 0x4, 0xff, 0x80, 0x0, 0x0,
    0x0, 0x0, 0x0, 0x0, 0x0, 0x5, 0xff, 0x80,
    0x0, 0x0, 0x0, 0x0, 0x0, 0x0, 0x0, 0x9,
    0xff, 0x60, 0x0, 0x0, 0x0, 0x0, 0x0, 0x0,
    0x2, 0x7f, 0xff, 0x20, 0x0, 0x4, 0x40, 0x4,
    0x40, 0x0, 0xef, 0xff, 0xfa, 0x0, 0x0, 0x7f,
    0xf7, 0x7f, 0xf7, 0x0, 0xbf, 0xff, 0xc1, 0x0,
    0x0, 0xaf, 0xfa, 0xaf, 0xfa, 0x0, 0x9f, 0xd7,
    0x0, 0x0, 0x0, 0x3e, 0xe3, 0x3e, 0xe3, 0x0,
    0x0, 0x0, 0x0, 0x0, 0x0, 0x0, 0x0, 0x0,
    0x0, 0x0,

    /* U+FC94 "ﲔ" */
    0x0, 0x0, 0x0, 0x3, 0xee, 0x50, 0x0, 0x0,
    0x0, 0x0, 0x0, 0x0, 0x0, 0x0, 0x0, 0x0,
    0x0, 0x0, 0x0, 0xb, 0xff, 0xe0, 0x0, 0x0,
    0x0, 0x0, 0x0, 0x0, 0x0, 0x0, 0x0, 0x0,
    0x0, 0x0, 0x0, 0xa, 0xff, 0xd0, 0x0, 0x0,
    0x0, 0x0, 0x0, 0x0, 0x0, 0x0, 0x0, 0x0,
    0x0, 0x0, 0x0, 0x1, 0xab, 0x30, 0x0, 0x7,
    0x99, 0x0, 0x0, 0x0, 0x89, 0x90, 0x0, 0x0,
    0x0, 0x0, 0x0, 0x0, 0x0, 0x0, 0x0, 0xb,
    0xff, 0x10, 0x0, 0x0, 0xdf, 0xf0, 0x0, 0x0,
    0x0, 0x0, 0x0, 0x0, 0x0, 0x0, 0x0, 0xc,
    0xff, 0x40, 0x0, 0x13, 0xef, 0xf0, 0x0, 0x0,
    0x0, 0x0, 0x0, 0x0, 0x0, 0x0, 0x0, 0xc,
    0xff, 0xff, 0xff, 0xff, 0xff, 0xf0, 0x0, 0x0,
    0x0, 0x0, 0x0, 0x0, 0x0, 0x0, 0x0, 0xc,
    0xff, 0xff, 0xff, 0xff, 0xff, 0xf0, 0x0, 0x0,
    0x0, 0x0, 0x0, 0x0, 0x0, 0x0, 0x0, 0xb,
    0xff, 0xff, 0xff, 0xff, 0xff, 0xf0, 0x0, 0x0,
    0x14, 0x10, 0x0, 0x0, 0x0, 0x0, 0x0, 0xb,
    0xff, 0x22, 0x33, 0x20, 0xdf, 0xf0, 0x0, 0x0,
    0x6f, 0xf6, 0x0, 0x0, 0x0, 0x0, 0x0, 0xb,
    0xff, 0x10, 0x0, 0x0, 0xdf, 0xf0, 0x0, 0x0,
    0x9f, 0xf3, 0x0, 0x0, 0x0, 0x0, 0x0, 0xb,
    0xff, 0x10, 0x0, 0x0, 0xdf, 0xf0, 0x0, 0x0,
    0xbf, 0xf1, 0x0, 0x0, 0x0, 0x0, 0x0, 0xb,
    0xff, 0x10, 0x0, 0x0, 0xcf, 0xf1, 0x0, 0x0,
    0xdf, 0xf0, 0x0, 0x0, 0x0, 0x0, 0x0, 0xb,
    0xff, 0x10, 0x0, 0x0, 0xaf, 0xfb, 0x43, 0x30,
    0xdf, 0xf0, 0x0, 0x0, 0x0, 0x0, 0x0, 0xb,
    0xff, 0x10, 0x0, 0x0, 0x4f, 0xff, 0xff, 0xf6,
    0xdf, 0xf0, 0x0, 0x0, 0x0, 0x0, 0x0, 0xc,
    0xff, 0x0, 0x0, 0x0, 0x9, 0xff, 0xff, 0xf7,
    0xbf, 0xf2, 0x0, 0x0, 0x0, 0x0, 0x0, 0xf,
    0xfe, 0x0, 0x0, 0x0, 0x0, 0x5b, 0xef, 0xf4,
    0x8f, 0xf7, 0x0, 0x0, 0x0, 0x0, 0x0, 0x4f,
    0xfb, 0x0, 0x0, 0x0, 0x0, 0x0, 0x0, 0x0,
    0x3f, 0xfe, 0x10, 0x0, 0x0, 0x0, 0x0, 0xcf,
    0xf6, 0x0, 0x0, 0x0, 0x0, 0x0, 0x0, 0x0,
    0xc, 0xff, 0xc1, 0x0, 0x0, 0x0, 0x9, 0xff,
    0xf0, 0x0, 0x0, 0x0, 0x0, 0x0, 0x0, 0x0,
    0x3, 0xff, 0xfe, 0x72, 0x0, 0x26, 0xdf, 0xff,
    0x60, 0x0, 0x0, 0x16, 0x20, 0x16, 0x20, 0x0,
    0x0, 0x6f, 0xff, 0xff, 0xff, 0xff, 0xff, 0xfa,
    0x0, 0x0, 0x0, 0xef, 0xf2, 0xef, 0xf1, 0x0,
    0x0, 0x6, 0xff, 0xff, 0xff, 0xff, 0xff, 0x80,
    0x0, 0x0, 0x1, 0xff, 0xf5, 0xff, 0xf3, 0x0,
    0x0, 0x0, 0x18, 0xef, 0xff, 0xff, 0xa3, 0x0,
    0x0, 0x0, 0x0, 0x8f, 0xb0, 0x9f, 0xa0, 0x0,
    0x0, 0x0, 0x0, 0x1, 0x33, 0x20, 0x0, 0x0,
    0x0, 0x0, 0x0, 0x0, 0x0, 0x0, 0x0, 0x0,

    /* U+FD0D "ﴍ" */
    0x0, 0x0, 0x0, 0x0, 0x0, 0x0, 0x0, 0x0,
    0x0, 0x0, 0x4, 0x50, 0x0, 0x0, 0x0, 0x0,
    0x0, 0x0, 0x0, 0x0, 0x0, 0x0, 0x0, 0x0,
    0x0, 0x7, 0xff, 0x90, 0x0, 0x0, 0x0, 0x0,
    0x0, 0x0, 0x0, 0x0, 0x0, 0x0, 0x0, 0x0,
    0x0, 0x8f, 0xfa, 0x0, 0x0, 0x0, 0x0, 0x0,
    0x0, 0x0, 0x0, 0x0, 0x0, 0x0, 0x0, 0x0,
    0x46, 0x78, 0x65, 0x0, 0x0, 0x0, 0x0, 0x0,
    0x0, 0x0, 0x0, 0x0, 0x0, 0x0, 0x0, 0x6f,
    0xf8, 0x7f, 0xf8, 0x0, 0x0, 0x0, 0x0, 0x0,
    0x0, 0x0, 0x0, 0x0, 0x0, 0x0, 0x9, 0xff,
    0xb9, 0xff, 0xb0, 0x0, 0x0, 0x0, 0x0, 0x0,
    0x0, 0x0, 0x0, 0x0, 0x0, 0x0, 0x2e, 0xe4,
    0x3e, 0xe4, 0x0, 0x0, 0x0, 0x0, 0x0, 0x0,
    0x0, 0x0, 0x0, 0x0, 0x0, 0x0, 0x0, 0x0,
    0x0, 0x0, 0x0, 0x0, 0x0, 0x0, 0x0, 0x0,
    0x0, 0x0, 0x0, 0x0, 0x0, 0x0, 0x0, 0x0,
    0x0, 0x0, 0x0, 0x0, 0x0, 0x0, 0x0, 0x0,
    0x0, 0x0, 0x0, 0x0, 0x0, 0x0, 0x0, 0x0,
    0x0, 0x0, 0x0, 0x0, 0x3, 0xaa, 0x50, 0x0,
    0x0, 0x4a, 0xa4, 0x0, 0x0, 0x0, 0x0, 0x0,
    0x0, 0x9a, 0x90, 0x0, 0x4f, 0xf8, 0x0, 0x0,
    0x6, 0xff, 0x60, 0x0, 0x1, 0x44, 0x10, 0x0,
    0xe, 0xfe, 0x0, 0x5, 0xff, 0x91, 0x0, 0x2,
    0x9f, 0xf6, 0x0, 0x0, 0x5f, 0xf7, 0x0, 0x0,
    0xef, 0xe0, 0x0, 0x5f, 0xff, 0xff, 0xff, 0xff,
    0xff, 0x60, 0x0, 0x5, 0xff, 0x70, 0x0, 0xe,
    0xfe, 0x0, 0x5, 0xff, 0xff, 0xff, 0xff, 0xff,
    0xf6, 0x0, 0x0, 0x5f, 0xf7, 0x0, 0x0, 0xef,
    0xe0, 0x0, 0x5f, 0xff, 0xff, 0xff, 0xff, 0xff,
    0x60, 0x0, 0x5, 0xff, 0x70, 0x0, 0xe, 0xfe,
    0x0, 0x4, 0xff, 0x82, 0x33, 0x21, 0x6f, 0xf6,
    0x0, 0x0, 0x5f, 0xf7, 0x0, 0x0, 0xef, 0xe0,
    0x0, 0x4f, 0xf8, 0x0, 0x0, 0x6, 0xff, 0x60,
    0x0, 0x5, 0xff, 0x70, 0x0, 0xe, 0xfe, 0x0,
    0x4, 0xff, 0x80, 0x0, 0x0, 0x6f, 0xf6, 0x0,
    0x0, 0x5f, 0xf7, 0x0, 0x0, 0xef, 0xe0, 0x0,
    0x4f, 0xf8, 0x0, 0x0, 0x5, 0xff, 0x80, 0x0,
    0x7, 0xff, 0x60, 0x0, 0xf, 0xfd, 0x0, 0x4,
    0xff, 0x80, 0x0, 0x0, 0x2f, 0xfe, 0x63, 0x36,
    0xef, 0xfa, 0x43, 0x4a, 0xff, 0xa0, 0x0, 0x4f,
    0xf8, 0x0, 0x0, 0x0, 0xdf, 0xff, 0xff, 0xff,
    0xff, 0xff, 0xff, 0xff, 0xf4, 0x0, 0x4, 0xff,
    0x80, 0x0, 0x0, 0x3, 0xff, 0xff, 0xff, 0xff,
    0xff, 0xff, 0xff, 0xfa, 0x0, 0x0, 0x4f, 0xf8,
    0x0, 0x0, 0x0, 0x2, 0x9d, 0xff, 0xea, 0x37,
    0xcf, 0xff, 0xc6, 0x0, 0x0, 0x4, 0xff, 0x80,
    0x0, 0x0, 0x0, 0x0, 0x0, 0x0, 0x0, 0x0,
    0x0, 0x0, 0x0, 0x0, 0x0, 0x5f, 0xf8, 0x0,
    0x0, 0x0, 0x0, 0x0, 0x0, 0x0, 0x0, 0x0,
    0x0, 0x0, 0x0, 0x0, 0x9, 0xff, 0x60, 0x0,
    0x0, 0x0, 0x0, 0x0, 0x0, 0x0, 0x0, 0x0,
    0x0, 0x0, 0x0, 0x27, 0xff, 0xf2, 0x0, 0x0,
    0x0, 0x0, 0x0, 0x0, 0x0, 0x0, 0x0, 0x0,
    0x0, 0x0, 0xef, 0xff, 0xfa, 0x0, 0x0, 0x0,
    0x0, 0x0, 0x0, 0x0, 0x0, 0x0, 0x0, 0x0,
    0x0, 0xb, 0xff, 0xfc, 0x10, 0x0, 0x0, 0x0,
    0x0, 0x0, 0x0, 0x0, 0x0, 0x0, 0x0, 0x0,
    0x0, 0x9f, 0xd7, 0x0, 0x0, 0x0, 0x0, 0x0,
    0x0, 0x0, 0x0, 0x0, 0x0, 0x0, 0x0, 0x0,
    0x0, 0x0, 0x0, 0x0, 0x0, 0x0, 0x0, 0x0,
    0x0, 0x0, 0x0, 0x0, 0x0, 0x0, 0x0, 0x0,

    /* U+FD0E "ﴎ" */
    0x0, 0x2, 0x88, 0x40, 0x0, 0x0, 0x38, 0x83,
    0x0, 0x0, 0x0, 0x0, 0x0, 0x0, 0x78, 0x70,
    0x0, 0x4f, 0xf8, 0x0, 0x0, 0x6, 0xff, 0x60,
    0x0, 0x0, 0x0, 0x0, 0x0, 0xe, 0xfe, 0x0,
    0x5, 0xff, 0x91, 0x0, 0x1, 0x8f, 0xf6, 0x0,
    0x0, 0x5f, 0xf7, 0x0, 0x0, 0xef, 0xe0, 0x0,
    0x5f, 0xff, 0xff, 0xff, 0xff, 0xff, 0x60, 0x0,
    0x5, 0xff, 0x70, 0x0, 0xe, 0xfe, 0x0, 0x5,
    0xff, 0xff, 0xff, 0xff, 0xff, 0xf6, 0x0, 0x0,
    0x5f, 0xf7, 0x0, 0x0, 0xef, 0xe0, 0x0, 0x5f,
    0xff, 0xff, 0xff, 0xff, 0xff, 0x60, 0x0, 0x5,
    0xff, 0x70, 0x0, 0xe, 0xfe, 0x0, 0x4, 0xff,
    0x82, 0x33, 0x21, 0x6f, 0xf6, 0x0, 0x0, 0x5f,
    0xf7, 0x0, 0x0, 0xef, 0xe0, 0x0, 0x4f, 0xf8,
    0x0, 0x0, 0x6, 0xff, 0x60, 0x0, 0x5, 0xff,
    0x70, 0x0, 0xe, 0xfe, 0x0, 0x4, 0xff, 0x80,
    0x0, 0x0, 0x6f, 0xf6, 0x0, 0x0, 0x5f, 0xf7,
    0x0, 0x0, 0xef, 0xe0, 0x0, 0x4f, 0xf8, 0x0,
    0x0, 0x5, 0xff, 0x80, 0x0, 0x6, 0xff, 0x60,
    0x0, 0xf, 0xfd, 0x0, 0x4, 0xff, 0x80, 0x0,
    0x0, 0x3f, 0xfe, 0x63, 0x36, 0xef, 0xfa, 0x43,
    0x4a, 0xff, 0xa0, 0x0, 0x4f, 0xf8, 0x0, 0x0,
    0x0, 0xdf, 0xff, 0xff, 0xff, 0xff, 0xff, 0xff,
    0xff, 0xf5, 0x0, 0x4, 0xff, 0x80, 0x0, 0x0,
    0x3, 0xff, 0xff, 0xff, 0xff, 0xff, 0xff, 0xff,
    0xfa, 0x0, 0x0, 0x4f, 0xf8, 0x0, 0x0, 0x0,
    0x2, 0x9d, 0xff, 0xea, 0x37, 0xcf, 0xff, 0xc6,
    0x0, 0x0, 0x4, 0xff, 0x80, 0x0, 0x0, 0x0,
    0x0, 0x0, 0x0, 0x0, 0x0, 0x0, 0x0, 0x0,
    0x0, 0x0, 0x5f, 0xf8, 0x0, 0x0, 0x0, 0x0,
    0x0, 0x0, 0x0, 0x0, 0x0, 0x0, 0x0, 0x0,
    0x0, 0x9, 0xff, 0x60, 0x0, 0x0, 0x0, 0x0,
    0x0, 0x0, 0x0, 0x0, 0x0, 0x0, 0x0, 0x0,
    0x27, 0xff, 0xf2, 0x0, 0x0, 0x0, 0x0, 0x0,
    0x0, 0x0, 0x0, 0x0, 0x0, 0x0, 0x0, 0xef,
    0xff, 0xfa, 0x0, 0x0, 0x0, 0x0, 0x0, 0x0,
    0x0, 0x0, 0x0, 0x0, 0x0, 0x0, 0xb, 0xff,
    0xfc, 0x10, 0x0, 0x0, 0x0, 0x0, 0x0, 0x0,
    0x0, 0x0, 0x0, 0x0, 0x0, 0x0, 0x9f, 0xd7,
    0x0, 0x0, 0x0, 0x0, 0x0, 0x0, 0x0, 0x0,
    0x0, 0x0, 0x0, 0x0, 0x0, 0x0, 0x0, 0x0,
    0x0, 0x0, 0x0, 0x0, 0x0, 0x0, 0x0, 0x0,
    0x0, 0x0, 0x0, 0x0, 0x0,

    /* U+FD0F "ﴏ" */
    0x0, 0x0, 0x0, 0x0, 0x0, 0x0, 0x0, 0x0,
    0x0, 0x0, 0x0, 0x0, 0x13, 0x31, 0x0, 0x0,
    0x0, 0x0, 0x0, 0x0, 0x0, 0x0, 0x0, 0x0,
    0x0, 0x0, 0x0, 0x0, 0x18, 0xdf, 0xff, 0xfe,
    0x91, 0x0, 0x0, 0x0, 0x0, 0x33, 0x10, 0x0,
    0x0, 0x13, 0x31, 0x0, 0x0, 0x5e, 0xff, 0xff,
    0xff, 0xff, 0xf5, 0x0, 0x0, 0x0, 0x4f, 0xf8,
    0x0, 0x0, 0x6, 0xff, 0x60, 0x0, 0x6f, 0xff,
    0xff, 0xff, 0xff, 0xff, 0xf4, 0x0, 0x0, 0x5,
    0xff, 0x91, 0x0, 0x1, 0x8f, 0xf6, 0x0, 0x4f,
    0xff, 0xe8, 0x30, 0x2, 0x7e, 0xff, 0xe0, 0x0,
    0x0, 0x5f, 0xff, 0xff, 0xff, 0xff, 0xff, 0x60,
    0xe, 0xff, 0xb1, 0x0, 0x0, 0x0, 0x1e, 0xff,
    0x60, 0x0, 0x5, 0xff, 0xff, 0xff, 0xff, 0xff,
    0xf6, 0x7, 0xff, 0xc0, 0x0, 0x0, 0x0, 0x0,
    0x5f, 0xfb, 0x0, 0x0, 0x5f, 0xff, 0xff, 0xff,
    0xff, 0xff, 0x60, 0xef, 0xf1, 0x0, 0x0, 0x0,
    0x0, 0x0, 0xff, 0xf0, 0x0, 0x4, 0xff, 0x82,
    0x33, 0x21, 0x6f, 0xf6, 0x4f, 0xf8, 0x0, 0x0,
    0x0, 0x0, 0x0, 0xc, 0xff, 0x10, 0x0, 0x4f,
    0xf8, 0x0, 0x0, 0x6, 0xff, 0x68, 0xff, 0x10,
    0x0, 0x0, 0x0, 0x0, 0x0, 0xbf, 0xf1, 0x0,
    0x4, 0xff, 0x80, 0x0, 0x0, 0x6f, 0xf6, 0xcf,
    0xd0, 0x0, 0x0, 0x0, 0x0, 0x0, 0xb, 0xff,
    0x10, 0x0, 0x4f, 0xf8, 0x0, 0x0, 0x5, 0xff,
    0x8f, 0xf9, 0x0, 0x0, 0x0, 0x0, 0x0, 0x0,
    0xbf, 0xf1, 0x0, 0x4, 0xff, 0x80, 0x0, 0x0,
    0x3f, 0xff, 0xff, 0x93, 0x33, 0x33, 0x33, 0x33,
    0x33, 0x3c, 0xff, 0x20, 0x0, 0x4f, 0xf8, 0x0,
    0x0, 0x0, 0xdf, 0xff, 0xff, 0xff, 0xff, 0xff,
    0xff, 0xff, 0xff, 0xff, 0xf3, 0x0, 0x4, 0xff,
    0x80, 0x0, 0x0, 0x3, 0xff, 0xff, 0xff, 0xff,
    0xff, 0xff, 0xff, 0xff, 0xff, 0xff, 0x30, 0x0,
    0x4f, 0xf8, 0x0, 0x0, 0x0, 0x2, 0x9d, 0xff,
    0xff, 0xff, 0xff, 0xff, 0xff, 0xff, 0xff, 0xf3,
    0x0, 0x4, 0xff, 0x80, 0x0, 0x0, 0x0, 0x0,
    0x0, 0x0, 0x0, 0x0, 0x0, 0x0, 0x0, 0x0,
    0x0, 0x0, 0x0, 0x5f, 0xf8, 0x0, 0x0, 0x0,
    0x0, 0x0, 0x0, 0x0, 0x0, 0x0, 0x0, 0x0,
    0x0, 0x0, 0x0, 0x0, 0x9, 0xff, 0x60, 0x0,
    0x0, 0x0, 0x0, 0x0, 0x0, 0x0, 0x0, 0x0,
    0x0, 0x0, 0x0, 0x0, 0x0, 0x27, 0xff, 0xf2,
    0x0, 0x0, 0x0, 0x0, 0x0, 0x0, 0x0, 0x0,
    0x0, 0x0, 0x0, 0x0, 0x0, 0x0, 0xef, 0xff,
    0xfa, 0x0, 0x0, 0x0, 0x0, 0x0, 0x0, 0x0,
    0x0, 0x0, 0x0, 0x0, 0x0, 0x0, 0x0, 0xb,
    0xff, 0xfd, 0x10, 0x0, 0x0, 0x0, 0x0, 0x0,
    0x0, 0x0, 0x0, 0x0, 0x0, 0x0, 0x0, 0x0,
    0x0, 0x9f, 0xd7, 0x0, 0x0, 0x0, 0x0, 0x0,
    0x0, 0x0, 0x0, 0x0, 0x0, 0x0, 0x0, 0x0,
    0x0, 0x0, 0x0, 0x0, 0x0, 0x0, 0x0, 0x0,
    0x0, 0x0, 0x0, 0x0, 0x0, 0x0, 0x0, 0x0,
    0x0, 0x0, 0x0, 0x0,

    /* U+FD10 "ﴐ" */
    0x0, 0x0, 0x0, 0x0, 0x0, 0x0, 0x0, 0x0,
    0x0, 0x0, 0x0, 0x0, 0x3e, 0xe5, 0x0, 0x0,
    0x0, 0x0, 0x0, 0x0, 0x0, 0x0, 0x0, 0x0,
    0x0, 0x0, 0x0, 0x0, 0x0, 0xc, 0xff, 0xe0,
    0x0, 0x0, 0x0, 0x0, 0x0, 0x0, 0x0, 0x0,
    0x0, 0x0, 0x0, 0x0, 0x0, 0x0, 0x0, 0xaf,
    0xfc, 0x0, 0x0, 0x0, 0x0, 0x0, 0x0, 0x0,
    0x0, 0x0, 0x0, 0x0, 0x0, 0x0, 0x0, 0x0,
    0x1, 0xaa, 0x20, 0x0, 0x0, 0x0, 0x0, 0x0,
    0x0, 0x0, 0x0, 0x0, 0x0, 0x0, 0x0, 0x0,
    0x0, 0x0, 0x0, 0x0, 0x0, 0x0, 0x0, 0x0,
    0x0, 0x0, 0x0, 0x0, 0x0, 0x0, 0x0, 0x0,
    0x0, 0x0, 0x0, 0x0, 0x0, 0x0, 0x0, 0x0,
    0x0, 0x0, 0x0, 0x0, 0x0, 0x0, 0x0, 0x0,
    0x0, 0x0, 0x0, 0x0, 0x0, 0x0, 0x0, 0x0,
    0x0, 0x0, 0x0, 0x0, 0x0, 0x0, 0x0, 0x0,
    0x0, 0x0, 0x0, 0x0, 0x0, 0x0, 0x1, 0x33,
    0x10, 0x0, 0x0, 0x0, 0x0, 0x0, 0x0, 0x0,
    0x0, 0x0, 0x0, 0x0, 0x0, 0x0, 0x1, 0x8d,
    0xff, 0xff, 0xe9, 0x10, 0x0, 0x0, 0x0, 0x3,
    0x31, 0x0, 0x0, 0x1, 0x33, 0x10, 0x0, 0x5,
    0xef, 0xff, 0xff, 0xff, 0xff, 0x50, 0x0, 0x0,
    0x4, 0xff, 0x80, 0x0, 0x0, 0x6f, 0xf6, 0x0,
    0x6, 0xff, 0xff, 0xff, 0xff, 0xff, 0xff, 0x40,
    0x0, 0x0, 0x5f, 0xf9, 0x10, 0x0, 0x18, 0xff,
    0x60, 0x4, 0xff, 0xfe, 0x83, 0x0, 0x27, 0xef,
    0xfe, 0x0, 0x0, 0x5, 0xff, 0xff, 0xff, 0xff,
    0xff, 0xf6, 0x0, 0xef, 0xfb, 0x10, 0x0, 0x0,
    0x1, 0xef, 0xf6, 0x0, 0x0, 0x5f, 0xff, 0xff,
    0xff, 0xff, 0xff, 0x60, 0x7f, 0xfc, 0x0, 0x0,
    0x0, 0x0, 0x5, 0xff, 0xb0, 0x0, 0x5, 0xff,
    0xff, 0xff, 0xff, 0xff, 0xf6, 0xe, 0xff, 0x10,
    0x0, 0x0, 0x0, 0x0, 0xf, 0xff, 0x0, 0x0,
    0x4f, 0xf8, 0x23, 0x32, 0x16, 0xff, 0x64, 0xff,
    0x80, 0x0, 0x0, 0x0, 0x0, 0x0, 0xcf, 0xf1,
    0x0, 0x4, 0xff, 0x80, 0x0, 0x0, 0x6f, 0xf6,
    0x8f, 0xf1, 0x0, 0x0, 0x0, 0x0, 0x0, 0xb,
    0xff, 0x10, 0x0, 0x4f, 0xf8, 0x0, 0x0, 0x6,
    0xff, 0x6c, 0xfd, 0x0, 0x0, 0x0, 0x0, 0x0,
    0x0, 0xbf, 0xf1, 0x0, 0x4, 0xff, 0x80, 0x0,
    0x0, 0x5f, 0xf8, 0xff, 0x90, 0x0, 0x0, 0x0,
    0x0, 0x0, 0xb, 0xff, 0x10, 0x0, 0x4f, 0xf8,
    0x0, 0x0, 0x3, 0xff, 0xff, 0xf9, 0x33, 0x33,
    0x33, 0x33, 0x33, 0x33, 0xcf, 0xf2, 0x0, 0x4,
    0xff, 0x80, 0x0, 0x0, 0xd, 0xff, 0xff, 0xff,
    0xff, 0xff, 0xff, 0xff, 0xff, 0xff, 0xff, 0x30,
    0x0, 0x4f, 0xf8, 0x0, 0x0, 0x0, 0x3f, 0xff,
    0xff, 0xff, 0xff, 0xff, 0xff, 0xff, 0xff, 0xff,
    0xf3, 0x0, 0x4, 0xff, 0x80, 0x0, 0x0, 0x0,
    0x29, 0xdf, 0xff, 0xff, 0xff, 0xff, 0xff, 0xff,
    0xff, 0xff, 0x30, 0x0, 0x4f, 0xf8, 0x0, 0x0,
    0x0, 0x0, 0x0, 0x0, 0x0, 0x0, 0x0, 0x0,
    0x0, 0x0, 0x0, 0x0, 0x0, 0x5, 0xff, 0x80,
    0x0, 0x0, 0x0, 0x0, 0x0, 0x0, 0x0, 0x0,
    0x0, 0x0, 0x0, 0x0, 0x0, 0x0, 0x0, 0x9f,
    0xf6, 0x0, 0x0, 0x0, 0x0, 0x0, 0x0, 0x0,
    0x0, 0x0, 0x0, 0x0, 0x0, 0x0, 0x0, 0x2,
    0x7f, 0xff, 0x20, 0x0, 0x0, 0x0, 0x0, 0x0,
    0x0, 0x0, 0x0, 0x0, 0x0, 0x0, 0x0, 0x0,
    0xe, 0xff, 0xff, 0xa0, 0x0, 0x0, 0x0, 0x0,
    0x0, 0x0, 0x0, 0x0, 0x0, 0x0, 0x0, 0x0,
    0x0, 0x0, 0xbf, 0xff, 0xd1, 0x0, 0x0, 0x0,
    0x0, 0x0, 0x0, 0x0, 0x0, 0x0, 0x0, 0x0,
    0x0, 0x0, 0x0, 0x9, 0xfd, 0x70, 0x0, 0x0,
    0x0, 0x0, 0x0, 0x0, 0x0, 0x0, 0x0, 0x0,
    0x0, 0x0, 0x0, 0x0, 0x0, 0x0, 0x0, 0x0,
    0x0, 0x0, 0x0, 0x0, 0x0, 0x0, 0x0, 0x0,
    0x0, 0x0, 0x0, 0x0, 0x0, 0x0, 0x0,

    /* U+FD29 "ﴩ" */
    0x0, 0x0, 0x0, 0x0, 0x0, 0x0, 0x0, 0x0,
    0x0, 0x0, 0x4, 0x50, 0x0, 0x0, 0x0, 0x0,
    0x0, 0x0, 0x0, 0x0, 0x0, 0x0, 0x0, 0x0,
    0x0, 0x0, 0x0, 0x0, 0x7f, 0xfa, 0x0, 0x0,
    0x0, 0x0, 0x0, 0x0, 0x0, 0x0, 0x0, 0x0,
    0x0, 0x0, 0x0, 0x0, 0x0, 0x0, 0x8f, 0xfb,
    0x0, 0x0, 0x0, 0x0, 0x0, 0x0, 0x0, 0x0,
    0x0, 0x0, 0x0, 0x0, 0x0, 0x0, 0x0, 0x4,
    0x67, 0x86, 0x50, 0x0, 0x0, 0x0, 0x0, 0x0,
    0x0, 0x0, 0x0, 0x0, 0x0, 0x0, 0x0, 0x0,
    0x0, 0x6f, 0xf9, 0x6f, 0xf9, 0x0, 0x0, 0x0,
    0x0, 0x0, 0x0, 0x0, 0x0, 0x0, 0x0, 0x0,
    0x0, 0x0, 0x0, 0x9f, 0xfc, 0x9f, 0xfb, 0x0,
    0x0, 0x0, 0x0, 0x0, 0x0, 0x0, 0x0, 0x0,
    0x0, 0x0, 0x0, 0x0, 0x0, 0x2d, 0xe4, 0x2e,
    0xe4, 0x0, 0x0, 0x0, 0x0, 0x0, 0x0, 0x0,
    0x0, 0x0, 0x0, 0x0, 0x0, 0x0, 0x0, 0x0,
    0x0, 0x0, 0x0, 0x0, 0x0, 0x0, 0x0, 0x0,
    0x0, 0x0, 0x0, 0x0, 0x0, 0x0, 0x0, 0x0,
    0x0, 0x0, 0x0, 0x0, 0x0, 0x0, 0x0, 0x0,
    0x0, 0x0, 0x0, 0x0, 0x0, 0x0, 0x0, 0x0,
    0x0, 0x0, 0x0, 0x0, 0x0, 0x0, 0x0, 0x0,
    0x0, 0x0, 0x0, 0x0, 0x0, 0x3, 0xaa, 0x50,
    0x0, 0x0, 0x4a, 0xa4, 0x0, 0x0, 0x0, 0x0,
    0x0, 0x0, 0x9a, 0x90, 0x0, 0x0, 0x0, 0x4,
    0xff, 0x80, 0x0, 0x0, 0x6f, 0xf6, 0x0, 0x0,
    0x14, 0x41, 0x0, 0x0, 0xef, 0xe0, 0x0, 0x0,
    0x0, 0x5, 0xff, 0x91, 0x0, 0x2, 0x9f, 0xf6,
    0x0, 0x0, 0x5f, 0xf7, 0x0, 0x0, 0xef, 0xe0,
    0x0, 0x0, 0x0, 0x5, 0xff, 0xff, 0xff, 0xff,
    0xff, 0xf6, 0x0, 0x0, 0x5f, 0xf7, 0x0, 0x0,
    0xef, 0xe0, 0x0, 0x0, 0x0, 0x5, 0xff, 0xff,
    0xff, 0xff, 0xff, 0xf6, 0x0, 0x0, 0x5f, 0xf7,
    0x0, 0x0, 0xef, 0xe0, 0x0, 0x0, 0x0, 0x5,
    0xff, 0xff, 0xff, 0xff, 0xff, 0xf6, 0x0, 0x0,
    0x5f, 0xf7, 0x0, 0x0, 0xef, 0xe0, 0x0, 0x0,
    0x0, 0x4, 0xff, 0x82, 0x33, 0x21, 0x6f, 0xf6,
    0x0, 0x0, 0x5f, 0xf7, 0x0, 0x0, 0xef, 0xe0,
    0x0, 0x0, 0x0, 0x4, 0xff, 0x80, 0x0, 0x0,
    0x6f, 0xf6, 0x0, 0x0, 0x5f, 0xf7, 0x0, 0x0,
    0xef, 0xe0, 0x0, 0x0, 0x0, 0x4, 0xff, 0x80,
    0x0, 0x0, 0x6f, 0xf6, 0x0, 0x0, 0x5f, 0xf7,
    0x0, 0x0, 0xff, 0xf0, 0x0, 0x0, 0x0, 0x4,
    0xff, 0x80, 0x0, 0x0, 0x5f, 0xf8, 0x0, 0x0,
    0x7f, 0xf6, 0x0, 0x0, 0xff, 0xf0, 0x0, 0x0,
    0x0, 0x4, 0xff, 0x80, 0x0, 0x0, 0x2f, 0xfe,
    0x63, 0x36, 0xef, 0xfa, 0x43, 0x4a, 0xff, 0xfa,
    0x43, 0x30, 0x0, 0x4, 0xff, 0x80, 0x0, 0x0,
    0xd, 0xff, 0xff, 0xff, 0xff, 0xff, 0xff, 0xff,
    0xff, 0xff, 0xff, 0xf4, 0x0, 0x4, 0xff, 0x80,
    0x0, 0x0, 0x3, 0xff, 0xff, 0xff, 0xff, 0xff,
    0xff, 0xff, 0xfe, 0xff, 0xff, 0xf6, 0x0, 0x4,
    0xff, 0x80, 0x0, 0x0, 0x0, 0x29, 0xdf, 0xfe,
    0xa3, 0x7c, 0xff, 0xfc, 0x60, 0x5b, 0xef, 0xf3,
    0x0, 0x4, 0xff, 0x80, 0x0, 0x0, 0x0, 0x0,
    0x0, 0x0, 0x0, 0x0, 0x0, 0x0, 0x0, 0x0,
    0x0, 0x0, 0x0, 0x5, 0xff, 0x80, 0x0, 0x0,
    0x0, 0x0, 0x0, 0x0, 0x0, 0x0, 0x0, 0x0,
    0x0, 0x0, 0x0, 0x0, 0x0, 0x9, 0xff, 0x60,
    0x0, 0x0, 0x0, 0x0, 0x0, 0x0, 0x0, 0x0,
    0x0, 0x0, 0x0, 0x0, 0x0, 0x0, 0x2, 0x7f,
    0xff, 0x20, 0x0, 0x0, 0x0, 0x0, 0x0, 0x0,
    0x0, 0x0, 0x0, 0x0, 0x0, 0x0, 0x0, 0x0,
    0xef, 0xff, 0xfa, 0x0, 0x0, 0x0, 0x0, 0x0,
    0x0, 0x0, 0x0, 0x0, 0x0, 0x0, 0x0, 0x0,
    0x0, 0x0, 0xbf, 0xff, 0xc1, 0x0, 0x0, 0x0,
    0x0, 0x0, 0x0, 0x0, 0x0, 0x0, 0x0, 0x0,
    0x0, 0x0, 0x0, 0x0, 0x9f, 0xd7, 0x0, 0x0,
    0x0, 0x0, 0x0, 0x0, 0x0, 0x0, 0x0, 0x0,
    0x0, 0x0, 0x0, 0x0, 0x0, 0x0, 0x0, 0x0,
    0x0, 0x0, 0x0, 0x0, 0x0, 0x0, 0x0, 0x0,
    0x0, 0x0, 0x0, 0x0, 0x0, 0x0, 0x0, 0x0,

    /* U+FD2A "ﴪ" */
    0x0, 0x2, 0x88, 0x40, 0x0, 0x0, 0x38, 0x83,
    0x0, 0x0, 0x0, 0x0, 0x0, 0x0, 0x78, 0x70,
    0x0, 0x0, 0x0, 0x4, 0xff, 0x80, 0x0, 0x0,
    0x6f, 0xf6, 0x0, 0x0, 0x0, 0x0, 0x0, 0x0,
    0xef, 0xe0, 0x0, 0x0, 0x0, 0x5, 0xff, 0x91,
    0x0, 0x1, 0x8f, 0xf6, 0x0, 0x0, 0x5f, 0xf7,
    0x0, 0x0, 0xef, 0xe0, 0x0, 0x0, 0x0, 0x5,
    0xff, 0xff, 0xff, 0xff, 0xff, 0xf6, 0x0, 0x0,
    0x5f, 0xf7, 0x0, 0x0, 0xef, 0xe0, 0x0, 0x0,
    0x0, 0x5, 0xff, 0xff, 0xff, 0xff, 0xff, 0xf6,
    0x0, 0x0, 0x5f, 0xf7, 0x0, 0x0, 0xef, 0xe0,
    0x0, 0x0, 0x0, 0x5, 0xff, 0xff, 0xff, 0xff,
    0xff, 0xf6, 0x0, 0x0, 0x5f, 0xf7, 0x0, 0x0,
    0xef, 0xe0, 0x0, 0x0, 0x0, 0x4, 0xff, 0x82,
    0x33, 0x21, 0x6f, 0xf6, 0x0, 0x0, 0x5f, 0xf7,
    0x0, 0x0, 0xef, 0xe0, 0x0, 0x0, 0x0, 0x4,
    0xff, 0x80, 0x0, 0x0, 0x6f, 0xf6, 0x0, 0x0,
    0x5f, 0xf7, 0x0, 0x0, 0xef, 0xe0, 0x0, 0x0,
    0x0, 0x4, 0xff, 0x80, 0x0, 0x0, 0x6f, 0xf6,
    0x0, 0x0, 0x5f, 0xf7, 0x0, 0x0, 0xff, 0xf0,
    0x0, 0x0, 0x0, 0x4, 0xff, 0x80, 0x0, 0x0,
    0x5f, 0xf8, 0x0, 0x0, 0x6f, 0xf6, 0x0, 0x0,
    0xff, 0xf0, 0x0, 0x0, 0x0, 0x4, 0xff, 0x80,
    0x0, 0x0, 0x3f, 0xfe, 0x63, 0x36, 0xef, 0xfa,
    0x43, 0x4a, 0xff, 0xfa, 0x43, 0x30, 0x0, 0x4,
    0xff, 0x80, 0x0, 0x0, 0xd, 0xff, 0xff, 0xff,
    0xff, 0xff, 0xff, 0xff, 0xff, 0xff, 0xff, 0xf4,
    0x0, 0x4, 0xff, 0x80, 0x0, 0x0, 0x3, 0xff,
    0xff, 0xff, 0xff, 0xff, 0xff, 0xff, 0xfe, 0xff,
    0xff, 0xf6, 0x0, 0x4, 0xff, 0x80, 0x0, 0x0,
    0x0, 0x29, 0xdf, 0xfe, 0xa3, 0x7c, 0xff, 0xfc,
    0x60, 0x5b, 0xef, 0xf3, 0x0, 0x4, 0xff, 0x80,
    0x0, 0x0, 0x0, 0x0, 0x0, 0x0, 0x0, 0x0,
    0x0, 0x0, 0x0, 0x0, 0x0, 0x0, 0x0, 0x5,
    0xff, 0x80, 0x0, 0x0, 0x0, 0x0, 0x0, 0x0,
    0x0, 0x0, 0x0, 0x0, 0x0, 0x0, 0x0, 0x0,
    0x0, 0x9, 0xff, 0x60, 0x0, 0x0, 0x0, 0x0,
    0x0, 0x0, 0x0, 0x0, 0x0, 0x0, 0x0, 0x0,
    0x0, 0x0, 0x2, 0x7f, 0xff, 0x20, 0x0, 0x0,
    0x0, 0x0, 0x0, 0x0, 0x0, 0x0, 0x0, 0x0,
    0x0, 0x0, 0x0, 0x0, 0xef, 0xff, 0xfa, 0x0,
    0x0, 0x0, 0x0, 0x0, 0x0, 0x0, 0x0, 0x0,
    0x0, 0x0, 0x0, 0x0, 0x0, 0x0, 0xbf, 0xff,
    0xc1, 0x0, 0x0, 0x0, 0x0, 0x0, 0x0, 0x0,
    0x0, 0x0, 0x0, 0x0, 0x0, 0x0, 0x0, 0x0,
    0x9f, 0xd7, 0x0, 0x0, 0x0, 0x0, 0x0, 0x0,
    0x0, 0x0, 0x0, 0x0, 0x0, 0x0, 0x0, 0x0,
    0x0, 0x0, 0x0, 0x0, 0x0, 0x0, 0x0, 0x0,
    0x0, 0x0, 0x0, 0x0, 0x0, 0x0, 0x0, 0x0,
    0x0, 0x0, 0x0, 0x0,

    /* U+FD2B "ﴫ" */
    0x0, 0x0, 0x0, 0x0, 0x0, 0x0, 0x0, 0x0,
    0x0, 0x0, 0x0, 0x0, 0x13, 0x31, 0x0, 0x0,
    0x0, 0x0, 0x0, 0x0, 0x0, 0x0, 0x0, 0x0,
    0x0, 0x0, 0x0, 0x0, 0x0, 0x1, 0x8d, 0xff,
    0xff, 0xe9, 0x10, 0x0, 0x0, 0x0, 0x0, 0x0,
    0x33, 0x10, 0x0, 0x0, 0x13, 0x31, 0x0, 0x0,
    0x5e, 0xff, 0xff, 0xff, 0xff, 0xf5, 0x0, 0x0,
    0x0, 0x0, 0x4, 0xff, 0x80, 0x0, 0x0, 0x6f,
    0xf6, 0x0, 0x6, 0xff, 0xff, 0xff, 0xff, 0xff,
    0xff, 0x40, 0x0, 0x0, 0x0, 0x5, 0xff, 0x91,
    0x0, 0x1, 0x8f, 0xf6, 0x0, 0x4f, 0xff, 0xe8,
    0x30, 0x2, 0x7e, 0xff, 0xe0, 0x0, 0x0, 0x0,
    0x5, 0xff, 0xff, 0xff, 0xff, 0xff, 0xf6, 0x0,
    0xef, 0xfb, 0x10, 0x0, 0x0, 0x1, 0xef, 0xf6,
    0x0, 0x0, 0x0, 0x5, 0xff, 0xff, 0xff, 0xff,
    0xff, 0xf6, 0x7, 0xff, 0xc0, 0x0, 0x0, 0x0,
    0x0, 0x5f, 0xfb, 0x0, 0x0, 0x0, 0x5, 0xff,
    0xff, 0xff, 0xff, 0xff, 0xf6, 0xe, 0xff, 0x10,
    0x0, 0x0, 0x0, 0x0, 0xf, 0xff, 0x0, 0x0,
    0x0, 0x4, 0xff, 0x82, 0x33, 0x21, 0x6f, 0xf6,
    0x4f, 0xf8, 0x0, 0x0, 0x0, 0x0, 0x0, 0xc,
    0xff, 0x10, 0x0, 0x0, 0x4, 0xff, 0x80, 0x0,
    0x0, 0x6f, 0xf6, 0x8f, 0xf1, 0x0, 0x0, 0x0,
    0x0, 0x0, 0xb, 0xff, 0x10, 0x0, 0x0, 0x4,
    0xff, 0x80, 0x0, 0x0, 0x6f, 0xf6, 0xcf, 0xd0,
    0x0, 0x0, 0x0, 0x0, 0x0, 0xb, 0xff, 0x10,
    0x0, 0x0, 0x4, 0xff, 0x80, 0x0, 0x0, 0x5f,
    0xf8, 0xff, 0x90, 0x0, 0x0, 0x0, 0x0, 0x0,
    0xb, 0xff, 0x10, 0x0, 0x0, 0x4, 0xff, 0x80,
    0x0, 0x0, 0x3f, 0xff, 0xff, 0x93, 0x33, 0x33,
    0x33, 0x33, 0x33, 0x3c, 0xff, 0x43, 0x30, 0x0,
    0x4, 0xff, 0x80, 0x0, 0x0, 0xd, 0xff, 0xff,
    0xff, 0xff, 0xff, 0xff, 0xff, 0xff, 0xff, 0xff,
    0xff, 0xf7, 0x0, 0x4, 0xff, 0x80, 0x0, 0x0,
    0x3, 0xff, 0xff, 0xff, 0xff, 0xff, 0xff, 0xff,
    0xff, 0xff, 0xff, 0xff, 0xf8, 0x0, 0x4, 0xff,
    0x80, 0x0, 0x0, 0x0, 0x29, 0xdf, 0xff, 0xff,
    0xff, 0xff, 0xff, 0xff, 0xff, 0xff, 0xff, 0xf5,
    0x0, 0x4, 0xff, 0x80, 0x0, 0x0, 0x0, 0x0,
    0x0, 0x0, 0x0, 0x0, 0x0, 0x0, 0x0, 0x0,
    0x0, 0x0, 0x0, 0x0, 0x5, 0xff, 0x80, 0x0,
    0x0, 0x0, 0x0, 0x0, 0x0, 0x0, 0x0, 0x0,
    0x0, 0x0, 0x0, 0x0, 0x0, 0x0, 0x0, 0x9,
    0xff, 0x60, 0x0, 0x0, 0x0, 0x0, 0x0, 0x0,
    0x0, 0x0, 0x0, 0x0, 0x0, 0x0, 0x0, 0x0,
    0x0, 0x2, 0x7f, 0xff, 0x20, 0x0, 0x0, 0x0,
    0x0, 0x0, 0x0, 0x0, 0x0, 0x0, 0x0, 0x0,
    0x0, 0x0, 0x0, 0x0, 0xef, 0xff, 0xfa, 0x0,
    0x0, 0x0, 0x0, 0x0, 0x0, 0x0, 0x0, 0x0,
    0x0, 0x0, 0x0, 0x0, 0x0, 0x0, 0x0, 0xbf,
    0xff, 0xd1, 0x0, 0x0, 0x0, 0x0, 0x0, 0x0,
    0x0, 0x0, 0x0, 0x0, 0x0, 0x0, 0x0, 0x0,
    0x0, 0x0, 0x9f, 0xd7, 0x0, 0x0, 0x0, 0x0,
    0x0, 0x0, 0x0, 0x0, 0x0, 0x0, 0x0, 0x0,
    0x0, 0x0, 0x0, 0x0, 0x0, 0x0, 0x0, 0x0,
    0x0, 0x0, 0x0, 0x0, 0x0, 0x0, 0x0, 0x0,
    0x0, 0x0, 0x0, 0x0, 0x0, 0x0, 0x0, 0x0,

    /* U+FD2C "ﴬ" */
    0x0, 0x0, 0x0, 0x0, 0x0, 0x0, 0x0, 0x0,
    0x0, 0x0, 0x0, 0x0, 0x3e, 0xe5, 0x0, 0x0,
    0x0, 0x0, 0x0, 0x0, 0x0, 0x0, 0x0, 0x0,
    0x0, 0x0, 0x0, 0x0, 0x0, 0x0, 0x0, 0xcf,
    0xfe, 0x0, 0x0, 0x0, 0x0, 0x0, 0x0, 0x0,
    0x0, 0x0, 0x0, 0x0, 0x0, 0x0, 0x0, 0x0,
    0x0, 0x0, 0xaf, 0xfc, 0x0, 0x0, 0x0, 0x0,
    0x0, 0x0, 0x0, 0x0, 0x0, 0x0, 0x0, 0x0,
    0x0, 0x0, 0x0, 0x0, 0x0, 0x1a, 0xa2, 0x0,
    0x0, 0x0, 0x0, 0x0, 0x0, 0x0, 0x0, 0x0,
    0x0, 0x0, 0x0, 0x0, 0x0, 0x0, 0x0, 0x0,
    0x0, 0x0, 0x0, 0x0, 0x0, 0x0, 0x0, 0x0,
    0x0, 0x0, 0x0, 0x0, 0x0, 0x0, 0x0, 0x0,
    0x0, 0x0, 0x0, 0x0, 0x0, 0x0, 0x0, 0x0,
    0x0, 0x0, 0x0, 0x0, 0x0, 0x0, 0x0, 0x0,
    0x0, 0x0, 0x0, 0x0, 0x0, 0x0, 0x0, 0x0,
    0x0, 0x0, 0x0, 0x0, 0x0, 0x0, 0x0, 0x0,
    0x0, 0x0, 0x0, 0x0, 0x0, 0x0, 0x0, 0x0,
    0x0, 0x13, 0x31, 0x0, 0x0, 0x0, 0x0, 0x0,
    0x0, 0x0, 0x0, 0x0, 0x0, 0x0, 0x0, 0x0,
    0x0, 0x0, 0x1, 0x8d, 0xff, 0xff, 0xe9, 0x10,
    0x0, 0x0, 0x0, 0x0, 0x0, 0x33, 0x10, 0x0,
    0x0, 0x13, 0x31, 0x0, 0x0, 0x5e, 0xff, 0xff,
    0xff, 0xff, 0xf5, 0x0, 0x0, 0x0, 0x0, 0x4,
    0xff, 0x80, 0x0, 0x0, 0x6f, 0xf6, 0x0, 0x6,
    0xff, 0xff, 0xff, 0xff, 0xff, 0xff, 0x40, 0x0,
    0x0, 0x0, 0x5, 0xff, 0x91, 0x0, 0x1, 0x8f,
    0xf6, 0x0, 0x4f, 0xff, 0xe8, 0x30, 0x2, 0x7e,
    0xff, 0xe0, 0x0, 0x0, 0x0, 0x5, 0xff, 0xff,
    0xff, 0xff, 0xff, 0xf6, 0x0, 0xef, 0xfb, 0x10,
    0x0, 0x0, 0x1, 0xef, 0xf6, 0x0, 0x0, 0x0,
    0x5, 0xff, 0xff, 0xff, 0xff, 0xff, 0xf6, 0x7,
    0xff, 0xc0, 0x0, 0x0, 0x0, 0x0, 0x5f, 0xfb,
    0x0, 0x0, 0x0, 0x5, 0xff, 0xff, 0xff, 0xff,
    0xff, 0xf6, 0xe, 0xff, 0x10, 0x0, 0x0, 0x0,
    0x0, 0xf, 0xff, 0x0, 0x0, 0x0, 0x4, 0xff,
    0x82, 0x33, 0x21, 0x6f, 0xf6, 0x4f, 0xf8, 0x0,
    0x0, 0x0, 0x0, 0x0, 0xc, 0xff, 0x10, 0x0,
    0x0, 0x4, 0xff, 0x80, 0x0, 0x0, 0x6f, 0xf6,
    0x8f, 0xf1, 0x0, 0x0, 0x0, 0x0, 0x0, 0xb,
    0xff, 0x10, 0x0, 0x0, 0x4, 0xff, 0x80, 0x0,
    0x0, 0x6f, 0xf6, 0xcf, 0xd0, 0x0, 0x0, 0x0,
    0x0, 0x0, 0xb, 0xff, 0x10, 0x0, 0x0, 0x4,
    0xff, 0x80, 0x0, 0x0, 0x5f, 0xf8, 0xff, 0x90,
    0x0, 0x0, 0x0, 0x0, 0x0, 0xb, 0xff, 0x10,
    0x0, 0x0, 0x4, 0xff, 0x80, 0x0, 0x0, 0x3f,
    0xff, 0xff, 0x93, 0x33, 0x33, 0x33, 0x33, 0x33,
    0x3c, 0xff, 0x43, 0x30, 0x0, 0x4, 0xff, 0x80,
    0x0, 0x0, 0xd, 0xff, 0xff, 0xff, 0xff, 0xff,
    0xff, 0xff, 0xff, 0xff, 0xff, 0xff, 0xf7, 0x0,
    0x4, 0xff, 0x80, 0x0, 0x0, 0x3, 0xff, 0xff,
    0xff, 0xff, 0xff, 0xff, 0xff, 0xff, 0xff, 0xff,
    0xff, 0xf8, 0x0, 0x4, 0xff, 0x80, 0x0, 0x0,
    0x0, 0x29, 0xdf, 0xff, 0xff, 0xff, 0xff, 0xff,
    0xff, 0xff, 0xff, 0xff, 0xf5, 0x0, 0x4, 0xff,
    0x80, 0x0, 0x0, 0x0, 0x0, 0x0, 0x0, 0x0,
    0x0, 0x0, 0x0, 0x0, 0x0, 0x0, 0x0, 0x0,
    0x0, 0x5, 0xff, 0x80, 0x0, 0x0, 0x0, 0x0,
    0x0, 0x0, 0x0, 0x0, 0x0, 0x0, 0x0, 0x0,
    0x0, 0x0, 0x0, 0x0, 0x9, 0xff, 0x60, 0x0,
    0x0, 0x0, 0x0, 0x0, 0x0, 0x0, 0x0, 0x0,
    0x0, 0x0, 0x0, 0x0, 0x0, 0x0, 0x2, 0x7f,
    0xff, 0x20, 0x0, 0x0, 0x0, 0x0, 0x0, 0x0,
    0x0, 0x0, 0x0, 0x0, 0x0, 0x0, 0x0, 0x0,
    0x0, 0xef, 0xff, 0xfa, 0x0, 0x0, 0x0, 0x0,
    0x0, 0x0, 0x0, 0x0, 0x0, 0x0, 0x0, 0x0,
    0x0, 0x0, 0x0, 0x0, 0xbf, 0xff, 0xd1, 0x0,
    0x0, 0x0, 0x0, 0x0, 0x0, 0x0, 0x0, 0x0,
    0x0, 0x0, 0x0, 0x0, 0x0, 0x0, 0x0, 0x9f,
    0xd7, 0x0, 0x0, 0x0, 0x0, 0x0, 0x0, 0x0,
    0x0, 0x0, 0x0, 0x0, 0x0, 0x0, 0x0, 0x0,
    0x0, 0x0, 0x0, 0x0, 0x0, 0x0, 0x0, 0x0,
    0x0, 0x0, 0x0, 0x0, 0x0, 0x0, 0x0, 0x0,
    0x0, 0x0, 0x0, 0x0, 0x0,

    /* U+FD3E "﴾" */
    0x0, 0x0, 0x24, 0x40, 0x0, 0x2, 0xff, 0xd0,
    0x0, 0xa, 0xff, 0x50, 0x0, 0x2f, 0xfd, 0x0,
    0x0, 0x9f, 0xf7, 0x0, 0x0, 0xef, 0xf1, 0x0,
    0x3, 0xff, 0xd0, 0x0, 0x7, 0xff, 0x90, 0x0,
    0xa, 0xff, 0x50, 0x0, 0xd, 0xff, 0x30, 0x0,
    0xe, 0xff, 0x10, 0x0, 0xf, 0xff, 0x0, 0x0,
    0xf, 0xff, 0x0, 0x0, 0xf, 0xff, 0x0, 0x0,
    0xf, 0xff, 0x0, 0x0, 0xe, 0xff, 0x20, 0x0,
    0xc, 0xff, 0x30, 0x0, 0x9, 0xff, 0x60, 0x0,
    0x6, 0xff, 0xa0, 0x0, 0x2, 0xff, 0xe0, 0x0,
    0x0, 0xdf, 0xf3, 0x0, 0x0, 0x7f, 0xf8, 0x0,
    0x0, 0x1f, 0xfe, 0x0, 0x0, 0x8, 0xff, 0x70,
    0x0, 0x0, 0xef, 0xe1,

    /* U+FD3F "﴿" */
    0x14, 0x41, 0x0, 0x2, 0xff, 0xd0, 0x0, 0x9,
    0xff, 0x60, 0x0, 0x2f, 0xfe, 0x0, 0x0, 0xbf,
    0xf4, 0x0, 0x6, 0xff, 0xa0, 0x0, 0x1f, 0xff,
    0x0, 0x0, 0xdf, 0xf3, 0x0, 0xa, 0xff, 0x60,
    0x0, 0x7f, 0xf8, 0x0, 0x5, 0xff, 0xa0, 0x0,
    0x4f, 0xfb, 0x0, 0x4, 0xff, 0xc0, 0x0, 0x4f,
    0xfc, 0x0, 0x4, 0xff, 0xb0, 0x0, 0x6f, 0xfa,
    0x0, 0x8, 0xff, 0x80, 0x0, 0xaf, 0xf5, 0x0,
    0xe, 0xff, 0x20, 0x2, 0xff, 0xe0, 0x0, 0x7f,
    0xf9, 0x0, 0xd, 0xff, 0x30, 0x3, 0xff, 0xc0,
    0x0, 0xbf, 0xf4, 0x0, 0x4f, 0xfa, 0x0, 0x0,

    /* U+FDF2 "ﷲ" */
    0x0, 0x0, 0x0, 0x0, 0x0, 0x0, 0x0, 0x0,
    0x0, 0x0, 0xca, 0x0, 0x0, 0x0, 0x0, 0x0,
    0x0, 0x0, 0x0, 0x0, 0x0, 0x0, 0x0, 0x0,
    0x0, 0x0, 0x0, 0x0, 0x0, 0xc, 0xa0, 0x0,
    0x0, 0x0, 0x0, 0x0, 0x0, 0x0, 0x0, 0x0,
    0x0, 0x0, 0x0, 0x0, 0x0, 0x0, 0x0, 0x0,
    0x0, 0xca, 0x0, 0x0, 0x0, 0x0, 0x0, 0x0,
    0x0, 0x0, 0x0, 0x0, 0x0, 0x0, 0x0, 0x0,
    0x0, 0x0, 0x0, 0x0, 0xc, 0xa0, 0x0, 0x0,
    0x0, 0x0, 0x0, 0x0, 0x0, 0x0, 0x0, 0x0,
    0x0, 0x0, 0x0, 0x0, 0x0, 0x0, 0x0, 0x0,
    0x76, 0x0, 0x0, 0x0, 0x0, 0x0, 0x0, 0x0,
    0x0, 0x0, 0x0, 0x0, 0x0, 0x0, 0x0, 0x0,
    0x0, 0x0, 0x74, 0x0, 0x0, 0x55, 0x0, 0x0,
    0x0, 0x0, 0x0, 0x0, 0x0, 0x0, 0x0, 0x0,
    0x0, 0x0, 0x0, 0x0, 0x0, 0xe, 0x80, 0x88,
    0xa, 0xc0, 0x0, 0x0, 0x0, 0x0, 0x0, 0x0,
    0x0, 0x0, 0x0, 0x0, 0x0, 0x0, 0x0, 0x0,
    0x0, 0xf6, 0xc, 0xc0, 0x8e, 0x0, 0x0, 0x0,
    0x0, 0x0, 0x0, 0x0, 0x0, 0x0, 0x0, 0x0,
    0x0, 0x0, 0x0, 0x0, 0xe, 0xa1, 0xdd, 0x1c,
    0xc0, 0x0, 0x0, 0x0, 0x0, 0x0, 0x0, 0x0,
    0x0, 0x0, 0x0, 0x0, 0x0, 0x0, 0x0, 0x0,
    0x5f, 0xff, 0xff, 0xf4, 0x0, 0x0, 0x0, 0x0,
    0x0, 0x6f, 0xf7, 0x0, 0x0, 0x0, 0x0, 0x0,
    0x0, 0x0, 0x0, 0x0, 0x36, 0x22, 0x63, 0x0,
    0x0, 0x0, 0x0, 0x0, 0x6, 0xff, 0x70, 0x0,
    0x0, 0x0, 0x0, 0x0, 0x0, 0x0, 0x0, 0x0,
    0x0, 0x0, 0x0, 0x0, 0x0, 0x0, 0x0, 0x0,
    0x6f, 0xf7, 0x0, 0x0, 0x0, 0x0, 0x0, 0x0,
    0x0, 0x0, 0x0, 0x0, 0x33, 0x20, 0x0, 0x0,
    0x3, 0x32, 0x0, 0x6, 0xff, 0x70, 0x0, 0x0,
    0x0, 0x0, 0x0, 0x0, 0x0, 0x0, 0x0, 0x1f,
    0xfc, 0x0, 0x0, 0x2, 0xff, 0xb0, 0x0, 0x6f,
    0xf7, 0x0, 0x0, 0x0, 0x0, 0x0, 0x0, 0x0,
    0x0, 0x0, 0x1, 0xff, 0xc0, 0x0, 0x0, 0x2f,
    0xfb, 0x0, 0x6, 0xff, 0x70, 0x0, 0x0, 0x0,
    0x0, 0x0, 0x0, 0x0, 0x0, 0x0, 0x1f, 0xfc,
    0x0, 0x0, 0x2, 0xff, 0xb0, 0x0, 0x6f, 0xf7,
    0x0, 0x0, 0x0, 0x0, 0x0, 0x34, 0x30, 0x0,
    0x0, 0x1, 0xff, 0xc0, 0x0, 0x0, 0x2f, 0xfb,
    0x0, 0x6, 0xff, 0x70, 0x0, 0x0, 0x0, 0x3,
    0x6f, 0xfe, 0x0, 0x0, 0x0, 0x1f, 0xfc, 0x0,
    0x0, 0x2, 0xff, 0xb0, 0x0, 0x6f, 0xf7, 0x0,
    0x0, 0x6, 0xbf, 0xff, 0xff, 0xe0, 0x0, 0x0,
    0x1, 0xff, 0xc0, 0x0, 0x0, 0x2f, 0xfb, 0x0,
    0x6, 0xff, 0x70, 0x0, 0x6e, 0xff, 0xff, 0xff,
    0xfe, 0x0, 0x0, 0x0, 0x1f, 0xfc, 0x0, 0x0,
    0x2, 0xff, 0xb0, 0x0, 0x6f, 0xf7, 0x0, 0xbf,
    0xff, 0xff, 0xfe, 0xff, 0xe0, 0x0, 0x0, 0x1,
    0xff, 0xc0, 0x0, 0x0, 0x2f, 0xfb, 0x0, 0x6,
    0xff, 0x70, 0xbf, 0xff, 0xfa, 0x51, 0xe, 0xfe,
    0x0, 0x0, 0x0, 0x1f, 0xfc, 0x0, 0x0, 0x2,
    0xff, 0xb0, 0x0, 0x6f, 0xf7, 0x4f, 0xff, 0x91,
    0x0, 0x0, 0xef, 0xe0, 0x0, 0x0, 0x1, 0xff,
    0xc0, 0x0, 0x0, 0x2f, 0xfb, 0x0, 0x6, 0xff,
    0x7a, 0xff, 0x80, 0x0, 0x0, 0xe, 0xfe, 0x0,
    0x0, 0x0, 0x1f, 0xfc, 0x0, 0x0, 0x2, 0xff,
    0xb0, 0x0, 0x6f, 0xf7, 0xdf, 0xf0, 0x0, 0x0,
    0x0, 0xef, 0xe0, 0x0, 0x0, 0x1, 0xff, 0xc0,
    0x0, 0x0, 0x2f, 0xfb, 0x0, 0x6, 0xff, 0x7d,
    0xff, 0x0, 0x0, 0x0, 0xe, 0xfe, 0x0, 0x0,
    0x0, 0x1f, 0xfc, 0x0, 0x0, 0x2, 0xff, 0xb0,
    0x0, 0x6f, 0xf7, 0xbf, 0xf7, 0x0, 0x0, 0x0,
    0xef, 0xe0, 0x0, 0x0, 0x1, 0xff, 0xc0, 0x0,
    0x0, 0x2f, 0xfb, 0x0, 0x6, 0xff, 0x76, 0xff,
    0xfa, 0x41, 0x0, 0x1e, 0xff, 0x0, 0x0, 0x0,
    0x3f, 0xfd, 0x0, 0x0, 0x2, 0xff, 0xb0, 0x0,
    0x6f, 0xf7, 0xc, 0xff, 0xff, 0xff, 0xff, 0xff,
    0xfa, 0x43, 0x33, 0x5b, 0xff, 0xf8, 0x43, 0x33,
    0x5f, 0xfb, 0x0, 0x6, 0xff, 0x70, 0x1b, 0xff,
    0xff, 0xff, 0xff, 0xff, 0xff, 0xff, 0xff, 0xff,
    0xff, 0xff, 0xff, 0xff, 0xff, 0xb0, 0x0, 0x6f,
    0xf7, 0x0, 0x4, 0xbf, 0xff, 0xff, 0xfe, 0xff,
    0xff, 0xff, 0xff, 0xfe, 0xff, 0xff, 0xff, 0xff,
    0xfb, 0x0, 0x6, 0xff, 0x70, 0x0, 0x0, 0x1,
    0x33, 0x20, 0x6, 0xbe, 0xff, 0xfe, 0xb4, 0x7,
    0xcf, 0xff, 0xff, 0xff, 0xb0, 0x0, 0x6f, 0xf7,

    /* U+FE80 "ﺀ" */
    0x0, 0x12, 0x20, 0x0, 0x0, 0xa, 0xff, 0xff,
    0xfe, 0xd1, 0x7f, 0xff, 0xff, 0xff, 0xf1, 0xbf,
    0x50, 0x2, 0x44, 0x40, 0x0, 0x0, 0x0, 0x0,
    0x0, 0x0, 0x0, 0x0, 0x0, 0x0, 0x0, 0xa,
    0xdd, 0x0, 0x0, 0x0, 0xc, 0xff, 0x10, 0x0,
    0x0, 0xc, 0xff, 0x10, 0x0, 0x0, 0xc, 0xff,
    0x10, 0x0, 0x0, 0xc, 0xff, 0x10, 0x0, 0x0,
    0xc, 0xff, 0x10, 0x0, 0x0, 0xc, 0xff, 0x10,
    0x0, 0x0, 0xc, 0xff, 0x10, 0x0, 0x0, 0xc,
    0xff, 0x10, 0x0, 0x0, 0xc, 0xff, 0x10, 0x0,
    0x0, 0xc, 0xff, 0x10, 0x0, 0x0, 0xc, 0xff,
    0x10, 0x0, 0x0, 0xc, 0xff, 0x10, 0x0, 0x0,
    0xc, 0xff, 0x10, 0x0, 0x0, 0xc, 0xff, 0x10,
    0x0, 0x0, 0xc, 0xff, 0x10, 0x0, 0x0, 0xc,
    0xff, 0x43, 0x32, 0x0, 0xc, 0xff, 0xff, 0xfe,
    0x0, 0xc, 0xff, 0xff, 0xff, 0x0, 0xc, 0xff,
    0xff, 0xfc,

    /* U+FE82 "ﺂ" */
    0x0, 0x12, 0x20, 0x0, 0x0, 0xa, 0xff, 0xff,
    0xfe, 0xd1, 0x7f, 0xff, 0xff, 0xff, 0xf1, 0xbf,
    0x50, 0x2, 0x44, 0x40, 0x0, 0x0, 0x0, 0x0,
    0x0, 0x0, 0x0, 0x0, 0x0, 0x0, 0x0, 0xa,
    0xdd, 0x0, 0x0, 0x0, 0xc, 0xff, 0x10, 0x0,
    0x0, 0xc, 0xff, 0x10, 0x0, 0x0, 0xc, 0xff,
    0x10, 0x0, 0x0, 0xc, 0xff, 0x10, 0x0, 0x0,
    0xc, 0xff, 0x10, 0x0, 0x0, 0xc, 0xff, 0x10,
    0x0, 0x0, 0xc, 0xff, 0x10, 0x0, 0x0, 0xc,
    0xff, 0x10, 0x0, 0x0, 0xc, 0xff, 0x10, 0x0,
    0x0, 0xc, 0xff, 0x10, 0x0, 0x0, 0xc, 0xff,
    0x10, 0x0, 0x0, 0xc, 0xff, 0x10, 0x0, 0x0,
    0xc, 0xff, 0x10, 0x0, 0x0, 0xc, 0xff, 0x10,
    0x0, 0x0, 0xc, 0xff, 0x10, 0x0, 0x0, 0xc,
    0xff, 0x43, 0x32, 0x0, 0xc, 0xff, 0xff, 0xfe,
    0x0, 0xc, 0xff, 0xff, 0xff, 0x0, 0xc, 0xff,
    0xff, 0xfc,

    /* U+FE83 "ﺃ" */
    0x0, 0x6c, 0xec, 0x20, 0x0, 0x6f, 0xff, 0xd0,
    0x0, 0xc, 0xf4, 0x1, 0x0, 0x0, 0xbf, 0x40,
    0x0, 0x0, 0x4f, 0xff, 0xff, 0xa0, 0x4, 0xff,
    0xff, 0xf9, 0x0, 0x0, 0x0, 0x0, 0x0, 0x0,
    0x0, 0x0, 0x0, 0x0, 0x0, 0xad, 0xd0, 0x0,
    0x0, 0xc, 0xff, 0x10, 0x0, 0x0, 0xcf, 0xf1,
    0x0, 0x0, 0xc, 0xff, 0x10, 0x0, 0x0, 0xcf,
    0xf1, 0x0, 0x0, 0xc, 0xff, 0x10, 0x0, 0x0,
    0xcf, 0xf1, 0x0, 0x0, 0xc, 0xff, 0x10, 0x0,
    0x0, 0xcf, 0xf1, 0x0, 0x0, 0xc, 0xff, 0x10,
    0x0, 0x0, 0xcf, 0xf1, 0x0, 0x0, 0xc, 0xff,
    0x10, 0x0, 0x0, 0xcf, 0xf1, 0x0, 0x0, 0xc,
    0xff, 0x10, 0x0, 0x0, 0xcf, 0xf1, 0x0, 0x0,
    0xc, 0xff, 0x10, 0x0, 0x0, 0xcf, 0xf4, 0x33,
    0x20, 0xc, 0xff, 0xff, 0xfe, 0x0, 0xcf, 0xff,
    0xff, 0xf0, 0xc, 0xff, 0xff, 0xfc,

    /* U+FE84 "ﺄ" */
    0x0, 0x6c, 0xec, 0x20, 0x0, 0x6f, 0xff, 0xd0,
    0x0, 0xc, 0xf4, 0x1, 0x0, 0x0, 0xbf, 0x40,
    0x0, 0x0, 0x4f, 0xff, 0xff, 0xa0, 0x4, 0xff,
    0xff, 0xf9, 0x0, 0x0, 0x0, 0x0, 0x0, 0x0,
    0x0, 0x0, 0x0, 0x0, 0x0, 0xad, 0xd0, 0x0,
    0x0, 0xc, 0xff, 0x10, 0x0, 0x0, 0xcf, 0xf1,
    0x0, 0x0, 0xc, 0xff, 0x10, 0x0, 0x0, 0xcf,
    0xf1, 0x0, 0x0, 0xc, 0xff, 0x10, 0x0, 0x0,
    0xcf, 0xf1, 0x0, 0x0, 0xc, 0xff, 0x10, 0x0,
    0x0, 0xcf, 0xf1, 0x0, 0x0, 0xc, 0xff, 0x10,
    0x0, 0x0, 0xcf, 0xf1, 0x0, 0x0, 0xc, 0xff,
    0x10, 0x0, 0x0, 0xcf, 0xf1, 0x0, 0x0, 0xc,
    0xff, 0x10, 0x0, 0x0, 0xcf, 0xf1, 0x0, 0x0,
    0xc, 0xff, 0x10, 0x0, 0x0, 0xcf, 0xf4, 0x33,
    0x20, 0xc, 0xff, 0xff, 0xfe, 0x0, 0xcf, 0xff,
    0xff, 0xf0, 0xc, 0xff, 0xff, 0xfc,

    /* U+FE86 "ﺆ" */
    0x0, 0x0, 0x8, 0xef, 0xd2, 0x0, 0x0, 0x0,
    0x0, 0x0, 0x8, 0xff, 0xfd, 0x0, 0x0, 0x0,
    0x0, 0x0, 0x0, 0xbf, 0x30, 0x0, 0x0, 0x0,
    0x0, 0x0, 0x0, 0x3f, 0xff, 0xff, 0xa0, 0x0,
    0x0, 0x0, 0x0, 0x3, 0xff, 0xff, 0xfb, 0x0,
    0x0, 0x0, 0x0, 0x0, 0x0, 0x0, 0x0, 0x0,
    0x0, 0x0, 0x0, 0x0, 0x0, 0x0, 0x0, 0x0,
    0x0, 0x0, 0x0, 0x0, 0x0, 0x0, 0x0, 0x0,
    0x0, 0x0, 0x0, 0x0, 0x0, 0x0, 0x0, 0x23,
    0x20, 0x0, 0x0, 0x0, 0x0, 0x0, 0x2a, 0xff,
    0xff, 0xfa, 0x40, 0x0, 0x0, 0x0, 0x5f, 0xff,
    0xff, 0xff, 0xff, 0xb0, 0x0, 0x0, 0x5f, 0xff,
    0xff, 0xff, 0xff, 0xfc, 0x0, 0x0, 0xe, 0xff,
    0xe6, 0x10, 0x16, 0xff, 0xc0, 0x0, 0x6, 0xff,
    0xd1, 0x0, 0x0, 0xf, 0xfc, 0x0, 0x0, 0xbf,
    0xf4, 0x0, 0x0, 0x0, 0xff, 0xc0, 0x0, 0xd,
    0xff, 0x0, 0x0, 0x0, 0xf, 0xfc, 0x0, 0x0,
    0xdf, 0xf0, 0x0, 0x0, 0x0, 0xff, 0xc0, 0x0,
    0xb, 0xff, 0x40, 0x0, 0x0, 0xf, 0xfc, 0x0,
    0x0, 0x7f, 0xfd, 0x10, 0x0, 0x0, 0xff, 0xc0,
    0x0, 0x0, 0xef, 0xfe, 0x84, 0x33, 0x4f, 0xfd,
    0x33, 0x31, 0x4, 0xff, 0xff, 0xff, 0xff, 0xff,
    0xff, 0xff, 0x90, 0x5, 0xff, 0xff, 0xff, 0xff,
    0xff, 0xff, 0xfa, 0x0, 0x1, 0x8c, 0xff, 0xff,
    0xff, 0xff, 0xff, 0x80, 0x0, 0x0, 0x0, 0x0,
    0xf, 0xfc, 0x0, 0x0, 0x0, 0x0, 0x0, 0x0,
    0x1, 0xff, 0xc0, 0x0, 0x0, 0x0, 0x0, 0x0,
    0x0, 0x4f, 0xfa, 0x0, 0x0, 0x0, 0x0, 0x0,
    0x0, 0x4e, 0xff, 0x60, 0x0, 0x0, 0xcf, 0xff,
    0xff, 0xff, 0xff, 0xe1, 0x0, 0x0, 0xc, 0xff,
    0xff, 0xff, 0xff, 0xf4, 0x0, 0x0, 0x0, 0xcf,
    0xff, 0xff, 0xff, 0xb2, 0x0, 0x0, 0x0, 0x2,
    0x33, 0x33, 0x32, 0x0, 0x0, 0x0, 0x0, 0x0,

    /* U+FE88 "ﺈ" */
    0x0, 0xcf, 0xf1, 0x0, 0x0, 0xc, 0xff, 0x10,
    0x0, 0x0, 0xcf, 0xf1, 0x0, 0x0, 0xc, 0xff,
    0x10, 0x0, 0x0, 0xcf, 0xf1, 0x0, 0x0, 0xc,
    0xff, 0x10, 0x0, 0x0, 0xcf, 0xf1, 0x0, 0x0,
    0xc, 0xff, 0x10, 0x0, 0x0, 0xcf, 0xf1, 0x0,
    0x0, 0xc, 0xff, 0x10, 0x0, 0x0, 0xcf, 0xf1,
    0x0, 0x0, 0xc, 0xff, 0x10, 0x0, 0x0, 0xcf,
    0xf1, 0x0, 0x0, 0xc, 0xff, 0x10, 0x0, 0x0,
    0xcf, 0xf1, 0x0, 0x0, 0xc, 0xff, 0x10, 0x0,
    0x0, 0xcf, 0xf1, 0x0, 0x0, 0xc, 0xff, 0x10,
    0x0, 0x0, 0xcf, 0xf1, 0x0, 0x0, 0xc, 0xff,
    0x43, 0x32, 0x0, 0xcf, 0xff, 0xff, 0xe0, 0xc,
    0xff, 0xff, 0xff, 0x0, 0xcf, 0xff, 0xff, 0xc0,
    0x0, 0x0, 0x0, 0x0, 0x0, 0x0, 0x0, 0x0,
    0x0, 0x6, 0xce, 0xc2, 0x0, 0x6, 0xff, 0xfe,
    0x0, 0x0, 0xcf, 0x40, 0x10, 0x0, 0xb, 0xf4,
    0x0, 0x0, 0x4, 0xff, 0xff, 0xfa, 0x0, 0x4f,
    0xff, 0xff, 0x90, 0x0,

    /* U+FE8A "ﺊ" */
    0x3, 0xcf, 0xf9, 0x0, 0x0, 0x0, 0x0, 0x0,
    0x0, 0x0, 0x0, 0x0, 0x0, 0x1f, 0xff, 0xf6,
    0x0, 0x0, 0x0, 0x0, 0x0, 0x0, 0x0, 0x0,
    0x0, 0x0, 0x3f, 0xa0, 0x0, 0x0, 0x0, 0x0,
    0x0, 0x0, 0x0, 0x0, 0x0, 0x0, 0x0, 0xbf,
    0xff, 0xff, 0x20, 0x0, 0x0, 0x0, 0x0, 0x0,
    0x0, 0x0, 0x0, 0x0, 0xcf, 0xff, 0xff, 0x30,
    0x0, 0x0, 0x0, 0x0, 0x0, 0x0, 0x0, 0x0,
    0x0, 0x0, 0x0, 0x0, 0x0, 0x0, 0x0, 0x0,
    0x0, 0x0, 0x0, 0x0, 0x0, 0x0, 0x0, 0x0,
    0x0, 0x0, 0x0, 0x0, 0x0, 0x0, 0x0, 0x0,
    0x0, 0x0, 0x0, 0x0, 0x0, 0x0, 0x0, 0x0,
    0x0, 0x0, 0x0, 0x0, 0x0, 0x0, 0x0, 0x0,
    0x8, 0xeb, 0x10, 0x0, 0x0, 0x0, 0x0, 0x0,
    0x2b, 0x74, 0x33, 0x33, 0x20, 0xb, 0xff, 0x10,
    0x0, 0x0, 0x0, 0x0, 0x1, 0xef, 0xff, 0xff,
    0xff, 0xf0, 0xd, 0xff, 0x0, 0x0, 0x0, 0x0,
    0x0, 0x6, 0xff, 0xff, 0xff, 0xff, 0xf0, 0xd,
    0xff, 0x0, 0x0, 0x0, 0x0, 0x0, 0x0, 0x3a,
    0xff, 0xff, 0xff, 0xe0, 0xd, 0xff, 0x0, 0x0,
    0x0, 0x0, 0x0, 0x0, 0x0, 0x5, 0xcf, 0xff,
    0x20, 0xb, 0xff, 0x30, 0x0, 0x0, 0x0, 0x0,
    0x0, 0x0, 0x0, 0xa, 0xff, 0x70, 0x8, 0xff,
    0xa0, 0x0, 0x0, 0x0, 0x0, 0x0, 0x0, 0x0,
    0x6, 0xff, 0x70, 0x2, 0xff, 0xf6, 0x0, 0x0,
    0x0, 0x0, 0x0, 0x0, 0x0, 0x1d, 0xff, 0x50,
    0x0, 0xaf, 0xff, 0x91, 0x0, 0x0, 0x0, 0x0,
    0x0, 0x6, 0xef, 0xff, 0x0, 0x0, 0x1d, 0xff,
    0xff, 0xc8, 0x54, 0x33, 0x45, 0x7b, 0xff, 0xff,
    0xf5, 0x0, 0x0, 0x1, 0xcf, 0xff, 0xff, 0xff,
    0xff, 0xff, 0xff, 0xff, 0xff, 0x60, 0x0, 0x0,
    0x0, 0x6, 0xdf, 0xff, 0xff, 0xff, 0xff, 0xff,
    0xff, 0xa2, 0x0, 0x0, 0x0, 0x0, 0x0, 0x3,
    0x8b, 0xdf, 0xff, 0xfe, 0xc9, 0x51, 0x0, 0x0,
    0x0,

    /* U+FE8B "ﺋ" */
    0x0, 0x0, 0x2b, 0xff, 0xb0, 0x0, 0x0, 0xef,
    0xfe, 0x80, 0x0, 0x1, 0xfc, 0x0, 0x0, 0x0,
    0x9, 0xff, 0xff, 0xf4, 0x0, 0xa, 0xff, 0xff,
    0xf5, 0x0, 0x0, 0x0, 0x0, 0x0, 0x0, 0x0,
    0x0, 0x0, 0x0, 0x0, 0x0, 0x0, 0x0, 0x0,
    0x0, 0x0, 0x8, 0x86, 0x0, 0x0, 0x0, 0x1f,
    0xfc, 0x0, 0x0, 0x0, 0x1f, 0xfc, 0x0, 0x0,
    0x0, 0x1f, 0xfc, 0x0, 0x0, 0x0, 0x1f, 0xfc,
    0x0, 0x0, 0x0, 0x1f, 0xfc, 0x0, 0x0, 0x0,
    0x1f, 0xfc, 0x0, 0x0, 0x0, 0x1f, 0xfc, 0x0,
    0x0, 0x0, 0x1f, 0xfc, 0x0, 0x0, 0x0, 0x1f,
    0xfc, 0x0, 0x3, 0x33, 0x4f, 0xfc, 0x0, 0x7f,
    0xff, 0xff, 0xfc, 0x0, 0x8f, 0xff, 0xff, 0xfc,
    0x0, 0x6f, 0xff, 0xff, 0xfc, 0x0,

    /* U+FE8C "ﺌ" */
    0x0, 0x0, 0x9, 0xef, 0xd1, 0x0, 0x0, 0x0,
    0xa, 0xff, 0xec, 0x0, 0x0, 0x0, 0x0, 0xdf,
    0x20, 0x0, 0x0, 0x0, 0x0, 0x5f, 0xff, 0xff,
    0x90, 0x0, 0x0, 0x5, 0xff, 0xff, 0xf9, 0x0,
    0x0, 0x0, 0x0, 0x0, 0x0, 0x0, 0x0, 0x0,
    0x0, 0x0, 0x0, 0x0, 0x0, 0x0, 0x0, 0x0,
    0x0, 0x0, 0x0, 0x0, 0x0, 0x0, 0x6, 0x88,
    0x0, 0x0, 0x0, 0x0, 0x0, 0xcf, 0xf0, 0x0,
    0x0, 0x0, 0x0, 0xc, 0xff, 0x0, 0x0, 0x0,
    0x0, 0x0, 0xcf, 0xf0, 0x0, 0x0, 0x0, 0x0,
    0xc, 0xff, 0x0, 0x0, 0x0, 0x0, 0x0, 0xcf,
    0xf0, 0x0, 0x0, 0x0, 0x0, 0xc, 0xff, 0x0,
    0x0, 0x0, 0x0, 0x0, 0xcf, 0xf0, 0x0, 0x0,
    0x0, 0x0, 0xd, 0xff, 0x0, 0x0, 0x0, 0x0,
    0x0, 0xef, 0xf2, 0x0, 0x0, 0x3, 0x34, 0x9f,
    0xff, 0xb4, 0x33, 0x7, 0xff, 0xff, 0xff, 0xff,
    0xff, 0xf6, 0x8f, 0xff, 0xff, 0xef, 0xff, 0xff,
    0x86, 0xff, 0xec, 0x60, 0x5b, 0xef, 0xf5,

    /* U+FE8D "ﺍ" */
    0xcf, 0xf1, 0x0, 0xc, 0xff, 0x10, 0x0, 0xcf,
    0xf1, 0x0, 0xc, 0xff, 0x10, 0x0, 0xcf, 0xf1,
    0x0, 0xc, 0xff, 0x10, 0x0, 0xcf, 0xf1, 0x0,
    0xc, 0xff, 0x10, 0x0, 0xcf, 0xf1, 0x0, 0xc,
    0xff, 0x10, 0x0, 0xcf, 0xf1, 0x0, 0xc, 0xff,
    0x10, 0x0, 0xcf, 0xf1, 0x0, 0xc, 0xff, 0x10,
    0x0, 0xcf, 0xf1, 0x0, 0xc, 0xff, 0x10, 0x0,
    0xcf, 0xf1, 0x0, 0xc, 0xff, 0x10, 0x0, 0xcf,
    0xf1, 0x0, 0xc, 0xff, 0x43, 0x32, 0xcf, 0xff,
    0xff, 0xec, 0xff, 0xff, 0xff, 0xcf, 0xff, 0xff,
    0xc0,

    /* U+FE8E "ﺎ" */
    0xcf, 0xf1, 0x0, 0xc, 0xff, 0x10, 0x0, 0xcf,
    0xf1, 0x0, 0xc, 0xff, 0x10, 0x0, 0xcf, 0xf1,
    0x0, 0xc, 0xff, 0x10, 0x0, 0xcf, 0xf1, 0x0,
    0xc, 0xff, 0x10, 0x0, 0xcf, 0xf1, 0x0, 0xc,
    0xff, 0x10, 0x0, 0xcf, 0xf1, 0x0, 0xc, 0xff,
    0x10, 0x0, 0xcf, 0xf1, 0x0, 0xc, 0xff, 0x10,
    0x0, 0xcf, 0xf1, 0x0, 0xc, 0xff, 0x10, 0x0,
    0xcf, 0xf1, 0x0, 0xc, 0xff, 0x10, 0x0, 0xcf,
    0xf1, 0x0, 0xc, 0xff, 0x43, 0x32, 0xcf, 0xff,
    0xff, 0xec, 0xff, 0xff, 0xff, 0xcf, 0xff, 0xff,
    0xc0,

    /* U+FE90 "ﺐ" */
    0x0, 0x0, 0x0, 0x0, 0x0, 0x0, 0x0, 0x0,
    0x0, 0x5, 0x88, 0x10, 0x0, 0x0, 0x14, 0x0,
    0x0, 0x0, 0x0, 0x0, 0x0, 0x0, 0x0, 0xaf,
    0xf3, 0x0, 0x0, 0x9, 0xfd, 0x10, 0x0, 0x0,
    0x0, 0x0, 0x0, 0x0, 0xa, 0xff, 0x30, 0x0,
    0x1, 0xff, 0xd0, 0x0, 0x0, 0x0, 0x0, 0x0,
    0x0, 0x0, 0xaf, 0xf3, 0x0, 0x0, 0x5f, 0xf8,
    0x0, 0x0, 0x0, 0x0, 0x0, 0x0, 0x0, 0xa,
    0xff, 0x30, 0x0, 0x8, 0xff, 0x50, 0x0, 0x0,
    0x0, 0x0, 0x0, 0x0, 0x0, 0xaf, 0xf3, 0x0,
    0x0, 0x9f, 0xf4, 0x0, 0x0, 0x0, 0x0, 0x0,
    0x0, 0x0, 0xa, 0xff, 0x30, 0x0, 0x8, 0xff,
    0x50, 0x0, 0x0, 0x0, 0x0, 0x0, 0x0, 0x0,
    0xaf, 0xf3, 0x0, 0x0, 0x6f, 0xfa, 0x0, 0x0,
    0x0, 0x0, 0x0, 0x0, 0x0, 0xb, 0xff, 0x30,
    0x0, 0x1, 0xff, 0xf7, 0x0, 0x0, 0x0, 0x0,
    0x0, 0x0, 0x0, 0xcf, 0xf4, 0x0, 0x0, 0x9,
    0xff, 0xfc, 0x74, 0x33, 0x33, 0x33, 0x33, 0x34,
    0x7f, 0xff, 0xc5, 0x32, 0x0, 0xc, 0xff, 0xff,
    0xff, 0xff, 0xff, 0xff, 0xff, 0xff, 0xff, 0xff,
    0xff, 0xf1, 0x0, 0xa, 0xff, 0xff, 0xff, 0xff,
    0xff, 0xff, 0xff, 0xff, 0xef, 0xff, 0xff, 0x20,
    0x0, 0x3, 0x9d, 0xff, 0xff, 0xff, 0xff, 0xff,
    0xfc, 0x80, 0x3a, 0xef, 0xf0, 0x0, 0x0, 0x0,
    0x0, 0x0, 0x0, 0x0, 0x0, 0x0, 0x0, 0x0,
    0x0, 0x0, 0x0, 0x0, 0x0, 0x0, 0x0, 0x0,
    0x0, 0x0, 0x0, 0x0, 0x0, 0x0, 0x0, 0x0,
    0x0, 0x0, 0x0, 0x0, 0x0, 0x0, 0x0, 0x0,
    0x0, 0x0, 0x0, 0x0, 0x0, 0x0, 0x0, 0x0,
    0x0, 0x0, 0x0, 0x0, 0x0, 0x0, 0x0, 0x0,
    0x0, 0x0, 0x0, 0x0, 0x0, 0x0, 0x0, 0x1,
    0xcf, 0x80, 0x0, 0x0, 0x0, 0x0, 0x0, 0x0,
    0x0, 0x0, 0x0, 0x0, 0x0, 0x8f, 0xff, 0x10,
    0x0, 0x0, 0x0, 0x0, 0x0, 0x0, 0x0, 0x0,
    0x0, 0x0, 0x7, 0xff, 0xf1, 0x0, 0x0, 0x0,
    0x0, 0x0, 0x0, 0x0, 0x0, 0x0, 0x0, 0x0,
    0x8, 0xb4, 0x0, 0x0, 0x0, 0x0, 0x0, 0x0,
    0x0,

    /* U+FE91 "ﺑ" */
    0x0, 0x0, 0x8, 0x86, 0x0, 0x0, 0x1f, 0xfc,
    0x0, 0x0, 0x1f, 0xfc, 0x0, 0x0, 0x1f, 0xfc,
    0x0, 0x0, 0x1f, 0xfc, 0x0, 0x0, 0x1f, 0xfc,
    0x0, 0x0, 0x1f, 0xfc, 0x0, 0x0, 0x1f, 0xfc,
    0x0, 0x0, 0x1f, 0xfc, 0x0, 0x0, 0x1f, 0xfc,
    0x3, 0x33, 0x4f, 0xfc, 0x7f, 0xff, 0xff, 0xfc,
    0x8f, 0xff, 0xff, 0xfc, 0x6f, 0xff, 0xff, 0xfc,
    0x0, 0x0, 0x0, 0x0, 0x0, 0x0, 0x0, 0x0,
    0x0, 0x0, 0x0, 0x0, 0x0, 0x0, 0x0, 0x0,
    0x0, 0x2, 0xdf, 0x70, 0x0, 0x9, 0xff, 0xf1,
    0x0, 0x7, 0xff, 0xf0, 0x0, 0x0, 0x9b, 0x40,

    /* U+FE92 "ﺒ" */
    0x0, 0x0, 0x6, 0x88, 0x0, 0x0, 0x0, 0x0,
    0x0, 0xcf, 0xf0, 0x0, 0x0, 0x0, 0x0, 0xc,
    0xff, 0x0, 0x0, 0x0, 0x0, 0x0, 0xcf, 0xf0,
    0x0, 0x0, 0x0, 0x0, 0xc, 0xff, 0x0, 0x0,
    0x0, 0x0, 0x0, 0xcf, 0xf0, 0x0, 0x0, 0x0,
    0x0, 0xc, 0xff, 0x0, 0x0, 0x0, 0x0, 0x0,
    0xcf, 0xf0, 0x0, 0x0, 0x0, 0x0, 0xd, 0xff,
    0x0, 0x0, 0x0, 0x0, 0x0, 0xef, 0xf2, 0x0,
    0x0, 0x3, 0x34, 0x9f, 0xff, 0xb4, 0x33, 0x7,
    0xff, 0xff, 0xff, 0xff, 0xff, 0xf6, 0x8f, 0xff,
    0xff, 0xef, 0xff, 0xff, 0x86, 0xff, 0xec, 0x60,
    0x5b, 0xef, 0xf5, 0x0, 0x0, 0x0, 0x0, 0x0,
    0x0, 0x0, 0x0, 0x0, 0x0, 0x0, 0x0, 0x0,
    0x0, 0x0, 0x0, 0x0, 0x0, 0x0, 0x0, 0x0,
    0x0, 0x0, 0x0, 0x0, 0x0, 0x0, 0x0, 0x9,
    0xfc, 0x10, 0x0, 0x0, 0x0, 0x3, 0xff, 0xf7,
    0x0, 0x0, 0x0, 0x0, 0x2f, 0xff, 0x50, 0x0,
    0x0, 0x0, 0x0, 0x5b, 0x80, 0x0, 0x0,

    /* U+FE93 "ﺓ" */
    0x0, 0x0, 0x45, 0x0, 0x45, 0x0, 0x0, 0x0,
    0x0, 0x0, 0x6, 0xff, 0x97, 0xff, 0x80, 0x0,
    0x0, 0x0, 0x0, 0x9, 0xff, 0xb9, 0xff, 0xb0,
    0x0, 0x0, 0x0, 0x0, 0x2, 0xee, 0x43, 0xee,
    0x40, 0x0, 0x0, 0x0, 0x0, 0x0, 0x0, 0x0,
    0x0, 0x0, 0x0, 0x0, 0x0, 0x0, 0x0, 0x0,
    0x0, 0x0, 0x0, 0x0, 0x0, 0x0, 0x0, 0x0,
    0x0, 0x0, 0x0, 0x0, 0x0, 0x0, 0x0, 0x0,
    0x0, 0x0, 0x0, 0x2, 0xef, 0xe0, 0x0, 0x0,
    0x0, 0x0, 0x2, 0x8c, 0xff, 0xff, 0xe0, 0x0,
    0x0, 0x0, 0x3, 0xcf, 0xff, 0xff, 0xff, 0xe0,
    0x0, 0x0, 0x0, 0x8f, 0xff, 0xff, 0xff, 0xff,
    0xe0, 0x0, 0x0, 0x9, 0xff, 0xff, 0xc7, 0x30,
    0xef, 0xe0, 0x0, 0x0, 0x3f, 0xff, 0xb3, 0x0,
    0x0, 0xef, 0xe0, 0x0, 0x0, 0xaf, 0xfa, 0x0,
    0x0, 0x0, 0xef, 0xe0, 0x0, 0x0, 0xdf, 0xf1,
    0x0, 0x0, 0x0, 0xef, 0xe0, 0x0, 0x0, 0xdf,
    0xf0, 0x0, 0x0, 0x0, 0xef, 0xe0, 0x0, 0x0,
    0xbf, 0xf6, 0x0, 0x0, 0x0, 0xef, 0xe0, 0x0,
    0x0, 0x6f, 0xff, 0xa4, 0x10, 0x1, 0xef, 0xf0,
    0x0, 0x0, 0xc, 0xff, 0xff, 0xff, 0xff, 0xff,
    0xfa, 0x43, 0x30, 0x1, 0xcf, 0xff, 0xff, 0xff,
    0xff, 0xff, 0xff, 0xf5, 0x0, 0x5, 0xbf, 0xff,
    0xff, 0xfe, 0xff, 0xff, 0xf6, 0x0, 0x0, 0x0,
    0x13, 0x32, 0x0, 0x6c, 0xef, 0xf3,

    /* U+FE94 "ﺔ" */
    0x0, 0x0, 0x45, 0x0, 0x45, 0x0, 0x0, 0x0,
    0x0, 0x0, 0x6, 0xff, 0x97, 0xff, 0x80, 0x0,
    0x0, 0x0, 0x0, 0x9, 0xff, 0xb9, 0xff, 0xb0,
    0x0, 0x0, 0x0, 0x0, 0x2, 0xee, 0x43, 0xee,
    0x40, 0x0, 0x0, 0x0, 0x0, 0x0, 0x0, 0x0,
    0x0, 0x0, 0x0, 0x0, 0x0, 0x0, 0x0, 0x0,
    0x0, 0x0, 0x0, 0x0, 0x0, 0x0, 0x0, 0x0,
    0x0, 0x0, 0x0, 0x0, 0x0, 0x0, 0x0, 0x0,
    0x0, 0x0, 0x0, 0x2, 0xef, 0xe0, 0x0, 0x0,
    0x0, 0x0, 0x2, 0x8c, 0xff, 0xff, 0xe0, 0x0,
    0x0, 0x0, 0x3, 0xcf, 0xff, 0xff, 0xff, 0xe0,
    0x0, 0x0, 0x0, 0x8f, 0xff, 0xff, 0xff, 0xff,
    0xe0, 0x0, 0x0, 0x9, 0xff, 0xff, 0xc7, 0x30,
    0xef, 0xe0, 0x0, 0x0, 0x3f, 0xff, 0xb3, 0x0,
    0x0, 0xef, 0xe0, 0x0, 0x0, 0xaf, 0xfa, 0x0,
    0x0, 0x0, 0xef, 0xe0, 0x0, 0x0, 0xdf, 0xf1,
    0x0, 0x0, 0x0, 0xef, 0xe0, 0x0, 0x0, 0xdf,
    0xf0, 0x0, 0x0, 0x0, 0xef, 0xe0, 0x0, 0x0,
    0xbf, 0xf6, 0x0, 0x0, 0x0, 0xef, 0xe0, 0x0,
    0x0, 0x6f, 0xff, 0xa4, 0x10, 0x1, 0xef, 0xf0,
    0x0, 0x0, 0xc, 0xff, 0xff, 0xff, 0xff, 0xff,
    0xfa, 0x43, 0x30, 0x1, 0xcf, 0xff, 0xff, 0xff,
    0xff, 0xff, 0xff, 0xf5, 0x0, 0x5, 0xbf, 0xff,
    0xff, 0xfe, 0xff, 0xff, 0xf6, 0x0, 0x0, 0x0,
    0x13, 0x32, 0x0, 0x6c, 0xef, 0xf3,

    /* U+FE95 "ﺕ" */
    0x0, 0x0, 0x0, 0x0, 0x36, 0x10, 0x36, 0x10,
    0x0, 0x0, 0x0, 0x0, 0x0, 0x0, 0x0, 0x0,
    0x0, 0x3f, 0xfc, 0x3f, 0xfc, 0x0, 0x0, 0x0,
    0x0, 0x0, 0x0, 0x0, 0x0, 0x0, 0x5, 0xff,
    0xf6, 0xff, 0xf0, 0x0, 0x0, 0x0, 0x0, 0x0,
    0x0, 0x0, 0x0, 0x0, 0xc, 0xf7, 0x1c, 0xf7,
    0x0, 0x0, 0x0, 0x0, 0x0, 0x0, 0x0, 0x0,
    0x0, 0x0, 0x0, 0x0, 0x0, 0x0, 0x0, 0x3,
    0x66, 0x10, 0x0, 0x0, 0x13, 0x0, 0x0, 0x0,
    0x0, 0x0, 0x0, 0x0, 0x0, 0xaf, 0xf3, 0x0,
    0x0, 0x9, 0xfc, 0x10, 0x0, 0x0, 0x0, 0x0,
    0x0, 0x0, 0xa, 0xff, 0x30, 0x0, 0x0, 0xff,
    0xe0, 0x0, 0x0, 0x0, 0x0, 0x0, 0x0, 0x0,
    0xaf, 0xf3, 0x0, 0x0, 0x5f, 0xf8, 0x0, 0x0,
    0x0, 0x0, 0x0, 0x0, 0x0, 0xa, 0xff, 0x30,
    0x0, 0x7, 0xff, 0x50, 0x0, 0x0, 0x0, 0x0,
    0x0, 0x0, 0x0, 0xaf, 0xf3, 0x0, 0x0, 0x9f,
    0xf4, 0x0, 0x0, 0x0, 0x0, 0x0, 0x0, 0x0,
    0xa, 0xff, 0x30, 0x0, 0x8, 0xff, 0x50, 0x0,
    0x0, 0x0, 0x0, 0x0, 0x0, 0x0, 0xaf, 0xf3,
    0x0, 0x0, 0x6f, 0xfa, 0x0, 0x0, 0x0, 0x0,
    0x0, 0x0, 0x0, 0xb, 0xff, 0x30, 0x0, 0x1,
    0xff, 0xf6, 0x0, 0x0, 0x0, 0x0, 0x0, 0x0,
    0x0, 0xcf, 0xf4, 0x0, 0x0, 0x9, 0xff, 0xfc,
    0x74, 0x33, 0x33, 0x33, 0x33, 0x34, 0x7f, 0xff,
    0xc5, 0x32, 0x0, 0xc, 0xff, 0xff, 0xff, 0xff,
    0xff, 0xff, 0xff, 0xff, 0xff, 0xff, 0xff, 0xf1,
    0x0, 0x1a, 0xff, 0xff, 0xff, 0xff, 0xff, 0xff,
    0xff, 0xff, 0xef, 0xff, 0xff, 0x20, 0x0, 0x3,
    0x9d, 0xff, 0xff, 0xff, 0xff, 0xff, 0xfc, 0x81,
    0x3a, 0xef, 0xf0,

    /* U+FE96 "ﺖ" */
    0x0, 0x0, 0x0, 0x0, 0x36, 0x10, 0x36, 0x10,
    0x0, 0x0, 0x0, 0x0, 0x0, 0x0, 0x0, 0x0,
    0x0, 0x3f, 0xfc, 0x3f, 0xfc, 0x0, 0x0, 0x0,
    0x0, 0x0, 0x0, 0x0, 0x0, 0x0, 0x5, 0xff,
    0xf6, 0xff, 0xf0, 0x0, 0x0, 0x0, 0x0, 0x0,
    0x0, 0x0, 0x0, 0x0, 0xc, 0xf7, 0x1c, 0xf7,
    0x0, 0x0, 0x0, 0x0, 0x0, 0x0, 0x0, 0x0,
    0x0, 0x0, 0x0, 0x0, 0x0, 0x0, 0x0, 0x3,
    0x66, 0x10, 0x0, 0x0, 0x13, 0x0, 0x0, 0x0,
    0x0, 0x0, 0x0, 0x0, 0x0, 0xaf, 0xf3, 0x0,
    0x0, 0x9, 0xfc, 0x10, 0x0, 0x0, 0x0, 0x0,
    0x0, 0x0, 0xa, 0xff, 0x30, 0x0, 0x0, 0xff,
    0xe0, 0x0, 0x0, 0x0, 0x0, 0x0, 0x0, 0x0,
    0xaf, 0xf3, 0x0, 0x0, 0x5f, 0xf8, 0x0, 0x0,
    0x0, 0x0, 0x0, 0x0, 0x0, 0xa, 0xff, 0x30,
    0x0, 0x7, 0xff, 0x50, 0x0, 0x0, 0x0, 0x0,
    0x0, 0x0, 0x0, 0xaf, 0xf3, 0x0, 0x0, 0x9f,
    0xf4, 0x0, 0x0, 0x0, 0x0, 0x0, 0x0, 0x0,
    0xa, 0xff, 0x30, 0x0, 0x8, 0xff, 0x50, 0x0,
    0x0, 0x0, 0x0, 0x0, 0x0, 0x0, 0xaf, 0xf3,
    0x0, 0x0, 0x6f, 0xfa, 0x0, 0x0, 0x0, 0x0,
    0x0, 0x0, 0x0, 0xb, 0xff, 0x30, 0x0, 0x1,
    0xff, 0xf6, 0x0, 0x0, 0x0, 0x0, 0x0, 0x0,
    0x0, 0xcf, 0xf4, 0x0, 0x0, 0x9, 0xff, 0xfc,
    0x74, 0x33, 0x33, 0x33, 0x33, 0x34, 0x7f, 0xff,
    0xc5, 0x32, 0x0, 0xc, 0xff, 0xff, 0xff, 0xff,
    0xff, 0xff, 0xff, 0xff, 0xff, 0xff, 0xff, 0xf1,
    0x0, 0x1a, 0xff, 0xff, 0xff, 0xff, 0xff, 0xff,
    0xff, 0xff, 0xef, 0xff, 0xff, 0x20, 0x0, 0x3,
    0x9d, 0xff, 0xff, 0xff, 0xff, 0xff, 0xfc, 0x81,
    0x3a, 0xef, 0xf0,

    /* U+FE97 "ﺗ" */
    0x0, 0x3, 0x61, 0x3, 0x61, 0x0, 0x2, 0xff,
    0xd2, 0xff, 0xd0, 0x0, 0x4f, 0xff, 0x5f, 0xff,
    0x0, 0x0, 0xbf, 0x80, 0xbf, 0x70, 0x0, 0x0,
    0x0, 0x0, 0x0, 0x0, 0x0, 0x0, 0x0, 0x0,
    0x0, 0x0, 0x0, 0x0, 0x0, 0x0, 0x0, 0x0,
    0x0, 0x99, 0x60, 0x0, 0x0, 0x0, 0x1f, 0xfc,
    0x0, 0x0, 0x0, 0x1, 0xff, 0xc0, 0x0, 0x0,
    0x0, 0x1f, 0xfc, 0x0, 0x0, 0x0, 0x1, 0xff,
    0xc0, 0x0, 0x0, 0x0, 0x1f, 0xfc, 0x0, 0x0,
    0x0, 0x1, 0xff, 0xc0, 0x0, 0x0, 0x0, 0x1f,
    0xfc, 0x0, 0x0, 0x0, 0x1, 0xff, 0xc0, 0x0,
    0x0, 0x0, 0x1f, 0xfc, 0x0, 0x0, 0x33, 0x34,
    0xff, 0xc0, 0x0, 0x7f, 0xff, 0xff, 0xfc, 0x0,
    0x8, 0xff, 0xff, 0xff, 0xc0, 0x0, 0x6f, 0xff,
    0xff, 0xfc, 0x0, 0x0,

    /* U+FE98 "ﺘ" */
    0x0, 0x1, 0x63, 0x1, 0x62, 0x0, 0x0, 0x0,
    0xdf, 0xf2, 0xdf, 0xf2, 0x0, 0x0, 0xf, 0xff,
    0x5f, 0xff, 0x40, 0x0, 0x0, 0x8f, 0xb0, 0x8f,
    0xb0, 0x0, 0x0, 0x0, 0x0, 0x0, 0x0, 0x0,
    0x0, 0x0, 0x0, 0x0, 0x0, 0x0, 0x0, 0x0,
    0x0, 0x0, 0x0, 0x0, 0x0, 0x0, 0x0, 0x0,
    0x79, 0x90, 0x0, 0x0, 0x0, 0x0, 0xc, 0xff,
    0x0, 0x0, 0x0, 0x0, 0x0, 0xcf, 0xf0, 0x0,
    0x0, 0x0, 0x0, 0xc, 0xff, 0x0, 0x0, 0x0,
    0x0, 0x0, 0xcf, 0xf0, 0x0, 0x0, 0x0, 0x0,
    0xc, 0xff, 0x0, 0x0, 0x0, 0x0, 0x0, 0xcf,
    0xf0, 0x0, 0x0, 0x0, 0x0, 0xc, 0xff, 0x0,
    0x0, 0x0, 0x0, 0x0, 0xdf, 0xf0, 0x0, 0x0,
    0x0, 0x0, 0xe, 0xff, 0x20, 0x0, 0x0, 0x33,
    0x49, 0xff, 0xfb, 0x43, 0x30, 0x7f, 0xff, 0xff,
    0xff, 0xff, 0xff, 0x68, 0xff, 0xff, 0xfe, 0xff,
    0xff, 0xf8, 0x6f, 0xfe, 0xc6, 0x5, 0xbe, 0xff,
    0x50,

    /* U+FE9A "ﺚ" */
    0x0, 0x0, 0x0, 0x0, 0x1, 0xcf, 0x70, 0x0,
    0x0, 0x0, 0x0, 0x0, 0x0, 0x0, 0x0, 0x0,
    0x0, 0x0, 0x6f, 0xff, 0x0, 0x0, 0x0, 0x0,
    0x0, 0x0, 0x0, 0x0, 0x0, 0x0, 0x0, 0x3,
    0xff, 0xc0, 0x0, 0x0, 0x0, 0x0, 0x0, 0x0,
    0x0, 0x0, 0x0, 0x0, 0x3, 0x64, 0x64, 0x61,
    0x0, 0x0, 0x0, 0x0, 0x0, 0x0, 0x0, 0x0,
    0x0, 0x3, 0xff, 0xc3, 0xff, 0xc0, 0x0, 0x0,
    0x0, 0x0, 0x0, 0x0, 0x0, 0x0, 0x0, 0x5f,
    0xff, 0x6f, 0xff, 0x0, 0x0, 0x0, 0x0, 0x0,
    0x0, 0x0, 0x0, 0x0, 0x1, 0xcf, 0x71, 0xcf,
    0x70, 0x0, 0x0, 0x0, 0x0, 0x0, 0x0, 0x0,
    0x0, 0x0, 0x0, 0x0, 0x0, 0x0, 0x0, 0x0,
    0x36, 0x61, 0x0, 0x0, 0x1, 0x30, 0x0, 0x0,
    0x0, 0x0, 0x0, 0x0, 0x0, 0xa, 0xff, 0x30,
    0x0, 0x0, 0x9f, 0xc1, 0x0, 0x0, 0x0, 0x0,
    0x0, 0x0, 0x0, 0xaf, 0xf3, 0x0, 0x0, 0xf,
    0xfe, 0x0, 0x0, 0x0, 0x0, 0x0, 0x0, 0x0,
    0xa, 0xff, 0x30, 0x0, 0x5, 0xff, 0x80, 0x0,
    0x0, 0x0, 0x0, 0x0, 0x0, 0x0, 0xaf, 0xf3,
    0x0, 0x0, 0x7f, 0xf5, 0x0, 0x0, 0x0, 0x0,
    0x0, 0x0, 0x0, 0xa, 0xff, 0x30, 0x0, 0x9,
    0xff, 0x40, 0x0, 0x0, 0x0, 0x0, 0x0, 0x0,
    0x0, 0xaf, 0xf3, 0x0, 0x0, 0x8f, 0xf5, 0x0,
    0x0, 0x0, 0x0, 0x0, 0x0, 0x0, 0xa, 0xff,
    0x30, 0x0, 0x6, 0xff, 0xa0, 0x0, 0x0, 0x0,
    0x0, 0x0, 0x0, 0x0, 0xbf, 0xf3, 0x0, 0x0,
    0x1f, 0xff, 0x60, 0x0, 0x0, 0x0, 0x0, 0x0,
    0x0, 0xc, 0xff, 0x40, 0x0, 0x0, 0x9f, 0xff,
    0xc7, 0x43, 0x33, 0x33, 0x33, 0x33, 0x47, 0xff,
    0xfc, 0x53, 0x20, 0x0, 0xcf, 0xff, 0xff, 0xff,
    0xff, 0xff, 0xff, 0xff, 0xff, 0xff, 0xff, 0xff,
    0x10, 0x1, 0xaf, 0xff, 0xff, 0xff, 0xff, 0xff,
    0xff, 0xff, 0xfe, 0xff, 0xff, 0xf2, 0x0, 0x0,
    0x39, 0xdf, 0xff, 0xff, 0xff, 0xff, 0xff, 0xc8,
    0x13, 0xae, 0xff, 0x0,

    /* U+FE9B "ﺛ" */
    0x0, 0x0, 0xb, 0xf8, 0x0, 0x0, 0x0, 0x5,
    0xff, 0xf0, 0x0, 0x0, 0x0, 0x2f, 0xfd, 0x0,
    0x0, 0x0, 0x26, 0x46, 0x46, 0x10, 0x0, 0x2f,
    0xfd, 0x2f, 0xfd, 0x0, 0x4, 0xff, 0xf5, 0xff,
    0xf0, 0x0, 0xb, 0xf8, 0xc, 0xf8, 0x0, 0x0,
    0x0, 0x0, 0x0, 0x0, 0x0, 0x0, 0x0, 0x0,
    0x0, 0x0, 0x0, 0x0, 0x0, 0x0, 0x0, 0x0,
    0x0, 0x9, 0x96, 0x0, 0x0, 0x0, 0x1, 0xff,
    0xc0, 0x0, 0x0, 0x0, 0x1f, 0xfc, 0x0, 0x0,
    0x0, 0x1, 0xff, 0xc0, 0x0, 0x0, 0x0, 0x1f,
    0xfc, 0x0, 0x0, 0x0, 0x1, 0xff, 0xc0, 0x0,
    0x0, 0x0, 0x1f, 0xfc, 0x0, 0x0, 0x0, 0x1,
    0xff, 0xc0, 0x0, 0x0, 0x0, 0x1f, 0xfc, 0x0,
    0x0, 0x0, 0x1, 0xff, 0xc0, 0x0, 0x3, 0x33,
    0x4f, 0xfc, 0x0, 0x7, 0xff, 0xff, 0xff, 0xc0,
    0x0, 0x8f, 0xff, 0xff, 0xfc, 0x0, 0x6, 0xff,
    0xff, 0xff, 0xc0, 0x0,

    /* U+FE9C "ﺜ" */
    0x0, 0x0, 0x8, 0xfb, 0x0, 0x0, 0x0, 0x0,
    0x0, 0xff, 0xf4, 0x0, 0x0, 0x0, 0x0, 0xd,
    0xff, 0x20, 0x0, 0x0, 0x0, 0x16, 0x46, 0x46,
    0x20, 0x0, 0x0, 0xd, 0xff, 0x2d, 0xff, 0x20,
    0x0, 0x0, 0xff, 0xf5, 0xff, 0xf4, 0x0, 0x0,
    0x8, 0xfb, 0x8, 0xfb, 0x0, 0x0, 0x0, 0x0,
    0x0, 0x0, 0x0, 0x0, 0x0, 0x0, 0x0, 0x0,
    0x0, 0x0, 0x0, 0x0, 0x0, 0x0, 0x0, 0x0,
    0x0, 0x0, 0x0, 0x7, 0x99, 0x0, 0x0, 0x0,
    0x0, 0x0, 0xcf, 0xf0, 0x0, 0x0, 0x0, 0x0,
    0xc, 0xff, 0x0, 0x0, 0x0, 0x0, 0x0, 0xcf,
    0xf0, 0x0, 0x0, 0x0, 0x0, 0xc, 0xff, 0x0,
    0x0, 0x0, 0x0, 0x0, 0xcf, 0xf0, 0x0, 0x0,
    0x0, 0x0, 0xc, 0xff, 0x0, 0x0, 0x0, 0x0,
    0x0, 0xcf, 0xf0, 0x0, 0x0, 0x0, 0x0, 0xd,
    0xff, 0x0, 0x0, 0x0, 0x0, 0x0, 0xef, 0xf2,
    0x0, 0x0, 0x3, 0x34, 0x9f, 0xff, 0xb4, 0x33,
    0x7, 0xff, 0xff, 0xff, 0xff, 0xff, 0xf6, 0x8f,
    0xff, 0xff, 0xef, 0xff, 0xff, 0x86, 0xff, 0xec,
    0x60, 0x5b, 0xef, 0xf5,

    /* U+FE9E "ﺞ" */
    0x0, 0x0, 0x6a, 0xdf, 0xfe, 0xb6, 0x0, 0x0,
    0x0, 0x0, 0x0, 0x7, 0xff, 0xff, 0xff, 0xff,
    0xfe, 0x50, 0x0, 0x0, 0x0, 0x0, 0x8f, 0xff,
    0xff, 0xff, 0xff, 0xff, 0x70, 0x0, 0x0, 0x0,
    0x2, 0xfd, 0x85, 0x44, 0x59, 0xff, 0xff, 0x40,
    0x0, 0x0, 0x0, 0x2, 0x0, 0x0, 0x0, 0x1,
    0xcf, 0xfc, 0x0, 0x0, 0x0, 0x0, 0x0, 0x0,
    0x0, 0x0, 0x1, 0xef, 0xf2, 0x0, 0x0, 0x0,
    0x0, 0x0, 0x0, 0x0, 0x0, 0x8, 0xff, 0x50,
    0x0, 0x0, 0x0, 0x0, 0x0, 0x0, 0x0, 0x0,
    0x6f, 0xf6, 0x0, 0x0, 0x0, 0x0, 0x0, 0x0,
    0x0, 0x0, 0x6, 0xff, 0x60, 0x0, 0x0, 0x0,
    0x0, 0x0, 0x0, 0x0, 0x0, 0x6f, 0xf6, 0x0,
    0x0, 0x0, 0x0, 0x0, 0x0, 0x0, 0x0, 0x6,
    0xff, 0x60, 0x0, 0x0, 0x0, 0x0, 0x0, 0x23,
    0x33, 0x33, 0x8f, 0xf8, 0x33, 0x30, 0x0, 0x0,
    0x7c, 0xff, 0xff, 0xff, 0xff, 0xff, 0xff, 0xff,
    0x30, 0x3, 0xef, 0xff, 0xff, 0xff, 0xff, 0xff,
    0xff, 0xff, 0xf4, 0x4, 0xff, 0xff, 0xff, 0xff,
    0xff, 0xff, 0xff, 0xff, 0xff, 0x20, 0xef, 0xff,
    0x93, 0x10, 0x0, 0x0, 0x0, 0x0, 0x0, 0x0,
    0x6f, 0xfe, 0x20, 0x0, 0x0, 0x0, 0x0, 0x0,
    0x0, 0x0, 0xb, 0xff, 0x40, 0x0, 0x0, 0x0,
    0xb, 0xfa, 0x0, 0x0, 0x0, 0xdf, 0xf0, 0x0,
    0x0, 0x0, 0x6, 0xff, 0xf3, 0x0, 0x0, 0xd,
    0xff, 0x10, 0x0, 0x0, 0x0, 0x5f, 0xff, 0x20,
    0x0, 0x0, 0xaf, 0xfa, 0x0, 0x0, 0x0, 0x0,
    0x7b, 0x60, 0x0, 0x0, 0x4, 0xff, 0xfc, 0x51,
    0x0, 0x24, 0x0, 0x0, 0x0, 0x0, 0x0, 0x9,
    0xff, 0xff, 0xff, 0xff, 0xf2, 0x0, 0x0, 0x0,
    0x0, 0x0, 0x9, 0xff, 0xff, 0xff, 0xff, 0x70,
    0x0, 0x0, 0x0, 0x0, 0x0, 0x3, 0xaf, 0xff,
    0xff, 0xd6, 0x0, 0x0, 0x0, 0x0, 0x0, 0x0,
    0x0, 0x2, 0x32, 0x0, 0x0, 0x0, 0x0, 0x0,
    0x0,

    /* U+FE9F "ﺟ" */
    0x0, 0x1, 0x7b, 0xef, 0xfd, 0xa5, 0x0, 0x0,
    0x0, 0x0, 0x9f, 0xff, 0xff, 0xff, 0xff, 0xd3,
    0x0, 0x0, 0x0, 0xcf, 0xff, 0xff, 0xff, 0xff,
    0xff, 0x40, 0x0, 0x0, 0x5f, 0xc7, 0x53, 0x46,
    0xaf, 0xff, 0xe1, 0x0, 0x0, 0x1, 0x0, 0x0,
    0x0, 0x3, 0xef, 0xf8, 0x0, 0x0, 0x0, 0x0,
    0x0, 0x0, 0x0, 0x3f, 0xfe, 0x0, 0x0, 0x0,
    0x0, 0x0, 0x0, 0x0, 0xc, 0xff, 0x10, 0x0,
    0x0, 0x0, 0x0, 0x0, 0x0, 0xa, 0xff, 0x20,
    0x0, 0x0, 0x0, 0x0, 0x0, 0x0, 0xa, 0xff,
    0x20, 0x0, 0x0, 0x0, 0x0, 0x0, 0x0, 0xa,
    0xff, 0x20, 0x0, 0x0, 0x0, 0x0, 0x0, 0x0,
    0xa, 0xff, 0x20, 0x3, 0x33, 0x33, 0x33, 0x33,
    0x33, 0x3b, 0xff, 0x51, 0x7f, 0xff, 0xff, 0xff,
    0xff, 0xff, 0xff, 0xff, 0xf4, 0x8f, 0xff, 0xff,
    0xff, 0xff, 0xff, 0xff, 0xff, 0xf2, 0x6f, 0xff,
    0xff, 0xff, 0xff, 0xff, 0xff, 0xff, 0xf0, 0x0,
    0x0, 0x0, 0x0, 0x0, 0x0, 0x0, 0x0, 0x0,
    0x0, 0x0, 0x0, 0x0, 0x0, 0x0, 0x0, 0x0,
    0x0, 0x0, 0x0, 0x0, 0x0, 0x0, 0x0, 0x0,
    0x0, 0x0, 0x0, 0x0, 0x0, 0x0, 0x0, 0x0,
    0x0, 0x0, 0x0, 0x0, 0x0, 0x0, 0x1c, 0xf9,
    0x0, 0x0, 0x0, 0x0, 0x0, 0x0, 0x0, 0x7f,
    0xff, 0x20, 0x0, 0x0, 0x0, 0x0, 0x0, 0x0,
    0x6f, 0xff, 0x10, 0x0, 0x0, 0x0, 0x0, 0x0,
    0x0, 0x8, 0xb5, 0x0, 0x0, 0x0, 0x0,

    /* U+FEA0 "ﺠ" */
    0x0, 0x1, 0x7b, 0xef, 0xfd, 0xa5, 0x0, 0x0,
    0x0, 0x0, 0x0, 0x9, 0xff, 0xff, 0xff, 0xff,
    0xfd, 0x30, 0x0, 0x0, 0x0, 0x0, 0xcf, 0xff,
    0xff, 0xff, 0xff, 0xff, 0x40, 0x0, 0x0, 0x0,
    0x5, 0xfc, 0x75, 0x34, 0x6a, 0xff, 0xfe, 0x10,
    0x0, 0x0, 0x0, 0x1, 0x0, 0x0, 0x0, 0x3,
    0xef, 0xf8, 0x0, 0x0, 0x0, 0x0, 0x0, 0x0,
    0x0, 0x0, 0x3, 0xff, 0xe0, 0x0, 0x0, 0x0,
    0x0, 0x0, 0x0, 0x0, 0x0, 0xc, 0xff, 0x10,
    0x0, 0x0, 0x0, 0x0, 0x0, 0x0, 0x0, 0x0,
    0xaf, 0xf2, 0x0, 0x0, 0x0, 0x0, 0x0, 0x0,
    0x0, 0x0, 0xa, 0xff, 0x20, 0x0, 0x0, 0x0,
    0x0, 0x0, 0x0, 0x0, 0x0, 0xaf, 0xf2, 0x0,
    0x0, 0x0, 0x0, 0x0, 0x0, 0x0, 0x0, 0xa,
    0xff, 0x20, 0x0, 0x0, 0x33, 0x33, 0x33, 0x33,
    0x33, 0x33, 0xbf, 0xf6, 0x33, 0x20, 0x7f, 0xff,
    0xff, 0xff, 0xff, 0xff, 0xff, 0xff, 0xff, 0xff,
    0x8, 0xff, 0xff, 0xff, 0xff, 0xff, 0xff, 0xff,
    0xff, 0xff, 0xf0, 0x6f, 0xff, 0xff, 0xff, 0xff,
    0xff, 0xff, 0xff, 0xff, 0xfe, 0x0, 0x0, 0x0,
    0x0, 0x0, 0x0, 0x0, 0x0, 0x0, 0x0, 0x0,
    0x0, 0x0, 0x0, 0x0, 0x0, 0x0, 0x0, 0x0,
    0x0, 0x0, 0x0, 0x0, 0x0, 0x0, 0x0, 0x0,
    0x0, 0x0, 0x0, 0x0, 0x0, 0x0, 0x0, 0x0,
    0x0, 0x0, 0x0, 0x0, 0x0, 0x0, 0x0, 0x0,
    0x0, 0x0, 0x1, 0xcf, 0x90, 0x0, 0x0, 0x0,
    0x0, 0x0, 0x0, 0x0, 0x0, 0x7f, 0xff, 0x20,
    0x0, 0x0, 0x0, 0x0, 0x0, 0x0, 0x0, 0x6,
    0xff, 0xf1, 0x0, 0x0, 0x0, 0x0, 0x0, 0x0,
    0x0, 0x0, 0x8, 0xb5, 0x0, 0x0, 0x0, 0x0,
    0x0, 0x0,

    /* U+FEA2 "ﺢ" */
    0x0, 0x0, 0x6a, 0xdf, 0xfe, 0xb6, 0x0, 0x0,
    0x0, 0x0, 0x0, 0x7, 0xff, 0xff, 0xff, 0xff,
    0xfe, 0x50, 0x0, 0x0, 0x0, 0x0, 0x8f, 0xff,
    0xff, 0xff, 0xff, 0xff, 0x70, 0x0, 0x0, 0x0,
    0x2, 0xfd, 0x85, 0x44, 0x59, 0xff, 0xff, 0x40,
    0x0, 0x0, 0x0, 0x2, 0x0, 0x0, 0x0, 0x1,
    0xcf, 0xfc, 0x0, 0x0, 0x0, 0x0, 0x0, 0x0,
    0x0, 0x0, 0x1, 0xef, 0xf2, 0x0, 0x0, 0x0,
    0x0, 0x0, 0x0, 0x0, 0x0, 0x8, 0xff, 0x50,
    0x0, 0x0, 0x0, 0x0, 0x0, 0x0, 0x0, 0x0,
    0x6f, 0xf6, 0x0, 0x0, 0x0, 0x0, 0x0, 0x0,
    0x0, 0x0, 0x6, 0xff, 0x60, 0x0, 0x0, 0x0,
    0x0, 0x0, 0x0, 0x0, 0x0, 0x6f, 0xf6, 0x0,
    0x0, 0x0, 0x0, 0x0, 0x0, 0x0, 0x0, 0x6,
    0xff, 0x60, 0x0, 0x0, 0x0, 0x0, 0x0, 0x23,
    0x33, 0x33, 0x8f, 0xf8, 0x33, 0x30, 0x0, 0x0,
    0x7c, 0xff, 0xff, 0xff, 0xff, 0xff, 0xff, 0xff,
    0x30, 0x3, 0xef, 0xff, 0xff, 0xff, 0xff, 0xff,
    0xff, 0xff, 0xf4, 0x4, 0xff, 0xff, 0xff, 0xff,
    0xff, 0xff, 0xff, 0xff, 0xff, 0x20, 0xef, 0xff,
    0x93, 0x10, 0x0, 0x0, 0x0, 0x0, 0x0, 0x0,
    0x6f, 0xfe, 0x20, 0x0, 0x0, 0x0, 0x0, 0x0,
    0x0, 0x0, 0xb, 0xff, 0x40, 0x0, 0x0, 0x0,
    0x0, 0x0, 0x0, 0x0, 0x0, 0xdf, 0xf0, 0x0,
    0x0, 0x0, 0x0, 0x0, 0x0, 0x0, 0x0, 0xd,
    0xff, 0x10, 0x0, 0x0, 0x0, 0x0, 0x0, 0x0,
    0x0, 0x0, 0xaf, 0xfa, 0x0, 0x0, 0x0, 0x0,
    0x0, 0x0, 0x0, 0x0, 0x4, 0xff, 0xfc, 0x51,
    0x0, 0x25, 0x0, 0x0, 0x0, 0x0, 0x0, 0x9,
    0xff, 0xff, 0xff, 0xff, 0xf2, 0x0, 0x0, 0x0,
    0x0, 0x0, 0x9, 0xff, 0xff, 0xff, 0xff, 0x80,
    0x0, 0x0, 0x0, 0x0, 0x0, 0x3, 0xaf, 0xff,
    0xff, 0xd6, 0x0, 0x0, 0x0, 0x0, 0x0, 0x0,
    0x0, 0x2, 0x32, 0x0, 0x0, 0x0, 0x0, 0x0,
    0x0,

    /* U+FEA3 "ﺣ" */
    0x0, 0x1, 0x7b, 0xef, 0xfd, 0xa5, 0x0, 0x0,
    0x0, 0x0, 0x9f, 0xff, 0xff, 0xff, 0xff, 0xd3,
    0x0, 0x0, 0x0, 0xcf, 0xff, 0xff, 0xff, 0xff,
    0xff, 0x40, 0x0, 0x0, 0x5f, 0xc7, 0x53, 0x46,
    0xaf, 0xff, 0xe1, 0x0, 0x0, 0x1, 0x0, 0x0,
    0x0, 0x3, 0xef, 0xf8, 0x0, 0x0, 0x0, 0x0,
    0x0, 0x0, 0x0, 0x3f, 0xfe, 0x0, 0x0, 0x0,
    0x0, 0x0, 0x0, 0x0, 0xc, 0xff, 0x10, 0x0,
    0x0, 0x0, 0x0, 0x0, 0x0, 0xa, 0xff, 0x20,
    0x0, 0x0, 0x0, 0x0, 0x0, 0x0, 0xa, 0xff,
    0x20, 0x0, 0x0, 0x0, 0x0, 0x0, 0x0, 0xa,
    0xff, 0x20, 0x0, 0x0, 0x0, 0x0, 0x0, 0x0,
    0xa, 0xff, 0x20, 0x3, 0x33, 0x33, 0x33, 0x33,
    0x33, 0x3b, 0xff, 0x51, 0x7f, 0xff, 0xff, 0xff,
    0xff, 0xff, 0xff, 0xff, 0xf4, 0x8f, 0xff, 0xff,
    0xff, 0xff, 0xff, 0xff, 0xff, 0xf2, 0x6f, 0xff,
    0xff, 0xff, 0xff, 0xff, 0xff, 0xff, 0xf0,

    /* U+FEA4 "ﺤ" */
    0x0, 0x1, 0x7b, 0xef, 0xfd, 0xa5, 0x0, 0x0,
    0x0, 0x0, 0x0, 0x9, 0xff, 0xff, 0xff, 0xff,
    0xfd, 0x30, 0x0, 0x0, 0x0, 0x0, 0xcf, 0xff,
    0xff, 0xff, 0xff, 0xff, 0x40, 0x0, 0x0, 0x0,
    0x5, 0xfc, 0x75, 0x34, 0x6a, 0xff, 0xfe, 0x10,
    0x0, 0x0, 0x0, 0x1, 0x0, 0x0, 0x0, 0x3,
    0xef, 0xf8, 0x0, 0x0, 0x0, 0x0, 0x0, 0x0,
    0x0, 0x0, 0x3, 0xff, 0xe0, 0x0, 0x0, 0x0,
    0x0, 0x0, 0x0, 0x0, 0x0, 0xc, 0xff, 0x10,
    0x0, 0x0, 0x0, 0x0, 0x0, 0x0, 0x0, 0x0,
    0xaf, 0xf2, 0x0, 0x0, 0x0, 0x0, 0x0, 0x0,
    0x0, 0x0, 0xa, 0xff, 0x20, 0x0, 0x0, 0x0,
    0x0, 0x0, 0x0, 0x0, 0x0, 0xaf, 0xf2, 0x0,
    0x0, 0x0, 0x0, 0x0, 0x0, 0x0, 0x0, 0xa,
    0xff, 0x20, 0x0, 0x0, 0x33, 0x33, 0x33, 0x33,
    0x33, 0x33, 0xbf, 0xf6, 0x33, 0x20, 0x7f, 0xff,
    0xff, 0xff, 0xff, 0xff, 0xff, 0xff, 0xff, 0xff,
    0x8, 0xff, 0xff, 0xff, 0xff, 0xff, 0xff, 0xff,
    0xff, 0xff, 0xf0, 0x6f, 0xff, 0xff, 0xff, 0xff,
    0xff, 0xff, 0xff, 0xff, 0xfe, 0x0,

    /* U+FEA6 "ﺦ" */
    0x0, 0x0, 0x0, 0x2d, 0xf6, 0x0, 0x0, 0x0,
    0x0, 0x0, 0x0, 0x0, 0x0, 0xa, 0xff, 0xf0,
    0x0, 0x0, 0x0, 0x0, 0x0, 0x0, 0x0, 0x0,
    0x9f, 0xfe, 0x0, 0x0, 0x0, 0x0, 0x0, 0x0,
    0x0, 0x0, 0x1, 0x9b, 0x30, 0x0, 0x0, 0x0,
    0x0, 0x0, 0x0, 0x0, 0x0, 0x0, 0x0, 0x0,
    0x0, 0x0, 0x0, 0x0, 0x0, 0x0, 0x0, 0x0,
    0x0, 0x0, 0x0, 0x0, 0x0, 0x0, 0x0, 0x0,
    0x0, 0x0, 0x0, 0x0, 0x0, 0x0, 0x0, 0x0,
    0x0, 0x0, 0x0, 0x6, 0xad, 0xff, 0xeb, 0x60,
    0x0, 0x0, 0x0, 0x0, 0x0, 0x7f, 0xff, 0xff,
    0xff, 0xff, 0xe5, 0x0, 0x0, 0x0, 0x0, 0x8,
    0xff, 0xff, 0xff, 0xff, 0xff, 0xf7, 0x0, 0x0,
    0x0, 0x0, 0x2f, 0xd8, 0x54, 0x45, 0x9f, 0xff,
    0xf4, 0x0, 0x0, 0x0, 0x0, 0x20, 0x0, 0x0,
    0x0, 0x1c, 0xff, 0xc0, 0x0, 0x0, 0x0, 0x0,
    0x0, 0x0, 0x0, 0x0, 0x1e, 0xff, 0x20, 0x0,
    0x0, 0x0, 0x0, 0x0, 0x0, 0x0, 0x0, 0x8f,
    0xf5, 0x0, 0x0, 0x0, 0x0, 0x0, 0x0, 0x0,
    0x0, 0x6, 0xff, 0x60, 0x0, 0x0, 0x0, 0x0,
    0x0, 0x0, 0x0, 0x0, 0x6f, 0xf6, 0x0, 0x0,
    0x0, 0x0, 0x0, 0x0, 0x0, 0x0, 0x6, 0xff,
    0x60, 0x0, 0x0, 0x0, 0x0, 0x0, 0x0, 0x0,
    0x0, 0x6f, 0xf6, 0x0, 0x0, 0x0, 0x0, 0x0,
    0x2, 0x33, 0x33, 0x38, 0xff, 0x83, 0x33, 0x0,
    0x0, 0x7, 0xcf, 0xff, 0xff, 0xff, 0xff, 0xff,
    0xff, 0xf3, 0x0, 0x3e, 0xff, 0xff, 0xff, 0xff,
    0xff, 0xff, 0xff, 0xff, 0x40, 0x4f, 0xff, 0xff,
    0xff, 0xff, 0xff, 0xff, 0xff, 0xff, 0xf2, 0xe,
    0xff, 0xf9, 0x31, 0x0, 0x0, 0x0, 0x0, 0x0,
    0x0, 0x6, 0xff, 0xe2, 0x0, 0x0, 0x0, 0x0,
    0x0, 0x0, 0x0, 0x0, 0xbf, 0xf4, 0x0, 0x0,
    0x0, 0x0, 0x0, 0x0, 0x0, 0x0, 0xd, 0xff,
    0x0, 0x0, 0x0, 0x0, 0x0, 0x0, 0x0, 0x0,
    0x0, 0xdf, 0xf1, 0x0, 0x0, 0x0, 0x0, 0x0,
    0x0, 0x0, 0x0, 0xa, 0xff, 0xa0, 0x0, 0x0,
    0x0, 0x0, 0x0, 0x0, 0x0, 0x0, 0x4f, 0xff,
    0xc5, 0x10, 0x2, 0x50, 0x0, 0x0, 0x0, 0x0,
    0x0, 0x9f, 0xff, 0xff, 0xff, 0xff, 0x20, 0x0,
    0x0, 0x0, 0x0, 0x0, 0x9f, 0xff, 0xff, 0xff,
    0xf8, 0x0, 0x0, 0x0, 0x0, 0x0, 0x0, 0x3a,
    0xff, 0xff, 0xfd, 0x60, 0x0, 0x0, 0x0, 0x0,
    0x0, 0x0, 0x0, 0x23, 0x20, 0x0, 0x0, 0x0,
    0x0, 0x0, 0x0,

    /* U+FEA7 "ﺧ" */
    0x0, 0x0, 0x0, 0x5e, 0xe3, 0x0, 0x0, 0x0,
    0x0, 0x0, 0x0, 0x0, 0xef, 0xfb, 0x0, 0x0,
    0x0, 0x0, 0x0, 0x0, 0x0, 0xdf, 0xfa, 0x0,
    0x0, 0x0, 0x0, 0x0, 0x0, 0x0, 0x2a, 0xa1,
    0x0, 0x0, 0x0, 0x0, 0x0, 0x0, 0x0, 0x0,
    0x0, 0x0, 0x0, 0x0, 0x0, 0x0, 0x0, 0x0,
    0x0, 0x0, 0x0, 0x0, 0x0, 0x0, 0x0, 0x0,
    0x0, 0x0, 0x0, 0x0, 0x0, 0x0, 0x0, 0x0,
    0x1, 0x7b, 0xef, 0xfd, 0xa5, 0x0, 0x0, 0x0,
    0x0, 0x9f, 0xff, 0xff, 0xff, 0xff, 0xd3, 0x0,
    0x0, 0x0, 0xcf, 0xff, 0xff, 0xff, 0xff, 0xff,
    0x40, 0x0, 0x0, 0x5f, 0xc7, 0x53, 0x46, 0xaf,
    0xff, 0xe1, 0x0, 0x0, 0x1, 0x0, 0x0, 0x0,
    0x3, 0xef, 0xf8, 0x0, 0x0, 0x0, 0x0, 0x0,
    0x0, 0x0, 0x3f, 0xfe, 0x0, 0x0, 0x0, 0x0,
    0x0, 0x0, 0x0, 0xc, 0xff, 0x10, 0x0, 0x0,
    0x0, 0x0, 0x0, 0x0, 0xa, 0xff, 0x20, 0x0,
    0x0, 0x0, 0x0, 0x0, 0x0, 0xa, 0xff, 0x20,
    0x0, 0x0, 0x0, 0x0, 0x0, 0x0, 0xa, 0xff,
    0x20, 0x0, 0x0, 0x0, 0x0, 0x0, 0x0, 0xa,
    0xff, 0x20, 0x3, 0x33, 0x33, 0x33, 0x33, 0x33,
    0x3b, 0xff, 0x51, 0x7f, 0xff, 0xff, 0xff, 0xff,
    0xff, 0xff, 0xff, 0xf4, 0x8f, 0xff, 0xff, 0xff,
    0xff, 0xff, 0xff, 0xff, 0xf2, 0x6f, 0xff, 0xff,
    0xff, 0xff, 0xff, 0xff, 0xff, 0xf0,

    /* U+FEA8 "ﺨ" */
    0x0, 0x0, 0x0, 0x5e, 0xe3, 0x0, 0x0, 0x0,
    0x0, 0x0, 0x0, 0x0, 0x0, 0xe, 0xff, 0xb0,
    0x0, 0x0, 0x0, 0x0, 0x0, 0x0, 0x0, 0x0,
    0xdf, 0xfa, 0x0, 0x0, 0x0, 0x0, 0x0, 0x0,
    0x0, 0x0, 0x2, 0xaa, 0x10, 0x0, 0x0, 0x0,
    0x0, 0x0, 0x0, 0x0, 0x0, 0x0, 0x0, 0x0,
    0x0, 0x0, 0x0, 0x0, 0x0, 0x0, 0x0, 0x0,
    0x0, 0x0, 0x0, 0x0, 0x0, 0x0, 0x0, 0x0,
    0x0, 0x0, 0x0, 0x0, 0x0, 0x0, 0x0, 0x0,
    0x0, 0x0, 0x0, 0x17, 0xbe, 0xff, 0xda, 0x50,
    0x0, 0x0, 0x0, 0x0, 0x0, 0x9f, 0xff, 0xff,
    0xff, 0xff, 0xd3, 0x0, 0x0, 0x0, 0x0, 0xc,
    0xff, 0xff, 0xff, 0xff, 0xff, 0xf4, 0x0, 0x0,
    0x0, 0x0, 0x5f, 0xc7, 0x53, 0x46, 0xaf, 0xff,
    0xe1, 0x0, 0x0, 0x0, 0x0, 0x10, 0x0, 0x0,
    0x0, 0x3e, 0xff, 0x80, 0x0, 0x0, 0x0, 0x0,
    0x0, 0x0, 0x0, 0x0, 0x3f, 0xfe, 0x0, 0x0,
    0x0, 0x0, 0x0, 0x0, 0x0, 0x0, 0x0, 0xcf,
    0xf1, 0x0, 0x0, 0x0, 0x0, 0x0, 0x0, 0x0,
    0x0, 0xa, 0xff, 0x20, 0x0, 0x0, 0x0, 0x0,
    0x0, 0x0, 0x0, 0x0, 0xaf, 0xf2, 0x0, 0x0,
    0x0, 0x0, 0x0, 0x0, 0x0, 0x0, 0xa, 0xff,
    0x20, 0x0, 0x0, 0x0, 0x0, 0x0, 0x0, 0x0,
    0x0, 0xaf, 0xf2, 0x0, 0x0, 0x3, 0x33, 0x33,
    0x33, 0x33, 0x33, 0x3b, 0xff, 0x63, 0x32, 0x7,
    0xff, 0xff, 0xff, 0xff, 0xff, 0xff, 0xff, 0xff,
    0xff, 0xf0, 0x8f, 0xff, 0xff, 0xff, 0xff, 0xff,
    0xff, 0xff, 0xff, 0xff, 0x6, 0xff, 0xff, 0xff,
    0xff, 0xff, 0xff, 0xff, 0xff, 0xff, 0xe0,

    /* U+FEA9 "ﺩ" */
    0x0, 0x7, 0x30, 0x0, 0x0, 0x0, 0x0, 0x0,
    0x0, 0x1, 0xff, 0xd5, 0x0, 0x0, 0x0, 0x0,
    0x0, 0x0, 0x4f, 0xff, 0xfc, 0x20, 0x0, 0x0,
    0x0, 0x0, 0x4, 0xdf, 0xff, 0xff, 0x40, 0x0,
    0x0, 0x0, 0x0, 0x0, 0x3a, 0xff, 0xff, 0x30,
    0x0, 0x0, 0x0, 0x0, 0x0, 0x4, 0xef, 0xfe,
    0x10, 0x0, 0x0, 0x0, 0x0, 0x0, 0x2, 0xef,
    0xfa, 0x0, 0x0, 0x0, 0x0, 0x0, 0x0, 0x3,
    0xff, 0xf3, 0x0, 0x0, 0x0, 0x0, 0x0, 0x0,
    0x8, 0xff, 0xb0, 0x0, 0x0, 0x0, 0x0, 0x0,
    0x0, 0x1f, 0xff, 0x10, 0x0, 0x0, 0x0, 0x0,
    0x0, 0x0, 0xaf, 0xf5, 0x0, 0x3, 0x33, 0x33,
    0x33, 0x33, 0x37, 0xff, 0xa3, 0x31, 0xef, 0xff,
    0xff, 0xff, 0xff, 0xff, 0xff, 0xff, 0xae, 0xff,
    0xff, 0xff, 0xff, 0xff, 0xff, 0xff, 0xfb, 0xef,
    0xff, 0xff, 0xff, 0xff, 0xff, 0xff, 0xff, 0x90,

    /* U+FEAA "ﺪ" */
    0x0, 0x7, 0x30, 0x0, 0x0, 0x0, 0x0, 0x0,
    0x0, 0x1, 0xff, 0xd5, 0x0, 0x0, 0x0, 0x0,
    0x0, 0x0, 0x4f, 0xff, 0xfc, 0x20, 0x0, 0x0,
    0x0, 0x0, 0x4, 0xdf, 0xff, 0xff, 0x40, 0x0,
    0x0, 0x0, 0x0, 0x0, 0x3a, 0xff, 0xff, 0x30,
    0x0, 0x0, 0x0, 0x0, 0x0, 0x4, 0xef, 0xfe,
    0x10, 0x0, 0x0, 0x0, 0x0, 0x0, 0x2, 0xef,
    0xfa, 0x0, 0x0, 0x0, 0x0, 0x0, 0x0, 0x3,
    0xff, 0xf3, 0x0, 0x0, 0x0, 0x0, 0x0, 0x0,
    0x8, 0xff, 0xb0, 0x0, 0x0, 0x0, 0x0, 0x0,
    0x0, 0x1f, 0xff, 0x10, 0x0, 0x0, 0x0, 0x0,
    0x0, 0x0, 0xaf, 0xf5, 0x0, 0x3, 0x33, 0x33,
    0x33, 0x33, 0x37, 0xff, 0xa3, 0x31, 0xef, 0xff,
    0xff, 0xff, 0xff, 0xff, 0xff, 0xff, 0xae, 0xff,
    0xff, 0xff, 0xff, 0xff, 0xff, 0xff, 0xfb, 0xef,
    0xff, 0xff, 0xff, 0xff, 0xff, 0xff, 0xff, 0x90,

    /* U+FEAC "ﺬ" */
    0x0, 0x0, 0xaf, 0xb0, 0x0, 0x0, 0x0, 0x0,
    0x0, 0x0, 0x4f, 0xff, 0x50, 0x0, 0x0, 0x0,
    0x0, 0x0, 0x3, 0xff, 0xf4, 0x0, 0x0, 0x0,
    0x0, 0x0, 0x0, 0x6, 0xb7, 0x0, 0x0, 0x0,
    0x0, 0x0, 0x0, 0x0, 0x0, 0x0, 0x0, 0x0,
    0x0, 0x0, 0x0, 0x0, 0x0, 0x0, 0x0, 0x0,
    0x0, 0x0, 0x0, 0x0, 0x0, 0x0, 0x0, 0x0,
    0x0, 0x0, 0x0, 0x0, 0x0, 0x62, 0x0, 0x0,
    0x0, 0x0, 0x0, 0x0, 0x0, 0x1f, 0xfc, 0x40,
    0x0, 0x0, 0x0, 0x0, 0x0, 0x4, 0xff, 0xff,
    0xb1, 0x0, 0x0, 0x0, 0x0, 0x0, 0x4e, 0xff,
    0xff, 0xe3, 0x0, 0x0, 0x0, 0x0, 0x0, 0x4,
    0xbf, 0xff, 0xf3, 0x0, 0x0, 0x0, 0x0, 0x0,
    0x0, 0x5f, 0xff, 0xe1, 0x0, 0x0, 0x0, 0x0,
    0x0, 0x0, 0x3e, 0xff, 0xa0, 0x0, 0x0, 0x0,
    0x0, 0x0, 0x0, 0x4f, 0xff, 0x30, 0x0, 0x0,
    0x0, 0x0, 0x0, 0x0, 0x9f, 0xfb, 0x0, 0x0,
    0x0, 0x0, 0x0, 0x0, 0x1, 0xff, 0xf1, 0x0,
    0x0, 0x0, 0x0, 0x0, 0x0, 0xa, 0xff, 0x50,
    0x0, 0x33, 0x33, 0x33, 0x33, 0x33, 0x7f, 0xfa,
    0x33, 0x1e, 0xff, 0xff, 0xff, 0xff, 0xff, 0xff,
    0xff, 0xfa, 0xef, 0xff, 0xff, 0xff, 0xff, 0xff,
    0xff, 0xff, 0xbe, 0xff, 0xff, 0xff, 0xff, 0xff,
    0xff, 0xff, 0xf9,

    /* U+FEAD "ﺭ" */
    0x0, 0x2, 0x88, 0x40, 0x0, 0x0, 0x0, 0x4f,
    0xf8, 0x0, 0x0, 0x0, 0x4, 0xff, 0x80, 0x0,
    0x0, 0x0, 0x4f, 0xf8, 0x0, 0x0, 0x0, 0x4,
    0xff, 0x80, 0x0, 0x0, 0x0, 0x4f, 0xf8, 0x0,
    0x0, 0x0, 0x4, 0xff, 0x80, 0x0, 0x0, 0x0,
    0x4f, 0xf8, 0x0, 0x0, 0x0, 0x4, 0xff, 0x80,
    0x0, 0x0, 0x0, 0x4f, 0xf8, 0x0, 0x0, 0x0,
    0x4, 0xff, 0xa3, 0x33, 0x0, 0x0, 0x4f, 0xff,
    0xff, 0xf5, 0x0, 0x4, 0xff, 0xff, 0xff, 0x60,
    0x0, 0x4f, 0xff, 0xff, 0xf4, 0x0, 0x4, 0xff,
    0x80, 0x0, 0x0, 0x0, 0x5f, 0xf8, 0x0, 0x0,
    0x0, 0x9, 0xff, 0x60, 0x0, 0x0, 0x27, 0xff,
    0xf2, 0x0, 0x0, 0xef, 0xff, 0xfa, 0x0, 0x0,
    0xb, 0xff, 0xfc, 0x10, 0x0, 0x0, 0x9f, 0xd7,
    0x0, 0x0, 0x0, 0x0, 0x0, 0x0, 0x0, 0x0,
    0x0,

    /* U+FEAE "ﺮ" */
    0x0, 0x2, 0x88, 0x40, 0x0, 0x0, 0x0, 0x4f,
    0xf8, 0x0, 0x0, 0x0, 0x4, 0xff, 0x80, 0x0,
    0x0, 0x0, 0x4f, 0xf8, 0x0, 0x0, 0x0, 0x4,
    0xff, 0x80, 0x0, 0x0, 0x0, 0x4f, 0xf8, 0x0,
    0x0, 0x0, 0x4, 0xff, 0x80, 0x0, 0x0, 0x0,
    0x4f, 0xf8, 0x0, 0x0, 0x0, 0x4, 0xff, 0x80,
    0x0, 0x0, 0x0, 0x4f, 0xf8, 0x0, 0x0, 0x0,
    0x4, 0xff, 0xa3, 0x33, 0x0, 0x0, 0x4f, 0xff,
    0xff, 0xf5, 0x0, 0x4, 0xff, 0xff, 0xff, 0x60,
    0x0, 0x4f, 0xff, 0xff, 0xf4, 0x0, 0x4, 0xff,
    0x80, 0x0, 0x0, 0x0, 0x5f, 0xf8, 0x0, 0x0,
    0x0, 0x9, 0xff, 0x60, 0x0, 0x0, 0x27, 0xff,
    0xf2, 0x0, 0x0, 0xef, 0xff, 0xfa, 0x0, 0x0,
    0xb, 0xff, 0xfc, 0x10, 0x0, 0x0, 0x9f, 0xd7,
    0x0, 0x0, 0x0, 0x0, 0x0, 0x0, 0x0, 0x0,
    0x0,

    /* U+FEB0 "ﺰ" */
    0x0, 0x3, 0xdf, 0x60, 0x0, 0x0, 0x0, 0xbf,
    0xff, 0x0, 0x0, 0x0, 0x9, 0xff, 0xd0, 0x0,
    0x0, 0x0, 0x19, 0xb3, 0x0, 0x0, 0x0, 0x0,
    0x0, 0x0, 0x0, 0x0, 0x0, 0x0, 0x0, 0x0,
    0x0, 0x0, 0x0, 0x0, 0x0, 0x0, 0x0, 0x0,
    0x28, 0x84, 0x0, 0x0, 0x0, 0x4, 0xff, 0x80,
    0x0, 0x0, 0x0, 0x4f, 0xf8, 0x0, 0x0, 0x0,
    0x4, 0xff, 0x80, 0x0, 0x0, 0x0, 0x4f, 0xf8,
    0x0, 0x0, 0x0, 0x4, 0xff, 0x80, 0x0, 0x0,
    0x0, 0x4f, 0xf8, 0x0, 0x0, 0x0, 0x4, 0xff,
    0x80, 0x0, 0x0, 0x0, 0x4f, 0xf8, 0x0, 0x0,
    0x0, 0x4, 0xff, 0x80, 0x0, 0x0, 0x0, 0x4f,
    0xfa, 0x33, 0x30, 0x0, 0x4, 0xff, 0xff, 0xff,
    0x50, 0x0, 0x4f, 0xff, 0xff, 0xf6, 0x0, 0x4,
    0xff, 0xff, 0xff, 0x40, 0x0, 0x4f, 0xf8, 0x0,
    0x0, 0x0, 0x5, 0xff, 0x80, 0x0, 0x0, 0x0,
    0x9f, 0xf6, 0x0, 0x0, 0x2, 0x7f, 0xff, 0x20,
    0x0, 0xe, 0xff, 0xff, 0xa0, 0x0, 0x0, 0xbf,
    0xff, 0xc1, 0x0, 0x0, 0x9, 0xfd, 0x70, 0x0,
    0x0, 0x0, 0x0, 0x0, 0x0, 0x0, 0x0, 0x0,

    /* U+FEB2 "ﺲ" */
    0x0, 0x0, 0x0, 0x0, 0x0, 0x0, 0x0, 0x0,
    0x0, 0x0, 0x0, 0x0, 0x0, 0x0, 0x0, 0x78,
    0x70, 0x0, 0x0, 0x0, 0x0, 0x0, 0x0, 0x0,
    0x0, 0x0, 0x0, 0x0, 0x0, 0x0, 0x0, 0x0,
    0x0, 0x0, 0xef, 0xf0, 0x0, 0x0, 0x0, 0x0,
    0x0, 0x0, 0x0, 0x0, 0x0, 0x0, 0x0, 0x0,
    0x0, 0x5f, 0xf8, 0x0, 0x0, 0xef, 0xf0, 0x0,
    0x0, 0x0, 0x0, 0x0, 0x0, 0x0, 0x0, 0x0,
    0x5, 0x88, 0x0, 0x0, 0x5f, 0xf8, 0x0, 0x0,
    0xef, 0xf0, 0x0, 0x0, 0x0, 0x0, 0x0, 0x0,
    0x0, 0x0, 0x0, 0xb, 0xff, 0x10, 0x0, 0x5f,
    0xf8, 0x0, 0x0, 0xef, 0xf0, 0x0, 0x0, 0x2,
    0x0, 0x0, 0x0, 0x0, 0x0, 0x0, 0xb, 0xff,
    0x10, 0x0, 0x5f, 0xf8, 0x0, 0x0, 0xef, 0xf0,
    0x0, 0x0, 0x5f, 0xf5, 0x0, 0x0, 0x0, 0x0,
    0x0, 0xb, 0xff, 0x10, 0x0, 0x5f, 0xf8, 0x0,
    0x0, 0xef, 0xf0, 0x0, 0x0, 0x9f, 0xf4, 0x0,
    0x0, 0x0, 0x0, 0x0, 0xb, 0xff, 0x10, 0x0,
    0x5f, 0xf8, 0x0, 0x0, 0xef, 0xf0, 0x0, 0x0,
    0xbf, 0xf1, 0x0, 0x0, 0x0, 0x0, 0x0, 0xb,
    0xff, 0x10, 0x0, 0x5f, 0xf8, 0x0, 0x1, 0xff,
    0xe0, 0x0, 0x0, 0xdf, 0xf0, 0x0, 0x0, 0x0,
    0x0, 0x0, 0xb, 0xff, 0x20, 0x0, 0x8f, 0xf8,
    0x0, 0x3, 0xff, 0xe0, 0x0, 0x0, 0xdf, 0xf0,
    0x0, 0x0, 0x0, 0x0, 0x0, 0xb, 0xff, 0xd5,
    0x38, 0xff, 0xff, 0x84, 0x5d, 0xff, 0xf8, 0x43,
    0x20, 0xdf, 0xf0, 0x0, 0x0, 0x0, 0x0, 0x0,
    0xc, 0xff, 0xff, 0xff, 0xff, 0xff, 0xff, 0xff,
    0xff, 0xff, 0xff, 0xf1, 0xbf, 0xf2, 0x0, 0x0,
    0x0, 0x0, 0x0, 0xf, 0xff, 0xff, 0xff, 0xff,
    0x7f, 0xff, 0xff, 0xfe, 0xff, 0xff, 0xf2, 0x8f,
    0xf7, 0x0, 0x0, 0x0, 0x0, 0x0, 0x4f, 0xfc,
    0x7d, 0xfe, 0xa2, 0x3, 0xbf, 0xfc, 0x50, 0x7c,
    0xff, 0xf0, 0x3f, 0xfe, 0x10, 0x0, 0x0, 0x0,
    0x0, 0xbf, 0xf7, 0x0, 0x0, 0x0, 0x0, 0x0,
    0x0, 0x0, 0x0, 0x0, 0x0, 0xc, 0xff, 0xc1,
    0x0, 0x0, 0x0, 0x9, 0xff, 0xf1, 0x0, 0x0,
    0x0, 0x0, 0x0, 0x0, 0x0, 0x0, 0x0, 0x0,
    0x3, 0xff, 0xfe, 0x72, 0x0, 0x16, 0xdf, 0xff,
    0x70, 0x0, 0x0, 0x0, 0x0, 0x0, 0x0, 0x0,
    0x0, 0x0, 0x0, 0x0, 0x7f, 0xff, 0xff, 0xff,
    0xff, 0xff, 0xfa, 0x0, 0x0, 0x0, 0x0, 0x0,
    0x0, 0x0, 0x0, 0x0, 0x0, 0x0, 0x0, 0x6,
    0xff, 0xff, 0xff, 0xff, 0xff, 0x90, 0x0, 0x0,
    0x0, 0x0, 0x0, 0x0, 0x0, 0x0, 0x0, 0x0,
    0x0, 0x0, 0x0, 0x19, 0xef, 0xff, 0xff, 0xa3,
    0x0, 0x0, 0x0, 0x0, 0x0, 0x0, 0x0, 0x0,
    0x0, 0x0, 0x0, 0x0, 0x0, 0x0, 0x0, 0x1,
    0x33, 0x20, 0x0, 0x0, 0x0, 0x0, 0x0, 0x0,
    0x0, 0x0, 0x0, 0x0, 0x0, 0x0, 0x0,

    /* U+FEB3 "ﺳ" */
    0x0, 0x0, 0x0, 0x0, 0x0, 0x0, 0x0, 0x0,
    0x0, 0x0, 0x78, 0x60, 0x0, 0x0, 0x0, 0x0,
    0x0, 0x0, 0x0, 0x0, 0x0, 0xf, 0xfd, 0x0,
    0x0, 0x0, 0x0, 0x0, 0x0, 0x6f, 0xf6, 0x0,
    0x0, 0xff, 0xd0, 0x0, 0x0, 0x68, 0x80, 0x0,
    0x6, 0xff, 0x60, 0x0, 0xf, 0xfd, 0x0, 0x0,
    0xd, 0xff, 0x0, 0x0, 0x6f, 0xf6, 0x0, 0x0,
    0xff, 0xd0, 0x0, 0x0, 0xdf, 0xf0, 0x0, 0x6,
    0xff, 0x60, 0x0, 0xf, 0xfd, 0x0, 0x0, 0xd,
    0xff, 0x0, 0x0, 0x6f, 0xf6, 0x0, 0x0, 0xff,
    0xd0, 0x0, 0x0, 0xdf, 0xf0, 0x0, 0x6, 0xff,
    0x60, 0x0, 0xf, 0xfd, 0x0, 0x0, 0xd, 0xff,
    0x0, 0x0, 0x6f, 0xf6, 0x0, 0x0, 0xff, 0xd0,
    0x0, 0x0, 0xef, 0xf0, 0x0, 0x9, 0xff, 0x70,
    0x0, 0x2f, 0xfc, 0x1, 0x12, 0x7f, 0xff, 0xb3,
    0x17, 0xff, 0xfe, 0x51, 0x4d, 0xff, 0x97, 0xff,
    0xff, 0xff, 0xff, 0xff, 0xff, 0xff, 0xff, 0xff,
    0xff, 0xf2, 0x8f, 0xff, 0xff, 0xcc, 0xff, 0xff,
    0xfe, 0x8f, 0xff, 0xff, 0xf7, 0x6, 0xff, 0xec,
    0x60, 0x8, 0xdf, 0xe9, 0x10, 0x4b, 0xff, 0xc4,
    0x0,

    /* U+FEB4 "ﺴ" */
    0x0, 0x0, 0x0, 0x0, 0x0, 0x0, 0x0, 0x0,
    0x0, 0x0, 0x78, 0x60, 0x0, 0x0, 0x0, 0x0,
    0x0, 0x0, 0x0, 0x0, 0x0, 0x0, 0x0, 0x0,
    0xff, 0xd0, 0x0, 0x0, 0x0, 0x0, 0x0, 0x0,
    0x0, 0x0, 0x6f, 0xf6, 0x0, 0x0, 0xff, 0xd0,
    0x0, 0x0, 0x0, 0x0, 0x6, 0x88, 0x0, 0x0,
    0x6f, 0xf6, 0x0, 0x0, 0xff, 0xd0, 0x0, 0x0,
    0x0, 0x0, 0xd, 0xff, 0x0, 0x0, 0x6f, 0xf6,
    0x0, 0x0, 0xff, 0xd0, 0x0, 0x0, 0x0, 0x0,
    0xd, 0xff, 0x0, 0x0, 0x6f, 0xf6, 0x0, 0x0,
    0xff, 0xd0, 0x0, 0x0, 0x0, 0x0, 0xd, 0xff,
    0x0, 0x0, 0x6f, 0xf6, 0x0, 0x0, 0xff, 0xd0,
    0x0, 0x0, 0x0, 0x0, 0xd, 0xff, 0x0, 0x0,
    0x6f, 0xf6, 0x0, 0x0, 0xff, 0xd0, 0x0, 0x0,
    0x0, 0x0, 0xd, 0xff, 0x0, 0x0, 0x6f, 0xf6,
    0x0, 0x0, 0xff, 0xe0, 0x0, 0x0, 0x0, 0x0,
    0xe, 0xff, 0x0, 0x0, 0xaf, 0xf7, 0x0, 0x3,
    0xff, 0xf0, 0x0, 0x0, 0x3, 0x34, 0x9f, 0xff,
    0xc5, 0x49, 0xff, 0xff, 0x73, 0x6e, 0xff, 0xf9,
    0x43, 0x30, 0x7f, 0xff, 0xff, 0xff, 0xff, 0xff,
    0xff, 0xff, 0xff, 0xff, 0xff, 0xff, 0xff, 0xf3,
    0x8f, 0xff, 0xff, 0xcc, 0xff, 0xff, 0xfe, 0x8f,
    0xff, 0xff, 0xfd, 0xff, 0xff, 0xf4, 0x6f, 0xfe,
    0xc6, 0x0, 0x8d, 0xfe, 0x91, 0x4, 0xbf, 0xfc,
    0x40, 0x6c, 0xef, 0xf2,

    /* U+FEB6 "ﺶ" */
    0x0, 0x0, 0x0, 0x0, 0x0, 0x0, 0x0, 0x0,
    0x0, 0x0, 0x0, 0x2d, 0xe4, 0x0, 0x0, 0x0,
    0x0, 0x0, 0x0, 0x0, 0x0, 0x0, 0x0, 0x0,
    0x0, 0x0, 0x0, 0x0, 0x0, 0x0, 0x8f, 0xfc,
    0x0, 0x0, 0x0, 0x0, 0x0, 0x0, 0x0, 0x0,
    0x0, 0x0, 0x0, 0x0, 0x0, 0x0, 0x0, 0x0,
    0x0, 0x5f, 0xf9, 0x0, 0x0, 0x0, 0x0, 0x0,
    0x0, 0x0, 0x0, 0x0, 0x0, 0x0, 0x0, 0x0,
    0x0, 0x0, 0x0, 0x4, 0x54, 0x55, 0x50, 0x0,
    0x0, 0x0, 0x0, 0x0, 0x0, 0x0, 0x0, 0x0,
    0x0, 0x0, 0x0, 0x0, 0x0, 0x0, 0x5f, 0xf9,
    0x6f, 0xf9, 0x0, 0x0, 0x0, 0x0, 0x0, 0x0,
    0x0, 0x0, 0x0, 0x0, 0x0, 0x0, 0x0, 0x0,
    0x0, 0x8f, 0xfc, 0x9f, 0xfc, 0x0, 0x0, 0x0,
    0x0, 0x0, 0x0, 0x0, 0x0, 0x0, 0x0, 0x0,
    0x0, 0x0, 0x0, 0x0, 0x2d, 0xf5, 0x2d, 0xe4,
    0x0, 0x0, 0x0, 0x0, 0x0, 0x0, 0x0, 0x0,
    0x0, 0x0, 0x0, 0x0, 0x0, 0x0, 0x0, 0x0,
    0x0, 0x0, 0x0, 0x0, 0x0, 0x0, 0x0, 0x0,
    0x0, 0x0, 0x0, 0x0, 0x0, 0x0, 0x0, 0x0,
    0x0, 0x0, 0x0, 0x0, 0x0, 0x0, 0x0, 0x0,
    0x0, 0x0, 0x0, 0x0, 0x0, 0x0, 0x0, 0x0,
    0x0, 0x0, 0x0, 0x0, 0x0, 0x0, 0x0, 0x0,
    0x0, 0x0, 0x0, 0x0, 0x0, 0x0, 0x0, 0x0,
    0x0, 0x0, 0x0, 0x0, 0x0, 0x0, 0x0, 0x0,
    0x0, 0x0, 0x0, 0x0, 0x0, 0x78, 0x80, 0x0,
    0x0, 0x0, 0x0, 0x0, 0x0, 0x0, 0x0, 0x0,
    0x0, 0x0, 0x0, 0x0, 0x2, 0x21, 0x0, 0x0,
    0xef, 0xf0, 0x0, 0x0, 0x0, 0x0, 0x0, 0x0,
    0x0, 0x0, 0x0, 0x0, 0x0, 0x0, 0x0, 0x5f,
    0xf8, 0x0, 0x0, 0xef, 0xf0, 0x0, 0x0, 0x0,
    0x0, 0x0, 0x0, 0x0, 0x0, 0x0, 0x8, 0xcc,
    0x10, 0x0, 0x5f, 0xf8, 0x0, 0x0, 0xef, 0xf0,
    0x0, 0x0, 0x0, 0x0, 0x0, 0x0, 0x0, 0x0,
    0x0, 0xb, 0xff, 0x10, 0x0, 0x5f, 0xf8, 0x0,
    0x0, 0xef, 0xf0, 0x0, 0x0, 0x14, 0x10, 0x0,
    0x0, 0x0, 0x0, 0x0, 0xb, 0xff, 0x10, 0x0,
    0x5f, 0xf8, 0x0, 0x0, 0xef, 0xf0, 0x0, 0x0,
    0x6f, 0xf6, 0x0, 0x0, 0x0, 0x0, 0x0, 0xb,
    0xff, 0x10, 0x0, 0x5f, 0xf8, 0x0, 0x0, 0xef,
    0xf0, 0x0, 0x0, 0x9f, 0xf3, 0x0, 0x0, 0x0,
    0x0, 0x0, 0xb, 0xff, 0x10, 0x0, 0x5f, 0xf8,
    0x0, 0x0, 0xef, 0xf0, 0x0, 0x0, 0xbf, 0xf1,
    0x0, 0x0, 0x0, 0x0, 0x0, 0xb, 0xff, 0x10,
    0x0, 0x5f, 0xf8, 0x0, 0x1, 0xff, 0xe0, 0x0,
    0x0, 0xdf, 0xf0, 0x0, 0x0, 0x0, 0x0, 0x0,
    0xb, 0xff, 0x30, 0x0, 0x8f, 0xf9, 0x0, 0x3,
    0xff, 0xe0, 0x0, 0x0, 0xdf, 0xf0, 0x0, 0x0,
    0x0, 0x0, 0x0, 0xb, 0xff, 0xd5, 0x38, 0xff,
    0xff, 0x84, 0x5d, 0xff, 0xf8, 0x43, 0x20, 0xdf,
    0xf0, 0x0, 0x0, 0x0, 0x0, 0x0, 0xc, 0xff,
    0xff, 0xff, 0xff, 0xff, 0xff, 0xff, 0xff, 0xff,
    0xff, 0xf1, 0xbf, 0xf2, 0x0, 0x0, 0x0, 0x0,
    0x0, 0xf, 0xff, 0xff, 0xff, 0xfe, 0x7f, 0xff,
    0xff, 0xfe, 0xff, 0xff, 0xf2, 0x8f, 0xf7, 0x0,
    0x0, 0x0, 0x0, 0x0, 0x4f, 0xfb, 0x7d, 0xfe,
    0xa2, 0x3, 0xbf, 0xfc, 0x50, 0x7c, 0xff, 0xf0,
    0x3f, 0xfe, 0x10, 0x0, 0x0, 0x0, 0x0, 0xcf,
    0xf6, 0x0, 0x0, 0x0, 0x0, 0x0, 0x0, 0x0,
    0x0, 0x0, 0x0, 0xc, 0xff, 0xc1, 0x0, 0x0,
    0x0, 0x9, 0xff, 0xe0, 0x0, 0x0, 0x0, 0x0,
    0x0, 0x0, 0x0, 0x0, 0x0, 0x0, 0x3, 0xff,
    0xfe, 0x72, 0x0, 0x26, 0xdf, 0xff, 0x60, 0x0,
    0x0, 0x0, 0x0, 0x0, 0x0, 0x0, 0x0, 0x0,
    0x0, 0x0, 0x6f, 0xff, 0xff, 0xff, 0xff, 0xff,
    0xfa, 0x0, 0x0, 0x0, 0x0, 0x0, 0x0, 0x0,
    0x0, 0x0, 0x0, 0x0, 0x0, 0x6, 0xff, 0xff,
    0xff, 0xff, 0xff, 0x80, 0x0, 0x0, 0x0, 0x0,
    0x0, 0x0, 0x0, 0x0, 0x0, 0x0, 0x0, 0x0,
    0x0, 0x18, 0xef, 0xff, 0xfe, 0xa3, 0x0, 0x0,
    0x0, 0x0, 0x0, 0x0, 0x0, 0x0, 0x0, 0x0,
    0x0, 0x0, 0x0, 0x0, 0x0, 0x1, 0x33, 0x20,
    0x0, 0x0, 0x0, 0x0, 0x0, 0x0, 0x0, 0x0,
    0x0, 0x0, 0x0, 0x0, 0x0,

    /* U+FEB7 "ﺷ" */
    0x0, 0x0, 0x0, 0x0, 0x0, 0x0, 0x4e, 0xd2,
    0x0, 0x0, 0x0, 0x0, 0x0, 0x0, 0x0, 0x0,
    0x0, 0xc, 0xff, 0x90, 0x0, 0x0, 0x0, 0x0,
    0x0, 0x0, 0x0, 0x0, 0x0, 0x9f, 0xf6, 0x0,
    0x0, 0x0, 0x0, 0x0, 0x0, 0x0, 0x0, 0x0,
    0x55, 0x54, 0x54, 0x0, 0x0, 0x0, 0x0, 0x0,
    0x0, 0x0, 0x0, 0x9f, 0xf6, 0x9f, 0xf6, 0x0,
    0x0, 0x0, 0x0, 0x0, 0x0, 0x0, 0xb, 0xff,
    0x9c, 0xff, 0x90, 0x0, 0x0, 0x0, 0x0, 0x0,
    0x0, 0x0, 0x4e, 0xe2, 0x4e, 0xd2, 0x0, 0x0,
    0x0, 0x0, 0x0, 0x0, 0x0, 0x0, 0x0, 0x0,
    0x0, 0x0, 0x0, 0x0, 0x0, 0x0, 0x0, 0x0,
    0x0, 0x0, 0x0, 0x0, 0x0, 0x0, 0x0, 0x0,
    0x0, 0x0, 0x0, 0x0, 0x0, 0x0, 0x0, 0x0,
    0x0, 0x0, 0x0, 0x0, 0x0, 0x0, 0x0, 0x0,
    0x0, 0x0, 0x0, 0x0, 0x0, 0x88, 0x70, 0x0,
    0x0, 0x0, 0x0, 0x0, 0x1, 0x22, 0x10, 0x0,
    0xf, 0xfd, 0x0, 0x0, 0x0, 0x0, 0x0, 0x0,
    0x6f, 0xf6, 0x0, 0x0, 0xff, 0xd0, 0x0, 0x0,
    0x9c, 0xc0, 0x0, 0x6, 0xff, 0x60, 0x0, 0xf,
    0xfd, 0x0, 0x0, 0xd, 0xff, 0x0, 0x0, 0x6f,
    0xf6, 0x0, 0x0, 0xff, 0xd0, 0x0, 0x0, 0xdf,
    0xf0, 0x0, 0x6, 0xff, 0x60, 0x0, 0xf, 0xfd,
    0x0, 0x0, 0xd, 0xff, 0x0, 0x0, 0x6f, 0xf6,
    0x0, 0x0, 0xff, 0xd0, 0x0, 0x0, 0xdf, 0xf0,
    0x0, 0x6, 0xff, 0x60, 0x0, 0xf, 0xfd, 0x0,
    0x0, 0xd, 0xff, 0x0, 0x0, 0x6f, 0xf6, 0x0,
    0x0, 0xff, 0xd0, 0x0, 0x0, 0xef, 0xf0, 0x0,
    0x9, 0xff, 0x70, 0x0, 0x2f, 0xfc, 0x1, 0x12,
    0x7f, 0xff, 0xb3, 0x17, 0xff, 0xff, 0x61, 0x4d,
    0xff, 0x97, 0xff, 0xff, 0xff, 0xff, 0xff, 0xff,
    0xff, 0xff, 0xff, 0xff, 0xf2, 0x8f, 0xff, 0xff,
    0xbc, 0xff, 0xff, 0xfe, 0x8f, 0xff, 0xff, 0xf7,
    0x6, 0xff, 0xec, 0x60, 0x8, 0xdf, 0xe9, 0x10,
    0x4b, 0xff, 0xc4, 0x0,

    /* U+FEB8 "ﺸ" */
    0x0, 0x0, 0x0, 0x0, 0x0, 0x0, 0x4e, 0xd2,
    0x0, 0x0, 0x0, 0x0, 0x0, 0x0, 0x0, 0x0,
    0x0, 0x0, 0x0, 0x0, 0xcf, 0xf9, 0x0, 0x0,
    0x0, 0x0, 0x0, 0x0, 0x0, 0x0, 0x0, 0x0,
    0x0, 0x0, 0x9f, 0xf6, 0x0, 0x0, 0x0, 0x0,
    0x0, 0x0, 0x0, 0x0, 0x0, 0x0, 0x0, 0x5,
    0x55, 0x45, 0x40, 0x0, 0x0, 0x0, 0x0, 0x0,
    0x0, 0x0, 0x0, 0x0, 0x0, 0x9f, 0xf6, 0x9f,
    0xf6, 0x0, 0x0, 0x0, 0x0, 0x0, 0x0, 0x0,
    0x0, 0x0, 0x0, 0xbf, 0xf9, 0xcf, 0xf9, 0x0,
    0x0, 0x0, 0x0, 0x0, 0x0, 0x0, 0x0, 0x0,
    0x0, 0x4e, 0xe2, 0x4e, 0xd2, 0x0, 0x0, 0x0,
    0x0, 0x0, 0x0, 0x0, 0x0, 0x0, 0x0, 0x0,
    0x0, 0x0, 0x0, 0x0, 0x0, 0x0, 0x0, 0x0,
    0x0, 0x0, 0x0, 0x0, 0x0, 0x0, 0x0, 0x0,
    0x0, 0x0, 0x0, 0x0, 0x0, 0x0, 0x0, 0x0,
    0x0, 0x0, 0x0, 0x0, 0x0, 0x0, 0x0, 0x0,
    0x0, 0x0, 0x0, 0x0, 0x0, 0x0, 0x0, 0x0,
    0x0, 0x0, 0x0, 0x0, 0x0, 0x0, 0x88, 0x70,
    0x0, 0x0, 0x0, 0x0, 0x0, 0x0, 0x0, 0x0,
    0x12, 0x21, 0x0, 0x0, 0xff, 0xd0, 0x0, 0x0,
    0x0, 0x0, 0x0, 0x0, 0x0, 0x0, 0x6f, 0xf6,
    0x0, 0x0, 0xff, 0xd0, 0x0, 0x0, 0x0, 0x0,
    0x9, 0xcc, 0x0, 0x0, 0x6f, 0xf6, 0x0, 0x0,
    0xff, 0xd0, 0x0, 0x0, 0x0, 0x0, 0xd, 0xff,
    0x0, 0x0, 0x6f, 0xf6, 0x0, 0x0, 0xff, 0xd0,
    0x0, 0x0, 0x0, 0x0, 0xd, 0xff, 0x0, 0x0,
    0x6f, 0xf6, 0x0, 0x0, 0xff, 0xd0, 0x0, 0x0,
    0x0, 0x0, 0xd, 0xff, 0x0, 0x0, 0x6f, 0xf6,
    0x0, 0x0, 0xff, 0xd0, 0x0, 0x0, 0x0, 0x0,
    0xd, 0xff, 0x0, 0x0, 0x6f, 0xf6, 0x0, 0x0,
    0xff, 0xd0, 0x0, 0x0, 0x0, 0x0, 0xd, 0xff,
    0x0, 0x0, 0x6f, 0xf6, 0x0, 0x0, 0xff, 0xe0,
    0x0, 0x0, 0x0, 0x0, 0xe, 0xff, 0x10, 0x0,
    0xaf, 0xf7, 0x0, 0x3, 0xff, 0xf0, 0x0, 0x0,
    0x3, 0x34, 0x9f, 0xff, 0xd5, 0x49, 0xff, 0xff,
    0x73, 0x6e, 0xff, 0xf9, 0x43, 0x30, 0x7f, 0xff,
    0xff, 0xff, 0xff, 0xff, 0xff, 0xff, 0xff, 0xff,
    0xff, 0xff, 0xff, 0xf3, 0x8f, 0xff, 0xff, 0xbc,
    0xff, 0xff, 0xfe, 0x8f, 0xff, 0xff, 0xfd, 0xff,
    0xff, 0xf4, 0x6f, 0xfe, 0xc6, 0x0, 0x8d, 0xfe,
    0x91, 0x4, 0xbf, 0xfc, 0x40, 0x6c, 0xef, 0xf2,

    /* U+FEBA "ﺺ" */
    0x0, 0x0, 0x0, 0x0, 0x0, 0x0, 0x0, 0x0,
    0x0, 0x0, 0x0, 0x0, 0x0, 0x2, 0x32, 0x10,
    0x0, 0x0, 0x0, 0x0, 0x0, 0x0, 0x0, 0x0,
    0x0, 0x0, 0x0, 0x0, 0x0, 0x0, 0x0, 0x0,
    0x2, 0xaf, 0xff, 0xff, 0xd7, 0x0, 0x0, 0x0,
    0x0, 0x0, 0x0, 0x0, 0x0, 0x0, 0x0, 0x0,
    0x0, 0x0, 0x0, 0x0, 0x8, 0xff, 0xff, 0xff,
    0xff, 0xfd, 0x20, 0x0, 0x0, 0x0, 0x0, 0x0,
    0x0, 0x0, 0x0, 0x0, 0x0, 0x1, 0x10, 0x0,
    0xa, 0xff, 0xff, 0xfe, 0xef, 0xff, 0xfd, 0x10,
    0x0, 0x0, 0x0, 0x0, 0x0, 0x0, 0x0, 0x0,
    0x0, 0xb, 0xff, 0x10, 0x8, 0xff, 0xfb, 0x40,
    0x0, 0x17, 0xff, 0xf9, 0x0, 0x0, 0x0, 0x0,
    0x0, 0x0, 0x0, 0x0, 0x0, 0x0, 0xbf, 0xf1,
    0x3, 0xff, 0xf6, 0x0, 0x0, 0x0, 0x3, 0xff,
    0xf1, 0x0, 0x0, 0x0, 0x0, 0x0, 0x0, 0x0,
    0x0, 0x0, 0xb, 0xff, 0x10, 0xcf, 0xf6, 0x0,
    0x0, 0x0, 0x0, 0x9, 0xff, 0x60, 0x0, 0x1,
    0x30, 0x0, 0x0, 0x0, 0x0, 0x0, 0x0, 0xbf,
    0xf1, 0x3f, 0xfb, 0x0, 0x0, 0x0, 0x0, 0x0,
    0x4f, 0xfa, 0x0, 0x0, 0x6f, 0xf6, 0x0, 0x0,
    0x0, 0x0, 0x0, 0xb, 0xff, 0x19, 0xff, 0x20,
    0x0, 0x0, 0x0, 0x0, 0x1, 0xff, 0xc0, 0x0,
    0x9, 0xff, 0x30, 0x0, 0x0, 0x0, 0x0, 0x0,
    0xbf, 0xf1, 0xdf, 0xc0, 0x0, 0x0, 0x0, 0x0,
    0x0, 0xf, 0xfc, 0x0, 0x0, 0xbf, 0xf1, 0x0,
    0x0, 0x0, 0x0, 0x0, 0xb, 0xff, 0x3f, 0xf8,
    0x0, 0x0, 0x0, 0x0, 0x0, 0x0, 0xff, 0xc0,
    0x0, 0xd, 0xff, 0x0, 0x0, 0x0, 0x0, 0x0,
    0x0, 0xcf, 0xf7, 0xff, 0x40, 0x0, 0x0, 0x0,
    0x0, 0x0, 0xf, 0xfc, 0x0, 0x0, 0xdf, 0xf0,
    0x0, 0x0, 0x0, 0x0, 0x0, 0xc, 0xff, 0xef,
    0xf5, 0x33, 0x33, 0x33, 0x33, 0x33, 0x34, 0xff,
    0xd3, 0x33, 0x1d, 0xff, 0x0, 0x0, 0x0, 0x0,
    0x0, 0x0, 0xcf, 0xff, 0xff, 0xff, 0xff, 0xff,
    0xff, 0xff, 0xff, 0xff, 0xff, 0xff, 0xf8, 0xbf,
    0xf2, 0x0, 0x0, 0x0, 0x0, 0x0, 0xf, 0xff,
    0xff, 0xff, 0xff, 0xff, 0xff, 0xff, 0xff, 0xff,
    0xff, 0xff, 0xff, 0xa8, 0xff, 0x70, 0x0, 0x0,
    0x0, 0x0, 0x4, 0xff, 0xdb, 0xef, 0xff, 0xff,
    0xff, 0xff, 0xff, 0xff, 0xff, 0xff, 0xff, 0xf7,
    0x3f, 0xfe, 0x10, 0x0, 0x0, 0x0, 0x0, 0xcf,
    0xf6, 0x0, 0x0, 0x0, 0x0, 0x0, 0x0, 0x0,
    0x0, 0x0, 0x0, 0x0, 0x0, 0xcf, 0xfc, 0x10,
    0x0, 0x0, 0x0, 0x9f, 0xff, 0x10, 0x0, 0x0,
    0x0, 0x0, 0x0, 0x0, 0x0, 0x0, 0x0, 0x0,
    0x0, 0x3, 0xff, 0xfe, 0x72, 0x0, 0x26, 0xdf,
    0xff, 0x60, 0x0, 0x0, 0x0, 0x0, 0x0, 0x0,
    0x0, 0x0, 0x0, 0x0, 0x0, 0x0, 0x7, 0xff,
    0xff, 0xff, 0xff, 0xff, 0xff, 0xa0, 0x0, 0x0,
    0x0, 0x0, 0x0, 0x0, 0x0, 0x0, 0x0, 0x0,
    0x0, 0x0, 0x0, 0x6, 0xff, 0xff, 0xff, 0xff,
    0xff, 0x80, 0x0, 0x0, 0x0, 0x0, 0x0, 0x0,
    0x0, 0x0, 0x0, 0x0, 0x0, 0x0, 0x0, 0x0,
    0x1, 0x8e, 0xff, 0xff, 0xfa, 0x30, 0x0, 0x0,
    0x0, 0x0, 0x0, 0x0, 0x0, 0x0, 0x0, 0x0,
    0x0, 0x0, 0x0, 0x0, 0x0, 0x0, 0x1, 0x33,
    0x20, 0x0, 0x0, 0x0, 0x0, 0x0, 0x0, 0x0,
    0x0, 0x0, 0x0, 0x0, 0x0, 0x0, 0x0, 0x0,

    /* U+FEBB "ﺻ" */
    0x0, 0x0, 0x0, 0x0, 0x0, 0x0, 0x0, 0x0,
    0x2, 0x32, 0x10, 0x0, 0x0, 0x0, 0x0, 0x0,
    0x0, 0x0, 0x0, 0x0, 0x3, 0xaf, 0xff, 0xff,
    0xd6, 0x0, 0x0, 0x0, 0x0, 0x0, 0x0, 0x0,
    0x0, 0x9, 0xff, 0xff, 0xff, 0xff, 0xfc, 0x10,
    0x0, 0x0, 0x0, 0x1, 0x10, 0x0, 0xb, 0xff,
    0xff, 0xfe, 0xef, 0xff, 0xfd, 0x0, 0x0, 0x0,
    0xc, 0xff, 0x0, 0xa, 0xff, 0xfb, 0x40, 0x0,
    0x17, 0xff, 0xf8, 0x0, 0x0, 0x0, 0xcf, 0xf0,
    0x4, 0xff, 0xf5, 0x0, 0x0, 0x0, 0x4, 0xff,
    0xf0, 0x0, 0x0, 0xc, 0xff, 0x0, 0xdf, 0xf5,
    0x0, 0x0, 0x0, 0x0, 0xa, 0xff, 0x50, 0x0,
    0x0, 0xcf, 0xf0, 0x4f, 0xfa, 0x0, 0x0, 0x0,
    0x0, 0x0, 0x5f, 0xf9, 0x0, 0x0, 0xc, 0xff,
    0xa, 0xff, 0x10, 0x0, 0x0, 0x0, 0x0, 0x2,
    0xff, 0xb0, 0x0, 0x0, 0xcf, 0xf0, 0xef, 0xb0,
    0x0, 0x0, 0x0, 0x0, 0x0, 0x1f, 0xfb, 0x0,
    0x0, 0xd, 0xff, 0x3f, 0xf6, 0x0, 0x0, 0x0,
    0x0, 0x0, 0x1, 0xff, 0xb0, 0x0, 0x0, 0xef,
    0xf7, 0xff, 0x30, 0x0, 0x0, 0x0, 0x0, 0x0,
    0x1f, 0xfb, 0x3, 0x34, 0x9f, 0xff, 0xef, 0xf5,
    0x33, 0x33, 0x33, 0x33, 0x33, 0x34, 0xff, 0xb7,
    0xff, 0xff, 0xff, 0xff, 0xff, 0xff, 0xff, 0xff,
    0xff, 0xff, 0xff, 0xff, 0xfc, 0x8f, 0xff, 0xff,
    0xef, 0xff, 0xff, 0xff, 0xff, 0xff, 0xff, 0xff,
    0xff, 0xff, 0xc6, 0xff, 0xec, 0x60, 0x5b, 0xef,
    0xff, 0xff, 0xff, 0xff, 0xff, 0xff, 0xff, 0xfc,

    /* U+FEBC "ﺼ" */
    0x0, 0x0, 0x0, 0x0, 0x0, 0x0, 0x0, 0x0,
    0x2, 0x32, 0x10, 0x0, 0x0, 0x0, 0x0, 0x0,
    0x0, 0x0, 0x0, 0x0, 0x0, 0x0, 0x3, 0xaf,
    0xff, 0xff, 0xd6, 0x0, 0x0, 0x0, 0x0, 0x0,
    0x0, 0x0, 0x0, 0x0, 0x0, 0x9, 0xff, 0xff,
    0xff, 0xff, 0xfc, 0x10, 0x0, 0x0, 0x0, 0x0,
    0x0, 0x1, 0x10, 0x0, 0xb, 0xff, 0xff, 0xfe,
    0xef, 0xff, 0xfd, 0x0, 0x0, 0x0, 0x0, 0x0,
    0xc, 0xff, 0x0, 0xa, 0xff, 0xfb, 0x40, 0x0,
    0x17, 0xff, 0xf8, 0x0, 0x0, 0x0, 0x0, 0x0,
    0xcf, 0xf0, 0x4, 0xff, 0xf5, 0x0, 0x0, 0x0,
    0x4, 0xff, 0xf0, 0x0, 0x0, 0x0, 0x0, 0xc,
    0xff, 0x0, 0xdf, 0xf5, 0x0, 0x0, 0x0, 0x0,
    0xa, 0xff, 0x50, 0x0, 0x0, 0x0, 0x0, 0xcf,
    0xf0, 0x4f, 0xfa, 0x0, 0x0, 0x0, 0x0, 0x0,
    0x5f, 0xf9, 0x0, 0x0, 0x0, 0x0, 0xc, 0xff,
    0xa, 0xff, 0x10, 0x0, 0x0, 0x0, 0x0, 0x2,
    0xff, 0xb0, 0x0, 0x0, 0x0, 0x0, 0xcf, 0xf0,
    0xef, 0xb0, 0x0, 0x0, 0x0, 0x0, 0x0, 0x1f,
    0xfb, 0x0, 0x0, 0x0, 0x0, 0xd, 0xff, 0x3f,
    0xf6, 0x0, 0x0, 0x0, 0x0, 0x0, 0x1, 0xff,
    0xb0, 0x0, 0x0, 0x0, 0x0, 0xef, 0xf7, 0xff,
    0x30, 0x0, 0x0, 0x0, 0x0, 0x0, 0x1f, 0xfb,
    0x0, 0x0, 0x3, 0x34, 0x9f, 0xff, 0xef, 0xf5,
    0x33, 0x33, 0x33, 0x33, 0x33, 0x34, 0xff, 0xc3,
    0x33, 0x17, 0xff, 0xff, 0xff, 0xff, 0xff, 0xff,
    0xff, 0xff, 0xff, 0xff, 0xff, 0xff, 0xff, 0xff,
    0xf8, 0x8f, 0xff, 0xff, 0xef, 0xff, 0xff, 0xff,
    0xff, 0xff, 0xff, 0xff, 0xff, 0xff, 0xff, 0xff,
    0x96, 0xff, 0xec, 0x60, 0x5b, 0xef, 0xff, 0xff,
    0xff, 0xff, 0xff, 0xff, 0xff, 0xff, 0xff, 0xf7,

    /* U+FEBE "ﺾ" */
    0x0, 0x0, 0x0, 0x0, 0x0, 0x0, 0x0, 0x0,
    0x0, 0x0, 0x0, 0x0, 0x0, 0x6, 0xfd, 0x20,
    0x0, 0x0, 0x0, 0x0, 0x0, 0x0, 0x0, 0x0,
    0x0, 0x0, 0x0, 0x0, 0x0, 0x0, 0x0, 0x0,
    0x0, 0x0, 0xff, 0xfa, 0x0, 0x0, 0x0, 0x0,
    0x0, 0x0, 0x0, 0x0, 0x0, 0x0, 0x0, 0x0,
    0x0, 0x0, 0x0, 0x0, 0x0, 0x0, 0xe, 0xff,
    0x90, 0x0, 0x0, 0x0, 0x0, 0x0, 0x0, 0x0,
    0x0, 0x0, 0x0, 0x0, 0x0, 0x0, 0x0, 0x0,
    0x0, 0x0, 0x0, 0x3b, 0x90, 0x0, 0x0, 0x0,
    0x0, 0x0, 0x0, 0x0, 0x0, 0x0, 0x0, 0x0,
    0x0, 0x0, 0x0, 0x0, 0x0, 0x0, 0x0, 0x0,
    0x0, 0x0, 0x0, 0x0, 0x0, 0x0, 0x0, 0x0,
    0x0, 0x0, 0x0, 0x0, 0x0, 0x0, 0x0, 0x0,
    0x0, 0x0, 0x0, 0x0, 0x0, 0x0, 0x0, 0x0,
    0x0, 0x0, 0x0, 0x0, 0x0, 0x0, 0x0, 0x0,
    0x0, 0x0, 0x0, 0x0, 0x0, 0x0, 0x0, 0x0,
    0x0, 0x0, 0x0, 0x0, 0x0, 0x0, 0x0, 0x0,
    0x0, 0x0, 0x0, 0x0, 0x0, 0x0, 0x0, 0x0,
    0x0, 0x0, 0x0, 0x0, 0x0, 0x23, 0x21, 0x0,
    0x0, 0x0, 0x0, 0x0, 0x0, 0x0, 0x0, 0x0,
    0x0, 0x0, 0x0, 0x0, 0x0, 0x0, 0x0, 0x0,
    0x2a, 0xff, 0xff, 0xfd, 0x70, 0x0, 0x0, 0x0,
    0x0, 0x0, 0x0, 0x0, 0x0, 0x0, 0x0, 0x0,
    0x0, 0x0, 0x0, 0x0, 0x8f, 0xff, 0xff, 0xff,
    0xff, 0xd2, 0x0, 0x0, 0x0, 0x0, 0x0, 0x0,
    0x0, 0x0, 0x0, 0x0, 0x0, 0x11, 0x0, 0x0,
    0xaf, 0xff, 0xff, 0xee, 0xff, 0xff, 0xd1, 0x0,
    0x0, 0x0, 0x0, 0x0, 0x0, 0x0, 0x0, 0x0,
    0x0, 0xbf, 0xf1, 0x0, 0x8f, 0xff, 0xb4, 0x0,
    0x1, 0x7f, 0xff, 0x90, 0x0, 0x0, 0x0, 0x0,
    0x0, 0x0, 0x0, 0x0, 0x0, 0xb, 0xff, 0x10,
    0x3f, 0xff, 0x60, 0x0, 0x0, 0x0, 0x3f, 0xff,
    0x10, 0x0, 0x0, 0x0, 0x0, 0x0, 0x0, 0x0,
    0x0, 0x0, 0xbf, 0xf1, 0xc, 0xff, 0x60, 0x0,
    0x0, 0x0, 0x0, 0x9f, 0xf6, 0x0, 0x0, 0x13,
    0x0, 0x0, 0x0, 0x0, 0x0, 0x0, 0xb, 0xff,
    0x13, 0xff, 0xb0, 0x0, 0x0, 0x0, 0x0, 0x4,
    0xff, 0xa0, 0x0, 0x6, 0xff, 0x60, 0x0, 0x0,
    0x0, 0x0, 0x0, 0xbf, 0xf1, 0x9f, 0xf2, 0x0,
    0x0, 0x0, 0x0, 0x0, 0x1f, 0xfc, 0x0, 0x0,
    0x9f, 0xf3, 0x0, 0x0, 0x0, 0x0, 0x0, 0xb,
    0xff, 0x1d, 0xfc, 0x0, 0x0, 0x0, 0x0, 0x0,
    0x0, 0xff, 0xc0, 0x0, 0xb, 0xff, 0x10, 0x0,
    0x0, 0x0, 0x0, 0x0, 0xbf, 0xf3, 0xff, 0x80,
    0x0, 0x0, 0x0, 0x0, 0x0, 0xf, 0xfc, 0x0,
    0x0, 0xdf, 0xf0, 0x0, 0x0, 0x0, 0x0, 0x0,
    0xc, 0xff, 0x7f, 0xf4, 0x0, 0x0, 0x0, 0x0,
    0x0, 0x0, 0xff, 0xc0, 0x0, 0xd, 0xff, 0x0,
    0x0, 0x0, 0x0, 0x0, 0x0, 0xcf, 0xfe, 0xff,
    0x53, 0x33, 0x33, 0x33, 0x33, 0x33, 0x4f, 0xfd,
    0x33, 0x31, 0xdf, 0xf0, 0x0, 0x0, 0x0, 0x0,
    0x0, 0xc, 0xff, 0xff, 0xff, 0xff, 0xff, 0xff,
    0xff, 0xff, 0xff, 0xff, 0xff, 0xff, 0x8b, 0xff,
    0x20, 0x0, 0x0, 0x0, 0x0, 0x0, 0xff, 0xff,
    0xff, 0xff, 0xff, 0xff, 0xff, 0xff, 0xff, 0xff,
    0xff, 0xff, 0xfa, 0x8f, 0xf7, 0x0, 0x0, 0x0,
    0x0, 0x0, 0x4f, 0xfd, 0xbe, 0xff, 0xff, 0xff,
    0xff, 0xff, 0xff, 0xff, 0xff, 0xff, 0xff, 0x73,
    0xff, 0xe1, 0x0, 0x0, 0x0, 0x0, 0xc, 0xff,
    0x60, 0x0, 0x0, 0x0, 0x0, 0x0, 0x0, 0x0,
    0x0, 0x0, 0x0, 0x0, 0xc, 0xff, 0xc1, 0x0,
    0x0, 0x0, 0x9, 0xff, 0xf1, 0x0, 0x0, 0x0,
    0x0, 0x0, 0x0, 0x0, 0x0, 0x0, 0x0, 0x0,
    0x0, 0x3f, 0xff, 0xe7, 0x20, 0x2, 0x6d, 0xff,
    0xf6, 0x0, 0x0, 0x0, 0x0, 0x0, 0x0, 0x0,
    0x0, 0x0, 0x0, 0x0, 0x0, 0x0, 0x7f, 0xff,
    0xff, 0xff, 0xff, 0xff, 0xfa, 0x0, 0x0, 0x0,
    0x0, 0x0, 0x0, 0x0, 0x0, 0x0, 0x0, 0x0,
    0x0, 0x0, 0x0, 0x6f, 0xff, 0xff, 0xff, 0xff,
    0xf8, 0x0, 0x0, 0x0, 0x0, 0x0, 0x0, 0x0,
    0x0, 0x0, 0x0, 0x0, 0x0, 0x0, 0x0, 0x0,
    0x18, 0xef, 0xff, 0xff, 0xa3, 0x0, 0x0, 0x0,
    0x0, 0x0, 0x0, 0x0, 0x0, 0x0, 0x0, 0x0,
    0x0, 0x0, 0x0, 0x0, 0x0, 0x0, 0x13, 0x32,
    0x0, 0x0, 0x0, 0x0, 0x0, 0x0, 0x0, 0x0,
    0x0, 0x0, 0x0, 0x0, 0x0, 0x0, 0x0,

    /* U+FEBF "ﺿ" */
    0x0, 0x0, 0x0, 0x0, 0x0, 0x0, 0x0, 0x0,
    0x7, 0xfd, 0x20, 0x0, 0x0, 0x0, 0x0, 0x0,
    0x0, 0x0, 0x0, 0x0, 0x0, 0x1, 0xff, 0xf9,
    0x0, 0x0, 0x0, 0x0, 0x0, 0x0, 0x0, 0x0,
    0x0, 0x0, 0x0, 0xf, 0xff, 0x70, 0x0, 0x0,
    0x0, 0x0, 0x0, 0x0, 0x0, 0x0, 0x0, 0x0,
    0x0, 0x4b, 0x90, 0x0, 0x0, 0x0, 0x0, 0x0,
    0x0, 0x0, 0x0, 0x0, 0x0, 0x0, 0x0, 0x0,
    0x0, 0x0, 0x0, 0x0, 0x0, 0x0, 0x0, 0x0,
    0x0, 0x0, 0x0, 0x0, 0x0, 0x0, 0x0, 0x0,
    0x0, 0x0, 0x0, 0x0, 0x0, 0x0, 0x0, 0x0,
    0x0, 0x0, 0x0, 0x0, 0x0, 0x0, 0x0, 0x0,
    0x0, 0x0, 0x0, 0x0, 0x0, 0x0, 0x0, 0x23,
    0x21, 0x0, 0x0, 0x0, 0x0, 0x0, 0x0, 0x0,
    0x0, 0x0, 0x0, 0x3a, 0xff, 0xff, 0xfd, 0x60,
    0x0, 0x0, 0x0, 0x0, 0x0, 0x0, 0x0, 0x0,
    0x9f, 0xff, 0xff, 0xff, 0xff, 0xc1, 0x0, 0x0,
    0x0, 0x0, 0x11, 0x0, 0x0, 0xbf, 0xff, 0xff,
    0xee, 0xff, 0xff, 0xd0, 0x0, 0x0, 0x0, 0xcf,
    0xf0, 0x0, 0xaf, 0xff, 0xb4, 0x0, 0x1, 0x7f,
    0xff, 0x80, 0x0, 0x0, 0xc, 0xff, 0x0, 0x4f,
    0xff, 0x50, 0x0, 0x0, 0x0, 0x4f, 0xff, 0x0,
    0x0, 0x0, 0xcf, 0xf0, 0xd, 0xff, 0x50, 0x0,
    0x0, 0x0, 0x0, 0xaf, 0xf5, 0x0, 0x0, 0xc,
    0xff, 0x4, 0xff, 0xa0, 0x0, 0x0, 0x0, 0x0,
    0x5, 0xff, 0x90, 0x0, 0x0, 0xcf, 0xf0, 0xaf,
    0xf1, 0x0, 0x0, 0x0, 0x0, 0x0, 0x2f, 0xfb,
    0x0, 0x0, 0xc, 0xff, 0xe, 0xfb, 0x0, 0x0,
    0x0, 0x0, 0x0, 0x1, 0xff, 0xb0, 0x0, 0x0,
    0xdf, 0xf3, 0xff, 0x60, 0x0, 0x0, 0x0, 0x0,
    0x0, 0x1f, 0xfb, 0x0, 0x0, 0xe, 0xff, 0x7f,
    0xf3, 0x0, 0x0, 0x0, 0x0, 0x0, 0x1, 0xff,
    0xb0, 0x33, 0x49, 0xff, 0xfe, 0xff, 0x53, 0x33,
    0x33, 0x33, 0x33, 0x33, 0x4f, 0xfb, 0x7f, 0xff,
    0xff, 0xff, 0xff, 0xff, 0xff, 0xff, 0xff, 0xff,
    0xff, 0xff, 0xff, 0xc8, 0xff, 0xff, 0xfe, 0xff,
    0xff, 0xff, 0xff, 0xff, 0xff, 0xff, 0xff, 0xff,
    0xfc, 0x6f, 0xfe, 0xc6, 0x5, 0xbe, 0xff, 0xff,
    0xff, 0xff, 0xff, 0xff, 0xff, 0xff, 0xc0,

    /* U+FEC0 "ﻀ" */
    0x0, 0x0, 0x0, 0x0, 0x0, 0x0, 0x0, 0x0,
    0x7, 0xfd, 0x20, 0x0, 0x0, 0x0, 0x0, 0x0,
    0x0, 0x0, 0x0, 0x0, 0x0, 0x0, 0x0, 0x1,
    0xff, 0xf9, 0x0, 0x0, 0x0, 0x0, 0x0, 0x0,
    0x0, 0x0, 0x0, 0x0, 0x0, 0x0, 0x0, 0xf,
    0xff, 0x70, 0x0, 0x0, 0x0, 0x0, 0x0, 0x0,
    0x0, 0x0, 0x0, 0x0, 0x0, 0x0, 0x0, 0x4b,
    0x90, 0x0, 0x0, 0x0, 0x0, 0x0, 0x0, 0x0,
    0x0, 0x0, 0x0, 0x0, 0x0, 0x0, 0x0, 0x0,
    0x0, 0x0, 0x0, 0x0, 0x0, 0x0, 0x0, 0x0,
    0x0, 0x0, 0x0, 0x0, 0x0, 0x0, 0x0, 0x0,
    0x0, 0x0, 0x0, 0x0, 0x0, 0x0, 0x0, 0x0,
    0x0, 0x0, 0x0, 0x0, 0x0, 0x0, 0x0, 0x0,
    0x0, 0x0, 0x0, 0x0, 0x0, 0x0, 0x0, 0x0,
    0x0, 0x0, 0x0, 0x0, 0x0, 0x23, 0x21, 0x0,
    0x0, 0x0, 0x0, 0x0, 0x0, 0x0, 0x0, 0x0,
    0x0, 0x0, 0x0, 0x3a, 0xff, 0xff, 0xfd, 0x60,
    0x0, 0x0, 0x0, 0x0, 0x0, 0x0, 0x0, 0x0,
    0x0, 0x0, 0x9f, 0xff, 0xff, 0xff, 0xff, 0xc1,
    0x0, 0x0, 0x0, 0x0, 0x0, 0x0, 0x11, 0x0,
    0x0, 0xbf, 0xff, 0xff, 0xee, 0xff, 0xff, 0xd0,
    0x0, 0x0, 0x0, 0x0, 0x0, 0xcf, 0xf0, 0x0,
    0xaf, 0xff, 0xb4, 0x0, 0x1, 0x7f, 0xff, 0x80,
    0x0, 0x0, 0x0, 0x0, 0xc, 0xff, 0x0, 0x4f,
    0xff, 0x50, 0x0, 0x0, 0x0, 0x4f, 0xff, 0x0,
    0x0, 0x0, 0x0, 0x0, 0xcf, 0xf0, 0xd, 0xff,
    0x50, 0x0, 0x0, 0x0, 0x0, 0xaf, 0xf5, 0x0,
    0x0, 0x0, 0x0, 0xc, 0xff, 0x4, 0xff, 0xa0,
    0x0, 0x0, 0x0, 0x0, 0x5, 0xff, 0x90, 0x0,
    0x0, 0x0, 0x0, 0xcf, 0xf0, 0xaf, 0xf1, 0x0,
    0x0, 0x0, 0x0, 0x0, 0x2f, 0xfb, 0x0, 0x0,
    0x0, 0x0, 0xc, 0xff, 0xe, 0xfb, 0x0, 0x0,
    0x0, 0x0, 0x0, 0x1, 0xff, 0xb0, 0x0, 0x0,
    0x0, 0x0, 0xdf, 0xf3, 0xff, 0x60, 0x0, 0x0,
    0x0, 0x0, 0x0, 0x1f, 0xfb, 0x0, 0x0, 0x0,
    0x0, 0xe, 0xff, 0x7f, 0xf3, 0x0, 0x0, 0x0,
    0x0, 0x0, 0x1, 0xff, 0xb0, 0x0, 0x0, 0x33,
    0x49, 0xff, 0xfe, 0xff, 0x53, 0x33, 0x33, 0x33,
    0x33, 0x33, 0x4f, 0xfc, 0x33, 0x31, 0x7f, 0xff,
    0xff, 0xff, 0xff, 0xff, 0xff, 0xff, 0xff, 0xff,
    0xff, 0xff, 0xff, 0xff, 0xff, 0x88, 0xff, 0xff,
    0xfe, 0xff, 0xff, 0xff, 0xff, 0xff, 0xff, 0xff,
    0xff, 0xff, 0xff, 0xff, 0xf9, 0x6f, 0xfe, 0xc6,
    0x5, 0xbe, 0xff, 0xff, 0xff, 0xff, 0xff, 0xff,
    0xff, 0xff, 0xff, 0xff, 0x70,

    /* U+FEC2 "ﻂ" */
    0x0, 0x9f, 0xf4, 0x0, 0x0, 0x0, 0x0, 0x0,
    0x0, 0x0, 0x0, 0x0, 0x0, 0x9, 0xff, 0x40,
    0x0, 0x0, 0x0, 0x0, 0x0, 0x0, 0x0, 0x0,
    0x0, 0x0, 0x9f, 0xf4, 0x0, 0x0, 0x0, 0x0,
    0x0, 0x0, 0x0, 0x0, 0x0, 0x0, 0x9, 0xff,
    0x40, 0x0, 0x0, 0x0, 0x0, 0x0, 0x0, 0x0,
    0x0, 0x0, 0x0, 0x9f, 0xf4, 0x0, 0x0, 0x0,
    0x0, 0x0, 0x0, 0x0, 0x0, 0x0, 0x0, 0x9,
    0xff, 0x40, 0x0, 0x0, 0x0, 0x0, 0x0, 0x0,
    0x0, 0x0, 0x0, 0x0, 0x9f, 0xf4, 0x0, 0x0,
    0x0, 0x0, 0x0, 0x0, 0x0, 0x0, 0x0, 0x0,
    0x9, 0xff, 0x40, 0x0, 0x0, 0x23, 0x20, 0x0,
    0x0, 0x0, 0x0, 0x0, 0x0, 0x9f, 0xf4, 0x0,
    0x19, 0xef, 0xff, 0xfc, 0x60, 0x0, 0x0, 0x0,
    0x0, 0x9, 0xff, 0x40, 0x4e, 0xff, 0xff, 0xff,
    0xff, 0xc1, 0x0, 0x0, 0x0, 0x0, 0x9f, 0xf4,
    0x4f, 0xff, 0xff, 0xff, 0xff, 0xff, 0xc0, 0x0,
    0x0, 0x0, 0x9, 0xff, 0x6f, 0xff, 0xc5, 0x10,
    0x3, 0xaf, 0xff, 0x70, 0x0, 0x0, 0x0, 0x9f,
    0xfe, 0xff, 0x60, 0x0, 0x0, 0x0, 0x7f, 0xfe,
    0x0, 0x0, 0x0, 0x9, 0xff, 0xff, 0x50, 0x0,
    0x0, 0x0, 0x0, 0xcf, 0xf4, 0x0, 0x0, 0x0,
    0x9f, 0xff, 0x90, 0x0, 0x0, 0x0, 0x0, 0x6,
    0xff, 0x80, 0x0, 0x0, 0x9, 0xff, 0xf1, 0x0,
    0x0, 0x0, 0x0, 0x0, 0x3f, 0xfa, 0x0, 0x0,
    0x0, 0x9f, 0xfa, 0x0, 0x0, 0x0, 0x0, 0x0,
    0x2, 0xff, 0xa0, 0x0, 0x0, 0x9, 0xff, 0x60,
    0x0, 0x0, 0x0, 0x0, 0x0, 0x2f, 0xfa, 0x0,
    0x0, 0x0, 0x9f, 0xf2, 0x0, 0x0, 0x0, 0x0,
    0x0, 0x2, 0xff, 0xa0, 0x0, 0x3, 0x3a, 0xff,
    0x43, 0x33, 0x33, 0x33, 0x33, 0x33, 0x5f, 0xfb,
    0x33, 0x30, 0xef, 0xff, 0xff, 0xff, 0xff, 0xff,
    0xff, 0xff, 0xff, 0xff, 0xff, 0xff, 0x7e, 0xff,
    0xff, 0xff, 0xff, 0xff, 0xff, 0xff, 0xff, 0xff,
    0xff, 0xff, 0xf8, 0xef, 0xff, 0xff, 0xff, 0xff,
    0xff, 0xff, 0xff, 0xff, 0xff, 0xff, 0xff, 0x60,

    /* U+FEC3 "ﻃ" */
    0x0, 0x0, 0xc, 0xff, 0x0, 0x0, 0x0, 0x0,
    0x0, 0x0, 0x0, 0x0, 0x0, 0x0, 0xc, 0xff,
    0x0, 0x0, 0x0, 0x0, 0x0, 0x0, 0x0, 0x0,
    0x0, 0x0, 0xc, 0xff, 0x0, 0x0, 0x0, 0x0,
    0x0, 0x0, 0x0, 0x0, 0x0, 0x0, 0xc, 0xff,
    0x0, 0x0, 0x0, 0x0, 0x0, 0x0, 0x0, 0x0,
    0x0, 0x0, 0xc, 0xff, 0x0, 0x0, 0x0, 0x0,
    0x0, 0x0, 0x0, 0x0, 0x0, 0x0, 0xc, 0xff,
    0x0, 0x0, 0x0, 0x0, 0x0, 0x0, 0x0, 0x0,
    0x0, 0x0, 0xc, 0xff, 0x0, 0x0, 0x0, 0x0,
    0x0, 0x0, 0x0, 0x0, 0x0, 0x0, 0xc, 0xff,
    0x0, 0x0, 0x0, 0x23, 0x20, 0x0, 0x0, 0x0,
    0x0, 0x0, 0xc, 0xff, 0x0, 0x2, 0xaf, 0xff,
    0xff, 0xb4, 0x0, 0x0, 0x0, 0x0, 0xc, 0xff,
    0x0, 0x7f, 0xff, 0xff, 0xff, 0xff, 0x90, 0x0,
    0x0, 0x0, 0xc, 0xff, 0x8, 0xff, 0xff, 0xff,
    0xff, 0xff, 0xf8, 0x0, 0x0, 0x0, 0xc, 0xff,
    0x5f, 0xff, 0xa4, 0x10, 0x15, 0xcf, 0xff, 0x30,
    0x0, 0x0, 0xc, 0xff, 0xef, 0xe3, 0x0, 0x0,
    0x0, 0xa, 0xff, 0xb0, 0x0, 0x0, 0xc, 0xff,
    0xff, 0x20, 0x0, 0x0, 0x0, 0x1, 0xff, 0xf0,
    0x0, 0x0, 0xc, 0xff, 0xf5, 0x0, 0x0, 0x0,
    0x0, 0x0, 0xaf, 0xf4, 0x0, 0x0, 0xc, 0xff,
    0xd0, 0x0, 0x0, 0x0, 0x0, 0x0, 0x7f, 0xf6,
    0x0, 0x0, 0xc, 0xff, 0x60, 0x0, 0x0, 0x0,
    0x0, 0x0, 0x6f, 0xf6, 0x0, 0x0, 0xc, 0xff,
    0x20, 0x0, 0x0, 0x0, 0x0, 0x0, 0x6f, 0xf6,
    0x0, 0x0, 0xc, 0xfe, 0x0, 0x0, 0x0, 0x0,
    0x0, 0x0, 0x6f, 0xf6, 0x3, 0x33, 0x3d, 0xfd,
    0x33, 0x33, 0x33, 0x33, 0x33, 0x33, 0x8f, 0xf7,
    0x7f, 0xff, 0xff, 0xff, 0xff, 0xff, 0xff, 0xff,
    0xff, 0xff, 0xff, 0xf8, 0x8f, 0xff, 0xff, 0xff,
    0xff, 0xff, 0xff, 0xff, 0xff, 0xff, 0xff, 0xf8,
    0x6f, 0xff, 0xff, 0xff, 0xff, 0xff, 0xff, 0xff,
    0xff, 0xff, 0xff, 0xf8,

    /* U+FEC4 "ﻄ" */
    0x0, 0x0, 0xc, 0xff, 0x0, 0x0, 0x0, 0x0,
    0x0, 0x0, 0x0, 0x0, 0x0, 0x0, 0x0, 0x0,
    0xc, 0xff, 0x0, 0x0, 0x0, 0x0, 0x0, 0x0,
    0x0, 0x0, 0x0, 0x0, 0x0, 0x0, 0xc, 0xff,
    0x0, 0x0, 0x0, 0x0, 0x0, 0x0, 0x0, 0x0,
    0x0, 0x0, 0x0, 0x0, 0xc, 0xff, 0x0, 0x0,
    0x0, 0x0, 0x0, 0x0, 0x0, 0x0, 0x0, 0x0,
    0x0, 0x0, 0xc, 0xff, 0x0, 0x0, 0x0, 0x0,
    0x0, 0x0, 0x0, 0x0, 0x0, 0x0, 0x0, 0x0,
    0xc, 0xff, 0x0, 0x0, 0x0, 0x0, 0x0, 0x0,
    0x0, 0x0, 0x0, 0x0, 0x0, 0x0, 0xc, 0xff,
    0x0, 0x0, 0x0, 0x0, 0x0, 0x0, 0x0, 0x0,
    0x0, 0x0, 0x0, 0x0, 0xc, 0xff, 0x0, 0x0,
    0x0, 0x23, 0x20, 0x0, 0x0, 0x0, 0x0, 0x0,
    0x0, 0x0, 0xc, 0xff, 0x0, 0x2, 0xaf, 0xff,
    0xff, 0xb4, 0x0, 0x0, 0x0, 0x0, 0x0, 0x0,
    0xc, 0xff, 0x0, 0x7f, 0xff, 0xff, 0xff, 0xff,
    0x90, 0x0, 0x0, 0x0, 0x0, 0x0, 0xc, 0xff,
    0x8, 0xff, 0xff, 0xff, 0xff, 0xff, 0xf8, 0x0,
    0x0, 0x0, 0x0, 0x0, 0xc, 0xff, 0x5f, 0xff,
    0xa4, 0x10, 0x15, 0xcf, 0xff, 0x30, 0x0, 0x0,
    0x0, 0x0, 0xc, 0xff, 0xef, 0xe3, 0x0, 0x0,
    0x0, 0xa, 0xff, 0xb0, 0x0, 0x0, 0x0, 0x0,
    0xc, 0xff, 0xff, 0x20, 0x0, 0x0, 0x0, 0x1,
    0xff, 0xf0, 0x0, 0x0, 0x0, 0x0, 0xc, 0xff,
    0xf5, 0x0, 0x0, 0x0, 0x0, 0x0, 0xaf, 0xf4,
    0x0, 0x0, 0x0, 0x0, 0xc, 0xff, 0xd0, 0x0,
    0x0, 0x0, 0x0, 0x0, 0x7f, 0xf6, 0x0, 0x0,
    0x0, 0x0, 0xc, 0xff, 0x60, 0x0, 0x0, 0x0,
    0x0, 0x0, 0x6f, 0xf6, 0x0, 0x0, 0x0, 0x0,
    0xc, 0xff, 0x20, 0x0, 0x0, 0x0, 0x0, 0x0,
    0x6f, 0xf6, 0x0, 0x0, 0x0, 0x0, 0xc, 0xfe,
    0x0, 0x0, 0x0, 0x0, 0x0, 0x0, 0x6f, 0xf6,
    0x0, 0x0, 0x3, 0x33, 0x3d, 0xfd, 0x33, 0x33,
    0x33, 0x33, 0x33, 0x33, 0x8f, 0xf8, 0x33, 0x30,
    0x7f, 0xff, 0xff, 0xff, 0xff, 0xff, 0xff, 0xff,
    0xff, 0xff, 0xff, 0xff, 0xff, 0xf3, 0x8f, 0xff,
    0xff, 0xff, 0xff, 0xff, 0xff, 0xff, 0xff, 0xff,
    0xff, 0xff, 0xff, 0xf4, 0x6f, 0xff, 0xff, 0xff,
    0xff, 0xff, 0xff, 0xff, 0xff, 0xff, 0xff, 0xff,
    0xff, 0xf2,

    /* U+FEC6 "ﻆ" */
    0x0, 0x9f, 0xf4, 0x0, 0x0, 0x8, 0xfc, 0x10,
    0x0, 0x0, 0x0, 0x0, 0x0, 0x9, 0xff, 0x40,
    0x0, 0x1, 0xff, 0xf7, 0x0, 0x0, 0x0, 0x0,
    0x0, 0x0, 0x9f, 0xf4, 0x0, 0x0, 0x1f, 0xff,
    0x70, 0x0, 0x0, 0x0, 0x0, 0x0, 0x9, 0xff,
    0x40, 0x0, 0x0, 0x5c, 0x90, 0x0, 0x0, 0x0,
    0x0, 0x0, 0x0, 0x9f, 0xf4, 0x0, 0x0, 0x0,
    0x0, 0x0, 0x0, 0x0, 0x0, 0x0, 0x0, 0x9,
    0xff, 0x40, 0x0, 0x0, 0x0, 0x0, 0x0, 0x0,
    0x0, 0x0, 0x0, 0x0, 0x9f, 0xf4, 0x0, 0x0,
    0x0, 0x0, 0x0, 0x0, 0x0, 0x0, 0x0, 0x0,
    0x9, 0xff, 0x40, 0x0, 0x0, 0x23, 0x20, 0x0,
    0x0, 0x0, 0x0, 0x0, 0x0, 0x9f, 0xf4, 0x0,
    0x19, 0xef, 0xff, 0xfc, 0x60, 0x0, 0x0, 0x0,
    0x0, 0x9, 0xff, 0x40, 0x4e, 0xff, 0xff, 0xff,
    0xff, 0xc1, 0x0, 0x0, 0x0, 0x0, 0x9f, 0xf4,
    0x4f, 0xff, 0xff, 0xff, 0xff, 0xff, 0xc0, 0x0,
    0x0, 0x0, 0x9, 0xff, 0x6f, 0xff, 0xc5, 0x10,
    0x3, 0xaf, 0xff, 0x70, 0x0, 0x0, 0x0, 0x9f,
    0xfe, 0xff, 0x60, 0x0, 0x0, 0x0, 0x7f, 0xfe,
    0x0, 0x0, 0x0, 0x9, 0xff, 0xff, 0x50, 0x0,
    0x0, 0x0, 0x0, 0xcf, 0xf4, 0x0, 0x0, 0x0,
    0x9f, 0xff, 0x90, 0x0, 0x0, 0x0, 0x0, 0x6,
    0xff, 0x80, 0x0, 0x0, 0x9, 0xff, 0xf1, 0x0,
    0x0, 0x0, 0x0, 0x0, 0x3f, 0xfa, 0x0, 0x0,
    0x0, 0x9f, 0xfa, 0x0, 0x0, 0x0, 0x0, 0x0,
    0x2, 0xff, 0xa0, 0x0, 0x0, 0x9, 0xff, 0x60,
    0x0, 0x0, 0x0, 0x0, 0x0, 0x2f, 0xfa, 0x0,
    0x0, 0x0, 0x9f, 0xf2, 0x0, 0x0, 0x0, 0x0,
    0x0, 0x2, 0xff, 0xa0, 0x0, 0x3, 0x3a, 0xff,
    0x43, 0x33, 0x33, 0x33, 0x33, 0x33, 0x5f, 0xfb,
    0x33, 0x30, 0xef, 0xff, 0xff, 0xff, 0xff, 0xff,
    0xff, 0xff, 0xff, 0xff, 0xff, 0xff, 0x7e, 0xff,
    0xff, 0xff, 0xff, 0xff, 0xff, 0xff, 0xff, 0xff,
    0xff, 0xff, 0xf8, 0xef, 0xff, 0xff, 0xff, 0xff,
    0xff, 0xff, 0xff, 0xff, 0xff, 0xff, 0xff, 0x60,

    /* U+FEC7 "ﻇ" */
    0x0, 0x0, 0xc, 0xff, 0x0, 0x0, 0x0, 0xbf,
    0xa0, 0x0, 0x0, 0x0, 0x0, 0x0, 0xc, 0xff,
    0x0, 0x0, 0x5, 0xff, 0xf4, 0x0, 0x0, 0x0,
    0x0, 0x0, 0xc, 0xff, 0x0, 0x0, 0x4, 0xff,
    0xf3, 0x0, 0x0, 0x0, 0x0, 0x0, 0xc, 0xff,
    0x0, 0x0, 0x0, 0x8c, 0x70, 0x0, 0x0, 0x0,
    0x0, 0x0, 0xc, 0xff, 0x0, 0x0, 0x0, 0x0,
    0x0, 0x0, 0x0, 0x0, 0x0, 0x0, 0xc, 0xff,
    0x0, 0x0, 0x0, 0x0, 0x0, 0x0, 0x0, 0x0,
    0x0, 0x0, 0xc, 0xff, 0x0, 0x0, 0x0, 0x0,
    0x0, 0x0, 0x0, 0x0, 0x0, 0x0, 0xc, 0xff,
    0x0, 0x0, 0x0, 0x23, 0x20, 0x0, 0x0, 0x0,
    0x0, 0x0, 0xc, 0xff, 0x0, 0x2, 0xaf, 0xff,
    0xff, 0xb4, 0x0, 0x0, 0x0, 0x0, 0xc, 0xff,
    0x0, 0x7f, 0xff, 0xff, 0xff, 0xff, 0x90, 0x0,
    0x0, 0x0, 0xc, 0xff, 0x8, 0xff, 0xff, 0xff,
    0xff, 0xff, 0xf8, 0x0, 0x0, 0x0, 0xc, 0xff,
    0x5f, 0xff, 0xa4, 0x10, 0x15, 0xcf, 0xff, 0x30,
    0x0, 0x0, 0xc, 0xff, 0xef, 0xe3, 0x0, 0x0,
    0x0, 0xa, 0xff, 0xb0, 0x0, 0x0, 0xc, 0xff,
    0xff, 0x20, 0x0, 0x0, 0x0, 0x1, 0xff, 0xf0,
    0x0, 0x0, 0xc, 0xff, 0xf5, 0x0, 0x0, 0x0,
    0x0, 0x0, 0xaf, 0xf4, 0x0, 0x0, 0xc, 0xff,
    0xd0, 0x0, 0x0, 0x0, 0x0, 0x0, 0x7f, 0xf6,
    0x0, 0x0, 0xc, 0xff, 0x60, 0x0, 0x0, 0x0,
    0x0, 0x0, 0x6f, 0xf6, 0x0, 0x0, 0xc, 0xff,
    0x20, 0x0, 0x0, 0x0, 0x0, 0x0, 0x6f, 0xf6,
    0x0, 0x0, 0xc, 0xfe, 0x0, 0x0, 0x0, 0x0,
    0x0, 0x0, 0x6f, 0xf6, 0x3, 0x33, 0x3d, 0xfd,
    0x33, 0x33, 0x33, 0x33, 0x33, 0x33, 0x8f, 0xf7,
    0x7f, 0xff, 0xff, 0xff, 0xff, 0xff, 0xff, 0xff,
    0xff, 0xff, 0xff, 0xf8, 0x8f, 0xff, 0xff, 0xff,
    0xff, 0xff, 0xff, 0xff, 0xff, 0xff, 0xff, 0xf8,
    0x6f, 0xff, 0xff, 0xff, 0xff, 0xff, 0xff, 0xff,
    0xff, 0xff, 0xff, 0xf8,

    /* U+FEC8 "ﻈ" */
    0x0, 0x0, 0xc, 0xff, 0x0, 0x0, 0x0, 0xbf,
    0xa0, 0x0, 0x0, 0x0, 0x0, 0x0, 0x0, 0x0,
    0xc, 0xff, 0x0, 0x0, 0x5, 0xff, 0xf4, 0x0,
    0x0, 0x0, 0x0, 0x0, 0x0, 0x0, 0xc, 0xff,
    0x0, 0x0, 0x4, 0xff, 0xf3, 0x0, 0x0, 0x0,
    0x0, 0x0, 0x0, 0x0, 0xc, 0xff, 0x0, 0x0,
    0x0, 0x8c, 0x70, 0x0, 0x0, 0x0, 0x0, 0x0,
    0x0, 0x0, 0xc, 0xff, 0x0, 0x0, 0x0, 0x0,
    0x0, 0x0, 0x0, 0x0, 0x0, 0x0, 0x0, 0x0,
    0xc, 0xff, 0x0, 0x0, 0x0, 0x0, 0x0, 0x0,
    0x0, 0x0, 0x0, 0x0, 0x0, 0x0, 0xc, 0xff,
    0x0, 0x0, 0x0, 0x0, 0x0, 0x0, 0x0, 0x0,
    0x0, 0x0, 0x0, 0x0, 0xc, 0xff, 0x0, 0x0,
    0x0, 0x23, 0x20, 0x0, 0x0, 0x0, 0x0, 0x0,
    0x0, 0x0, 0xc, 0xff, 0x0, 0x2, 0xaf, 0xff,
    0xff, 0xb4, 0x0, 0x0, 0x0, 0x0, 0x0, 0x0,
    0xc, 0xff, 0x0, 0x7f, 0xff, 0xff, 0xff, 0xff,
    0x90, 0x0, 0x0, 0x0, 0x0, 0x0, 0xc, 0xff,
    0x8, 0xff, 0xff, 0xff, 0xff, 0xff, 0xf8, 0x0,
    0x0, 0x0, 0x0, 0x0, 0xc, 0xff, 0x5f, 0xff,
    0xa4, 0x10, 0x15, 0xcf, 0xff, 0x30, 0x0, 0x0,
    0x0, 0x0, 0xc, 0xff, 0xef, 0xe3, 0x0, 0x0,
    0x0, 0xa, 0xff, 0xb0, 0x0, 0x0, 0x0, 0x0,
    0xc, 0xff, 0xff, 0x20, 0x0, 0x0, 0x0, 0x1,
    0xff, 0xf0, 0x0, 0x0, 0x0, 0x0, 0xc, 0xff,
    0xf5, 0x0, 0x0, 0x0, 0x0, 0x0, 0xaf, 0xf4,
    0x0, 0x0, 0x0, 0x0, 0xc, 0xff, 0xd0, 0x0,
    0x0, 0x0, 0x0, 0x0, 0x7f, 0xf6, 0x0, 0x0,
    0x0, 0x0, 0xc, 0xff, 0x60, 0x0, 0x0, 0x0,
    0x0, 0x0, 0x6f, 0xf6, 0x0, 0x0, 0x0, 0x0,
    0xc, 0xff, 0x20, 0x0, 0x0, 0x0, 0x0, 0x0,
    0x6f, 0xf6, 0x0, 0x0, 0x0, 0x0, 0xc, 0xfe,
    0x0, 0x0, 0x0, 0x0, 0x0, 0x0, 0x6f, 0xf6,
    0x0, 0x0, 0x3, 0x33, 0x3d, 0xfd, 0x33, 0x33,
    0x33, 0x33, 0x33, 0x33, 0x8f, 0xf8, 0x33, 0x30,
    0x7f, 0xff, 0xff, 0xff, 0xff, 0xff, 0xff, 0xff,
    0xff, 0xff, 0xff, 0xff, 0xff, 0xf3, 0x8f, 0xff,
    0xff, 0xff, 0xff, 0xff, 0xff, 0xff, 0xff, 0xff,
    0xff, 0xff, 0xff, 0xf4, 0x6f, 0xff, 0xff, 0xff,
    0xff, 0xff, 0xff, 0xff, 0xff, 0xff, 0xff, 0xff,
    0xff, 0xf2,

    /* U+FECA "ﻊ" */
    0x0, 0x0, 0x0, 0x2, 0x33, 0x10, 0x0, 0x0,
    0x0, 0x0, 0x0, 0x3, 0x9d, 0xff, 0xff, 0xfe,
    0xa4, 0x0, 0x0, 0x0, 0x0, 0x1f, 0xff, 0xff,
    0xff, 0xff, 0xff, 0xb1, 0x0, 0x0, 0x0, 0xaf,
    0xff, 0xff, 0xff, 0xff, 0xff, 0xfc, 0x0, 0x0,
    0x4, 0xff, 0xb6, 0x31, 0x0, 0x25, 0xbf, 0xff,
    0x50, 0x0, 0xe, 0xfd, 0x0, 0x0, 0x0, 0x0,
    0x8, 0xff, 0x80, 0x0, 0xd, 0xff, 0x30, 0x0,
    0x0, 0x0, 0x5, 0xff, 0x80, 0x0, 0x6, 0xff,
    0xc0, 0x0, 0x0, 0x0, 0x3e, 0xff, 0x40, 0x0,
    0x0, 0xef, 0xf8, 0x0, 0x0, 0x19, 0xff, 0xfc,
    0x0, 0x0, 0x0, 0x5f, 0xff, 0x90, 0x29, 0xff,
    0xff, 0xd1, 0x0, 0x0, 0x0, 0x9, 0xff, 0xfe,
    0xff, 0xff, 0xf9, 0x0, 0x0, 0x0, 0x0, 0x0,
    0xbf, 0xff, 0xff, 0xff, 0x83, 0x33, 0x33, 0x31,
    0x0, 0x8, 0xff, 0xff, 0xff, 0xff, 0xff, 0xff,
    0xff, 0xf8, 0x1, 0xcf, 0xff, 0xfc, 0xff, 0xff,
    0xff, 0xff, 0xff, 0xfa, 0xc, 0xff, 0xfb, 0x20,
    0x16, 0xad, 0xff, 0xff, 0xff, 0xf7, 0x5f, 0xff,
    0x60, 0x0, 0x0, 0x0, 0x0, 0x0, 0x0, 0x0,
    0xaf, 0xf7, 0x0, 0x0, 0x0, 0x0, 0x0, 0x0,
    0x0, 0x0, 0xdf, 0xf0, 0x0, 0x0, 0x0, 0x0,
    0x0, 0x0, 0x0, 0x0, 0xdf, 0xf0, 0x0, 0x0,
    0x0, 0x0, 0x0, 0x0, 0x0, 0x0, 0xcf, 0xf4,
    0x0, 0x0, 0x0, 0x0, 0x0, 0x0, 0x0, 0x0,
    0x9f, 0xfe, 0x20, 0x0, 0x0, 0x0, 0x0, 0x0,
    0x0, 0x0, 0x4f, 0xff, 0xf8, 0x30, 0x1, 0x36,
    0xc9, 0x0, 0x0, 0x0, 0xa, 0xff, 0xff, 0xff,
    0xff, 0xff, 0xff, 0x20, 0x0, 0x0, 0x0, 0xbf,
    0xff, 0xff, 0xff, 0xff, 0xff, 0x80, 0x0, 0x0,
    0x0, 0x5, 0xbf, 0xff, 0xff, 0xfd, 0x94, 0x0,
    0x0, 0x0, 0x0, 0x0, 0x0, 0x23, 0x32, 0x0,
    0x0, 0x0, 0x0, 0x0,

    /* U+FECB "ﻋ" */
    0x0, 0x0, 0x0, 0x0, 0x0, 0x13, 0x32, 0x0,
    0x0, 0x0, 0x0, 0x0, 0x2, 0x9e, 0xff, 0xff,
    0xfc, 0x70, 0x0, 0x0, 0x0, 0x8f, 0xff, 0xff,
    0xff, 0xff, 0xd0, 0x0, 0x0, 0xa, 0xff, 0xff,
    0xff, 0xff, 0xff, 0x60, 0x0, 0x0, 0x5f, 0xff,
    0xd6, 0x20, 0x1, 0x25, 0x0, 0x0, 0x0, 0xcf,
    0xfa, 0x0, 0x0, 0x0, 0x0, 0x0, 0x0, 0x1,
    0xff, 0xe0, 0x0, 0x0, 0x0, 0x0, 0x0, 0x0,
    0x3, 0xff, 0xa0, 0x0, 0x0, 0x0, 0x0, 0x0,
    0x0, 0x3, 0xff, 0x90, 0x0, 0x0, 0x0, 0x0,
    0x0, 0x0, 0x1, 0xff, 0xd0, 0x0, 0x0, 0x0,
    0x0, 0x0, 0x0, 0x0, 0xdf, 0xf9, 0x0, 0x0,
    0x0, 0x0, 0x0, 0x3, 0x33, 0x7f, 0xff, 0xd8,
    0x54, 0x33, 0x33, 0x32, 0x7f, 0xff, 0xff, 0xff,
    0xff, 0xff, 0xff, 0xff, 0xfc, 0x8f, 0xff, 0xff,
    0xff, 0xff, 0xff, 0xff, 0xff, 0xfc, 0x6f, 0xff,
    0xff, 0xff, 0xff, 0xff, 0xff, 0xff, 0xfc,

    /* U+FECC "ﻌ" */
    0x0, 0x0, 0x0, 0x0, 0x1, 0x33, 0x21, 0x0,
    0x0, 0x0, 0x0, 0x0, 0x0, 0x0, 0x17, 0xbf,
    0xff, 0xff, 0xfe, 0x93, 0x0, 0x0, 0x0, 0x0,
    0x0, 0xa, 0xff, 0xff, 0xff, 0xff, 0xff, 0xf9,
    0x0, 0x0, 0x0, 0x0, 0x4, 0xff, 0xff, 0xff,
    0xff, 0xff, 0xff, 0xfa, 0x0, 0x0, 0x0, 0x0,
    0xdf, 0xd8, 0x42, 0x0, 0x3, 0x6c, 0xff, 0xf3,
    0x0, 0x0, 0x0, 0x8f, 0xf3, 0x0, 0x0, 0x0,
    0x0, 0xa, 0xff, 0x60, 0x0, 0x0, 0x6, 0xff,
    0x90, 0x0, 0x0, 0x0, 0x0, 0x9f, 0xf5, 0x0,
    0x0, 0x0, 0x1f, 0xff, 0x20, 0x0, 0x0, 0x0,
    0x6f, 0xff, 0x10, 0x0, 0x0, 0x0, 0x8f, 0xfd,
    0x10, 0x0, 0x0, 0x9f, 0xff, 0x80, 0x0, 0x0,
    0x0, 0x0, 0xef, 0xfd, 0x20, 0x5, 0xef, 0xff,
    0xb0, 0x0, 0x0, 0x0, 0x0, 0x3, 0xff, 0xff,
    0x9d, 0xff, 0xff, 0xb0, 0x0, 0x0, 0x0, 0x33,
    0x33, 0x38, 0xff, 0xff, 0xff, 0xff, 0xb3, 0x33,
    0x33, 0x30, 0x7f, 0xff, 0xff, 0xff, 0xff, 0xff,
    0xff, 0xff, 0xff, 0xff, 0xff, 0x68, 0xff, 0xff,
    0xff, 0xff, 0xff, 0xff, 0xff, 0xff, 0xff, 0xff,
    0xf7, 0x6f, 0xff, 0xff, 0xfd, 0x95, 0x15, 0x9c,
    0xef, 0xff, 0xff, 0xff, 0x50,

    /* U+FECE "ﻎ" */
    0x0, 0x0, 0x0, 0x9, 0xfc, 0x10, 0x0, 0x0,
    0x0, 0x0, 0x0, 0x0, 0x0, 0x3f, 0xff, 0x70,
    0x0, 0x0, 0x0, 0x0, 0x0, 0x0, 0x0, 0x2f,
    0xff, 0x60, 0x0, 0x0, 0x0, 0x0, 0x0, 0x0,
    0x0, 0x5, 0xb8, 0x0, 0x0, 0x0, 0x0, 0x0,
    0x0, 0x0, 0x0, 0x0, 0x0, 0x0, 0x0, 0x0,
    0x0, 0x0, 0x0, 0x0, 0x0, 0x0, 0x0, 0x0,
    0x0, 0x0, 0x0, 0x0, 0x0, 0x0, 0x0, 0x0,
    0x0, 0x0, 0x0, 0x0, 0x0, 0x0, 0x0, 0x0,
    0x0, 0x2, 0x33, 0x10, 0x0, 0x0, 0x0, 0x0,
    0x0, 0x3, 0x9d, 0xff, 0xff, 0xfe, 0xa4, 0x0,
    0x0, 0x0, 0x0, 0x1f, 0xff, 0xff, 0xff, 0xff,
    0xff, 0xb1, 0x0, 0x0, 0x0, 0xaf, 0xff, 0xff,
    0xff, 0xff, 0xff, 0xfc, 0x0, 0x0, 0x4, 0xff,
    0xb6, 0x31, 0x0, 0x25, 0xbf, 0xff, 0x50, 0x0,
    0xe, 0xfd, 0x0, 0x0, 0x0, 0x0, 0x8, 0xff,
    0x80, 0x0, 0xd, 0xff, 0x30, 0x0, 0x0, 0x0,
    0x5, 0xff, 0x80, 0x0, 0x6, 0xff, 0xc0, 0x0,
    0x0, 0x0, 0x3e, 0xff, 0x40, 0x0, 0x0, 0xef,
    0xf8, 0x0, 0x0, 0x19, 0xff, 0xfc, 0x0, 0x0,
    0x0, 0x5f, 0xff, 0x90, 0x29, 0xff, 0xff, 0xd1,
    0x0, 0x0, 0x0, 0x9, 0xff, 0xfe, 0xff, 0xff,
    0xf9, 0x0, 0x0, 0x0, 0x0, 0x0, 0xbf, 0xff,
    0xff, 0xff, 0x83, 0x33, 0x33, 0x31, 0x0, 0x8,
    0xff, 0xff, 0xff, 0xff, 0xff, 0xff, 0xff, 0xf8,
    0x1, 0xcf, 0xff, 0xfc, 0xff, 0xff, 0xff, 0xff,
    0xff, 0xfa, 0xc, 0xff, 0xfb, 0x20, 0x16, 0xad,
    0xff, 0xff, 0xff, 0xf7, 0x5f, 0xff, 0x60, 0x0,
    0x0, 0x0, 0x0, 0x0, 0x0, 0x0, 0xaf, 0xf7,
    0x0, 0x0, 0x0, 0x0, 0x0, 0x0, 0x0, 0x0,
    0xdf, 0xf0, 0x0, 0x0, 0x0, 0x0, 0x0, 0x0,
    0x0, 0x0, 0xdf, 0xf0, 0x0, 0x0, 0x0, 0x0,
    0x0, 0x0, 0x0, 0x0, 0xcf, 0xf4, 0x0, 0x0,
    0x0, 0x0, 0x0, 0x0, 0x0, 0x0, 0x9f, 0xfe,
    0x20, 0x0, 0x0, 0x0, 0x0, 0x0, 0x0, 0x0,
    0x4f, 0xff, 0xf8, 0x30, 0x1, 0x36, 0xc9, 0x0,
    0x0, 0x0, 0xa, 0xff, 0xff, 0xff, 0xff, 0xff,
    0xff, 0x20, 0x0, 0x0, 0x0, 0xbf, 0xff, 0xff,
    0xff, 0xff, 0xff, 0x80, 0x0, 0x0, 0x0, 0x5,
    0xbf, 0xff, 0xff, 0xfd, 0x94, 0x0, 0x0, 0x0,
    0x0, 0x0, 0x0, 0x23, 0x32, 0x0, 0x0, 0x0,
    0x0, 0x0,

    /* U+FECF "ﻏ" */
    0x0, 0x0, 0x0, 0x0, 0x0, 0x3d, 0xf6, 0x0,
    0x0, 0x0, 0x0, 0x0, 0x0, 0x0, 0xaf, 0xff,
    0x0, 0x0, 0x0, 0x0, 0x0, 0x0, 0x0, 0x9f,
    0xfe, 0x0, 0x0, 0x0, 0x0, 0x0, 0x0, 0x0,
    0x19, 0xb3, 0x0, 0x0, 0x0, 0x0, 0x0, 0x0,
    0x0, 0x0, 0x0, 0x0, 0x0, 0x0, 0x0, 0x0,
    0x0, 0x0, 0x0, 0x0, 0x0, 0x0, 0x0, 0x0,
    0x0, 0x0, 0x0, 0x0, 0x0, 0x0, 0x0, 0x0,
    0x0, 0x0, 0x0, 0x0, 0x13, 0x32, 0x0, 0x0,
    0x0, 0x0, 0x0, 0x2, 0x9e, 0xff, 0xff, 0xfc,
    0x70, 0x0, 0x0, 0x0, 0x8f, 0xff, 0xff, 0xff,
    0xff, 0xd0, 0x0, 0x0, 0xa, 0xff, 0xff, 0xff,
    0xff, 0xff, 0x60, 0x0, 0x0, 0x5f, 0xff, 0xd6,
    0x20, 0x1, 0x25, 0x0, 0x0, 0x0, 0xcf, 0xfa,
    0x0, 0x0, 0x0, 0x0, 0x0, 0x0, 0x1, 0xff,
    0xe0, 0x0, 0x0, 0x0, 0x0, 0x0, 0x0, 0x3,
    0xff, 0xa0, 0x0, 0x0, 0x0, 0x0, 0x0, 0x0,
    0x3, 0xff, 0x90, 0x0, 0x0, 0x0, 0x0, 0x0,
    0x0, 0x1, 0xff, 0xd0, 0x0, 0x0, 0x0, 0x0,
    0x0, 0x0, 0x0, 0xdf, 0xf9, 0x0, 0x0, 0x0,
    0x0, 0x0, 0x3, 0x33, 0x7f, 0xff, 0xd8, 0x54,
    0x33, 0x33, 0x32, 0x7f, 0xff, 0xff, 0xff, 0xff,
    0xff, 0xff, 0xff, 0xfc, 0x8f, 0xff, 0xff, 0xff,
    0xff, 0xff, 0xff, 0xff, 0xfc, 0x6f, 0xff, 0xff,
    0xff, 0xff, 0xff, 0xff, 0xff, 0xfc,

    /* U+FED0 "ﻐ" */
    0x0, 0x0, 0x0, 0x0, 0x1, 0xcf, 0x80, 0x0,
    0x0, 0x0, 0x0, 0x0, 0x0, 0x0, 0x0, 0x0,
    0x8f, 0xff, 0x20, 0x0, 0x0, 0x0, 0x0, 0x0,
    0x0, 0x0, 0x0, 0x7, 0xff, 0xf1, 0x0, 0x0,
    0x0, 0x0, 0x0, 0x0, 0x0, 0x0, 0x0, 0x8,
    0xb4, 0x0, 0x0, 0x0, 0x0, 0x0, 0x0, 0x0,
    0x0, 0x0, 0x0, 0x0, 0x0, 0x0, 0x0, 0x0,
    0x0, 0x0, 0x0, 0x0, 0x0, 0x0, 0x0, 0x0,
    0x0, 0x0, 0x0, 0x0, 0x0, 0x0, 0x0, 0x0,
    0x0, 0x0, 0x0, 0x0, 0x0, 0x0, 0x0, 0x0,
    0x0, 0x0, 0x0, 0x0, 0x0, 0x13, 0x32, 0x10,
    0x0, 0x0, 0x0, 0x0, 0x0, 0x0, 0x1, 0x7b,
    0xff, 0xff, 0xff, 0xe9, 0x30, 0x0, 0x0, 0x0,
    0x0, 0x0, 0xaf, 0xff, 0xff, 0xff, 0xff, 0xff,
    0x90, 0x0, 0x0, 0x0, 0x0, 0x4f, 0xff, 0xff,
    0xff, 0xff, 0xff, 0xff, 0xa0, 0x0, 0x0, 0x0,
    0xd, 0xfd, 0x84, 0x20, 0x0, 0x36, 0xcf, 0xff,
    0x30, 0x0, 0x0, 0x8, 0xff, 0x30, 0x0, 0x0,
    0x0, 0x0, 0xaf, 0xf6, 0x0, 0x0, 0x0, 0x6f,
    0xf9, 0x0, 0x0, 0x0, 0x0, 0x9, 0xff, 0x50,
    0x0, 0x0, 0x1, 0xff, 0xf2, 0x0, 0x0, 0x0,
    0x6, 0xff, 0xf1, 0x0, 0x0, 0x0, 0x8, 0xff,
    0xd1, 0x0, 0x0, 0x9, 0xff, 0xf8, 0x0, 0x0,
    0x0, 0x0, 0xe, 0xff, 0xd2, 0x0, 0x5e, 0xff,
    0xfb, 0x0, 0x0, 0x0, 0x0, 0x0, 0x3f, 0xff,
    0xf9, 0xdf, 0xff, 0xfb, 0x0, 0x0, 0x0, 0x3,
    0x33, 0x33, 0x8f, 0xff, 0xff, 0xff, 0xfb, 0x33,
    0x33, 0x33, 0x7, 0xff, 0xff, 0xff, 0xff, 0xff,
    0xff, 0xff, 0xff, 0xff, 0xff, 0xf6, 0x8f, 0xff,
    0xff, 0xff, 0xff, 0xff, 0xff, 0xff, 0xff, 0xff,
    0xff, 0x76, 0xff, 0xff, 0xff, 0xd9, 0x51, 0x59,
    0xce, 0xff, 0xff, 0xff, 0xf5,

    /* U+FED2 "ﻒ" */
    0x0, 0x0, 0x0, 0x0, 0x0, 0x0, 0x0, 0x0,
    0x0, 0x5e, 0xe3, 0x0, 0x0, 0x0, 0x0, 0x0,
    0x0, 0x0, 0x0, 0x0, 0x0, 0x0, 0x0, 0x0,
    0xef, 0xfb, 0x0, 0x0, 0x0, 0x0, 0x0, 0x0,
    0x0, 0x0, 0x0, 0x0, 0x0, 0x0, 0x0, 0xdf,
    0xfa, 0x0, 0x0, 0x0, 0x0, 0x0, 0x0, 0x0,
    0x0, 0x0, 0x0, 0x0, 0x0, 0x0, 0x2a, 0xa1,
    0x0, 0x0, 0x0, 0x0, 0x0, 0x0, 0x0, 0x0,
    0x0, 0x0, 0x0, 0x0, 0x0, 0x0, 0x0, 0x0,
    0x0, 0x0, 0x0, 0x0, 0x0, 0x0, 0x0, 0x0,
    0x0, 0x0, 0x0, 0x0, 0x0, 0x0, 0x0, 0x0,
    0x0, 0x0, 0x0, 0x0, 0x0, 0x0, 0x0, 0x0,
    0x0, 0x0, 0x0, 0x0, 0x0, 0x0, 0x0, 0x0,
    0x0, 0x0, 0x0, 0x0, 0x0, 0x0, 0x0, 0x0,
    0x0, 0x0, 0x13, 0x20, 0x0, 0x0, 0x0, 0x0,
    0x0, 0x0, 0x0, 0x0, 0x0, 0x0, 0x0, 0x0,
    0x5c, 0xff, 0xff, 0xb4, 0x0, 0x0, 0x0, 0x1,
    0x20, 0x0, 0x0, 0x0, 0x0, 0x0, 0xa, 0xff,
    0xff, 0xff, 0xff, 0x80, 0x0, 0x0, 0x8, 0xfb,
    0x10, 0x0, 0x0, 0x0, 0x0, 0x8f, 0xff, 0xff,
    0xff, 0xff, 0xf6, 0x0, 0x0, 0xf, 0xfe, 0x0,
    0x0, 0x0, 0x0, 0x2, 0xff, 0xfb, 0x30, 0x4,
    0xdf, 0xfe, 0x0, 0x0, 0x4f, 0xf8, 0x0, 0x0,
    0x0, 0x0, 0x7, 0xff, 0xb0, 0x0, 0x0, 0xe,
    0xff, 0x40, 0x0, 0x7f, 0xf5, 0x0, 0x0, 0x0,
    0x0, 0x9, 0xff, 0x40, 0x0, 0x0, 0x7, 0xff,
    0x70, 0x0, 0x9f, 0xf4, 0x0, 0x0, 0x0, 0x0,
    0xa, 0xff, 0x30, 0x0, 0x0, 0x5, 0xff, 0x70,
    0x0, 0x8f, 0xf5, 0x0, 0x0, 0x0, 0x0, 0x7,
    0xff, 0x60, 0x0, 0x0, 0x9, 0xff, 0x50, 0x0,
    0x6f, 0xfa, 0x0, 0x0, 0x0, 0x0, 0x2, 0xff,
    0xe2, 0x0, 0x0, 0x4f, 0xff, 0x10, 0x0, 0x1f,
    0xff, 0x60, 0x0, 0x0, 0x0, 0x0, 0x9f, 0xff,
    0x60, 0x7, 0xff, 0xf7, 0x0, 0x0, 0x9, 0xff,
    0xfc, 0x74, 0x33, 0x33, 0x33, 0x4e, 0xff, 0xfe,
    0xef, 0xff, 0xc3, 0x33, 0x30, 0x0, 0xdf, 0xff,
    0xff, 0xff, 0xff, 0xff, 0xff, 0xff, 0xff, 0xff,
    0xff, 0xff, 0xff, 0xf6, 0x0, 0x1a, 0xff, 0xff,
    0xff, 0xff, 0xff, 0xff, 0xff, 0xff, 0xff, 0xff,
    0xff, 0xff, 0xf7, 0x0, 0x0, 0x39, 0xdf, 0xff,
    0xff, 0xfe, 0xdb, 0x97, 0x40, 0x14, 0x8a, 0xcd,
    0xef, 0xf5,

    /* U+FED3 "ﻓ" */
    0x0, 0x0, 0x0, 0x0, 0x0, 0x6f, 0xd3, 0x0,
    0x0, 0x0, 0x0, 0x0, 0x0, 0x0, 0xff, 0xfa,
    0x0, 0x0, 0x0, 0x0, 0x0, 0x0, 0x0, 0xef,
    0xf9, 0x0, 0x0, 0x0, 0x0, 0x0, 0x0, 0x0,
    0x3b, 0x91, 0x0, 0x0, 0x0, 0x0, 0x0, 0x0,
    0x0, 0x0, 0x0, 0x0, 0x0, 0x0, 0x0, 0x0,
    0x0, 0x0, 0x0, 0x0, 0x0, 0x0, 0x0, 0x0,
    0x0, 0x0, 0x0, 0x0, 0x0, 0x0, 0x0, 0x0,
    0x0, 0x0, 0x0, 0x0, 0x13, 0x31, 0x0, 0x0,
    0x0, 0x0, 0x0, 0x0, 0x6d, 0xff, 0xff, 0xd7,
    0x10, 0x0, 0x0, 0x0, 0x1c, 0xff, 0xff, 0xff,
    0xff, 0xf3, 0x0, 0x0, 0x0, 0xcf, 0xff, 0xff,
    0xff, 0xff, 0xf3, 0x0, 0x0, 0x8, 0xff, 0xf9,
    0x30, 0x3, 0xcf, 0xf3, 0x0, 0x0, 0xf, 0xff,
    0x60, 0x0, 0x0, 0x9f, 0xf3, 0x0, 0x0, 0x4f,
    0xfb, 0x0, 0x0, 0x0, 0x9f, 0xf3, 0x0, 0x0,
    0x6f, 0xf7, 0x0, 0x0, 0x0, 0x9f, 0xf3, 0x0,
    0x0, 0x6f, 0xf6, 0x0, 0x0, 0x0, 0x9f, 0xf3,
    0x0, 0x0, 0x4f, 0xf9, 0x0, 0x0, 0x0, 0x9f,
    0xf3, 0x0, 0x0, 0xf, 0xfe, 0x0, 0x0, 0x0,
    0x9f, 0xf3, 0x3, 0x33, 0x3b, 0xff, 0xa3, 0x33,
    0x33, 0xaf, 0xf3, 0x7f, 0xff, 0xff, 0xff, 0xff,
    0xff, 0xff, 0xff, 0xf3, 0x8f, 0xff, 0xff, 0xff,
    0xff, 0xff, 0xff, 0xff, 0xf3, 0x6f, 0xff, 0xff,
    0xff, 0xff, 0xff, 0xff, 0xff, 0xf3,

    /* U+FED4 "ﻔ" */
    0x0, 0x0, 0x0, 0x0, 0x4e, 0xe5, 0x0, 0x0,
    0x0, 0x0, 0x0, 0x0, 0x0, 0x0, 0xcf, 0xfd,
    0x0, 0x0, 0x0, 0x0, 0x0, 0x0, 0x0, 0x0,
    0xbf, 0xfc, 0x0, 0x0, 0x0, 0x0, 0x0, 0x0,
    0x0, 0x0, 0x1a, 0xa2, 0x0, 0x0, 0x0, 0x0,
    0x0, 0x0, 0x0, 0x0, 0x0, 0x0, 0x0, 0x0,
    0x0, 0x0, 0x0, 0x0, 0x0, 0x0, 0x0, 0x0,
    0x0, 0x0, 0x0, 0x0, 0x0, 0x0, 0x0, 0x0,
    0x0, 0x0, 0x0, 0x0, 0x0, 0x0, 0x0, 0x0,
    0x0, 0x0, 0x2, 0x31, 0x0, 0x0, 0x0, 0x0,
    0x0, 0x0, 0x0, 0x4c, 0xff, 0xff, 0xc5, 0x0,
    0x0, 0x0, 0x0, 0x0, 0x8, 0xff, 0xff, 0xff,
    0xff, 0x90, 0x0, 0x0, 0x0, 0x0, 0x6f, 0xff,
    0xff, 0xff, 0xff, 0xf8, 0x0, 0x0, 0x0, 0x0,
    0xff, 0xfd, 0x40, 0x3, 0xcf, 0xff, 0x10, 0x0,
    0x0, 0x5, 0xff, 0xd0, 0x0, 0x0, 0xc, 0xff,
    0x60, 0x0, 0x0, 0x7, 0xff, 0x60, 0x0, 0x0,
    0x5, 0xff, 0x90, 0x0, 0x0, 0x8, 0xff, 0x50,
    0x0, 0x0, 0x3, 0xff, 0x90, 0x0, 0x0, 0x5,
    0xff, 0x80, 0x0, 0x0, 0x7, 0xff, 0x70, 0x0,
    0x0, 0x1, 0xff, 0xf3, 0x0, 0x0, 0x2e, 0xff,
    0x20, 0x0, 0x0, 0x0, 0x7f, 0xff, 0x70, 0x6,
    0xff, 0xf9, 0x0, 0x0, 0x14, 0x44, 0x5d, 0xff,
    0xfe, 0xef, 0xff, 0xe5, 0x44, 0x41, 0x8f, 0xff,
    0xff, 0xff, 0xff, 0xff, 0xff, 0xff, 0xff, 0xf8,
    0x8f, 0xff, 0xff, 0xff, 0xff, 0xff, 0xff, 0xff,
    0xff, 0xf9, 0x6f, 0xfe, 0xdc, 0xa7, 0x40, 0x4,
    0x7a, 0xcd, 0xef, 0xf7,

    /* U+FED6 "ﻖ" */
    0x0, 0x0, 0x0, 0x0, 0x0, 0x0, 0x4, 0x50,
    0x4, 0x50, 0x0, 0x0, 0x0, 0x0, 0x0, 0x0,
    0x0, 0x0, 0x0, 0x6f, 0xf9, 0x6f, 0xf8, 0x0,
    0x0, 0x0, 0x0, 0x0, 0x0, 0x0, 0x0, 0x0,
    0x9f, 0xfc, 0x9f, 0xfb, 0x0, 0x0, 0x0, 0x0,
    0x0, 0x0, 0x0, 0x0, 0x0, 0x2d, 0xe4, 0x3e,
    0xe4, 0x0, 0x0, 0x0, 0x0, 0x0, 0x0, 0x0,
    0x0, 0x0, 0x0, 0x0, 0x0, 0x0, 0x0, 0x0,
    0x0, 0x0, 0x0, 0x0, 0x0, 0x0, 0x0, 0x0,
    0x0, 0x0, 0x0, 0x0, 0x0, 0x0, 0x0, 0x0,
    0x0, 0x0, 0x0, 0x0, 0x0, 0x0, 0x0, 0x0,
    0x0, 0x0, 0x0, 0x0, 0x0, 0x0, 0x0, 0x0,
    0x0, 0x0, 0x3, 0x31, 0x0, 0x0, 0x0, 0x0,
    0x0, 0x0, 0x0, 0x0, 0x0, 0x0, 0x4c, 0xff,
    0xff, 0xe9, 0x20, 0x0, 0x0, 0x0, 0x0, 0x0,
    0x0, 0x0, 0x9, 0xff, 0xff, 0xff, 0xff, 0xf6,
    0x0, 0x0, 0x0, 0x0, 0x0, 0x0, 0x0, 0x9f,
    0xff, 0xff, 0xff, 0xff, 0xf7, 0x0, 0x0, 0x0,
    0x0, 0x0, 0x0, 0x4, 0xff, 0xfb, 0x40, 0x2,
    0x9f, 0xf7, 0x0, 0x0, 0x0, 0x0, 0x0, 0x0,
    0xc, 0xff, 0x90, 0x0, 0x0, 0x6f, 0xf7, 0x0,
    0x0, 0x12, 0x0, 0x0, 0x0, 0xf, 0xfe, 0x0,
    0x0, 0x0, 0x6f, 0xf7, 0x0, 0x0, 0x6f, 0xf5,
    0x0, 0x0, 0x2f, 0xfa, 0x0, 0x0, 0x0, 0x6f,
    0xf7, 0x0, 0x0, 0x9f, 0xf3, 0x0, 0x0, 0x2f,
    0xfa, 0x0, 0x0, 0x0, 0x6f, 0xf7, 0x0, 0x0,
    0xcf, 0xf1, 0x0, 0x0, 0xf, 0xfe, 0x0, 0x0,
    0x0, 0x6f, 0xf7, 0x0, 0x0, 0xdf, 0xf0, 0x0,
    0x0, 0xc, 0xff, 0x90, 0x0, 0x0, 0x6f, 0xf7,
    0x0, 0x0, 0xdf, 0xf0, 0x0, 0x0, 0x4, 0xff,
    0xfd, 0x63, 0x33, 0x8f, 0xf9, 0x33, 0x30, 0xdf,
    0xf0, 0x0, 0x0, 0x0, 0x9f, 0xff, 0xff, 0xff,
    0xff, 0xff, 0xff, 0xf4, 0xbf, 0xf2, 0x0, 0x0,
    0x0, 0x9, 0xff, 0xff, 0xff, 0xff, 0xff, 0xff,
    0xf5, 0x8f, 0xf6, 0x0, 0x0, 0x0, 0x0, 0x39,
    0xdf, 0xff, 0xff, 0xff, 0xff, 0xf3, 0x4f, 0xfd,
    0x0, 0x0, 0x0, 0x0, 0x0, 0x0, 0x3, 0xff,
    0xd0, 0x0, 0x0, 0xe, 0xff, 0x60, 0x0, 0x0,
    0x0, 0x0, 0x0, 0xc, 0xff, 0x70, 0x0, 0x0,
    0x6, 0xff, 0xf3, 0x0, 0x0, 0x0, 0x0, 0x0,
    0x9f, 0xff, 0x10, 0x0, 0x0, 0x0, 0xdf, 0xff,
    0x60, 0x0, 0x0, 0x0, 0x1a, 0xff, 0xf7, 0x0,
    0x0, 0x0, 0x0, 0x2e, 0xff, 0xfd, 0x85, 0x34,
    0x6a, 0xff, 0xff, 0xb0, 0x0, 0x0, 0x0, 0x0,
    0x3, 0xef, 0xff, 0xff, 0xff, 0xff, 0xff, 0xfb,
    0x0, 0x0, 0x0, 0x0, 0x0, 0x0, 0x1a, 0xff,
    0xff, 0xff, 0xff, 0xfe, 0x60, 0x0, 0x0, 0x0,
    0x0, 0x0, 0x0, 0x0, 0x28, 0xce, 0xff, 0xdb,
    0x60, 0x0, 0x0, 0x0, 0x0, 0x0,

    /* U+FED7 "ﻗ" */
    0x0, 0x0, 0x0, 0x0, 0x5, 0x40, 0x5, 0x40,
    0x0, 0x0, 0x0, 0x0, 0x0, 0x9f, 0xf5, 0xaf,
    0xf5, 0x0, 0x0, 0x0, 0x0, 0x0, 0xcf, 0xf8,
    0xdf, 0xf8, 0x0, 0x0, 0x0, 0x0, 0x0, 0x5f,
    0xd2, 0x5f, 0xd2, 0x0, 0x0, 0x0, 0x0, 0x0,
    0x0, 0x0, 0x0, 0x0, 0x0, 0x0, 0x0, 0x0,
    0x0, 0x0, 0x0, 0x0, 0x0, 0x0, 0x0, 0x0,
    0x0, 0x0, 0x0, 0x0, 0x0, 0x0, 0x0, 0x0,
    0x0, 0x0, 0x0, 0x0, 0x13, 0x31, 0x0, 0x0,
    0x0, 0x0, 0x0, 0x0, 0x6d, 0xff, 0xff, 0xd7,
    0x10, 0x0, 0x0, 0x0, 0x1c, 0xff, 0xff, 0xff,
    0xff, 0xf3, 0x0, 0x0, 0x0, 0xcf, 0xff, 0xff,
    0xff, 0xff, 0xf3, 0x0, 0x0, 0x8, 0xff, 0xf9,
    0x30, 0x3, 0xcf, 0xf3, 0x0, 0x0, 0xf, 0xff,
    0x60, 0x0, 0x0, 0x9f, 0xf3, 0x0, 0x0, 0x4f,
    0xfb, 0x0, 0x0, 0x0, 0x9f, 0xf3, 0x0, 0x0,
    0x6f, 0xf7, 0x0, 0x0, 0x0, 0x9f, 0xf3, 0x0,
    0x0, 0x6f, 0xf6, 0x0, 0x0, 0x0, 0x9f, 0xf3,
    0x0, 0x0, 0x4f, 0xf9, 0x0, 0x0, 0x0, 0x9f,
    0xf3, 0x0, 0x0, 0xf, 0xfe, 0x0, 0x0, 0x0,
    0x9f, 0xf3, 0x3, 0x33, 0x3b, 0xff, 0xa3, 0x33,
    0x33, 0xaf, 0xf3, 0x7f, 0xff, 0xff, 0xff, 0xff,
    0xff, 0xff, 0xff, 0xf3, 0x8f, 0xff, 0xff, 0xff,
    0xff, 0xff, 0xff, 0xff, 0xf3, 0x6f, 0xff, 0xff,
    0xff, 0xff, 0xff, 0xff, 0xff, 0xf3,

    /* U+FED8 "ﻘ" */
    0x0, 0x0, 0x0, 0x4, 0x50, 0x4, 0x50, 0x0,
    0x0, 0x0, 0x0, 0x0, 0x0, 0x7f, 0xf8, 0x7f,
    0xf8, 0x0, 0x0, 0x0, 0x0, 0x0, 0x0, 0x9f,
    0xfb, 0xaf, 0xfb, 0x0, 0x0, 0x0, 0x0, 0x0,
    0x0, 0x3e, 0xe4, 0x3e, 0xe4, 0x0, 0x0, 0x0,
    0x0, 0x0, 0x0, 0x0, 0x0, 0x0, 0x0, 0x0,
    0x0, 0x0, 0x0, 0x0, 0x0, 0x0, 0x0, 0x0,
    0x0, 0x0, 0x0, 0x0, 0x0, 0x0, 0x0, 0x0,
    0x0, 0x0, 0x0, 0x0, 0x0, 0x0, 0x0, 0x0,
    0x0, 0x0, 0x2, 0x31, 0x0, 0x0, 0x0, 0x0,
    0x0, 0x0, 0x0, 0x4c, 0xff, 0xff, 0xc5, 0x0,
    0x0, 0x0, 0x0, 0x0, 0x8, 0xff, 0xff, 0xff,
    0xff, 0x90, 0x0, 0x0, 0x0, 0x0, 0x6f, 0xff,
    0xff, 0xff, 0xff, 0xf8, 0x0, 0x0, 0x0, 0x0,
    0xff, 0xfd, 0x40, 0x3, 0xcf, 0xff, 0x10, 0x0,
    0x0, 0x5, 0xff, 0xd0, 0x0, 0x0, 0xc, 0xff,
    0x60, 0x0, 0x0, 0x7, 0xff, 0x60, 0x0, 0x0,
    0x5, 0xff, 0x90, 0x0, 0x0, 0x8, 0xff, 0x50,
    0x0, 0x0, 0x3, 0xff, 0x90, 0x0, 0x0, 0x5,
    0xff, 0x80, 0x0, 0x0, 0x7, 0xff, 0x70, 0x0,
    0x0, 0x1, 0xff, 0xf3, 0x0, 0x0, 0x2e, 0xff,
    0x20, 0x0, 0x0, 0x0, 0x7f, 0xff, 0x70, 0x6,
    0xff, 0xf9, 0x0, 0x0, 0x14, 0x44, 0x5d, 0xff,
    0xfe, 0xef, 0xff, 0xe5, 0x44, 0x41, 0x8f, 0xff,
    0xff, 0xff, 0xff, 0xff, 0xff, 0xff, 0xff, 0xf8,
    0x8f, 0xff, 0xff, 0xff, 0xff, 0xff, 0xff, 0xff,
    0xff, 0xf9, 0x6f, 0xfe, 0xdc, 0xa7, 0x40, 0x4,
    0x7a, 0xcd, 0xef, 0xf7,

    /* U+FEDA "ﻚ" */
    0x0, 0x0, 0x0, 0x0, 0x0, 0x0, 0x0, 0x0,
    0x0, 0xa, 0xff, 0x30, 0x0, 0x0, 0x0, 0x0,
    0x0, 0x0, 0x0, 0x0, 0x0, 0x0, 0x0, 0xaf,
    0xf3, 0x0, 0x0, 0x0, 0x0, 0x0, 0x0, 0x0,
    0x0, 0x0, 0x0, 0x0, 0xa, 0xff, 0x30, 0x0,
    0x0, 0x0, 0x0, 0x0, 0x0, 0x0, 0x0, 0x0,
    0x0, 0x0, 0xaf, 0xf3, 0x0, 0x0, 0x0, 0x0,
    0x0, 0x0, 0x0, 0x0, 0x6a, 0x30, 0x0, 0xa,
    0xff, 0x30, 0x0, 0x0, 0x0, 0x0, 0x0, 0x0,
    0x2, 0xdf, 0xf5, 0x0, 0x0, 0xaf, 0xf3, 0x0,
    0x0, 0x0, 0x0, 0x0, 0x0, 0x0, 0xdf, 0x61,
    0x0, 0x0, 0xa, 0xff, 0x30, 0x0, 0x0, 0x0,
    0x0, 0x0, 0x0, 0x4f, 0x50, 0x0, 0x0, 0x0,
    0xaf, 0xf3, 0x0, 0x0, 0x0, 0x0, 0x0, 0x0,
    0x4, 0xff, 0xa4, 0x0, 0x0, 0xa, 0xff, 0x30,
    0x0, 0x0, 0x0, 0x0, 0x0, 0x0, 0x7, 0xef,
    0xf8, 0x0, 0x0, 0xaf, 0xf3, 0x0, 0x0, 0x1,
    0x30, 0x0, 0x0, 0x0, 0x13, 0x9f, 0xc0, 0x0,
    0xa, 0xff, 0x30, 0x0, 0x0, 0x9f, 0xc1, 0x0,
    0x2, 0xff, 0xff, 0xf5, 0x0, 0x0, 0xaf, 0xf3,
    0x0, 0x0, 0xf, 0xfe, 0x0, 0x0, 0x1b, 0xa9,
    0x61, 0x0, 0x0, 0xa, 0xff, 0x30, 0x0, 0x5,
    0xff, 0x80, 0x0, 0x0, 0x0, 0x0, 0x0, 0x0,
    0x0, 0xaf, 0xf3, 0x0, 0x0, 0x7f, 0xf5, 0x0,
    0x0, 0x0, 0x0, 0x0, 0x0, 0x0, 0xa, 0xff,
    0x30, 0x0, 0x9, 0xff, 0x40, 0x0, 0x0, 0x0,
    0x0, 0x0, 0x0, 0x0, 0xaf, 0xf3, 0x0, 0x0,
    0x8f, 0xf5, 0x0, 0x0, 0x0, 0x0, 0x0, 0x0,
    0x0, 0xa, 0xff, 0x30, 0x0, 0x6, 0xff, 0xa0,
    0x0, 0x0, 0x0, 0x0, 0x0, 0x0, 0x0, 0xaf,
    0xf3, 0x0, 0x0, 0x1f, 0xff, 0x60, 0x0, 0x0,
    0x0, 0x0, 0x0, 0x0, 0xa, 0xff, 0x30, 0x0,
    0x0, 0x9f, 0xff, 0xc7, 0x43, 0x33, 0x33, 0x33,
    0x33, 0x33, 0xbf, 0xf5, 0x33, 0x20, 0x0, 0xcf,
    0xff, 0xff, 0xff, 0xff, 0xff, 0xff, 0xff, 0xff,
    0xff, 0xff, 0xff, 0x0, 0x1, 0xaf, 0xff, 0xff,
    0xff, 0xff, 0xff, 0xff, 0xff, 0xff, 0xff, 0xff,
    0xf1, 0x0, 0x0, 0x39, 0xdf, 0xff, 0xff, 0xff,
    0xff, 0xff, 0xff, 0xff, 0xff, 0xfe, 0x0,

    /* U+FEDB "ﻛ" */
    0x0, 0x0, 0x0, 0x0, 0x0, 0x0, 0x0, 0x0,
    0x0, 0x0, 0x0, 0x0, 0x0, 0x18, 0xe0, 0x0,
    0x0, 0x0, 0x0, 0x2, 0x9f, 0xff, 0x0, 0x0,
    0x0, 0x0, 0x3a, 0xff, 0xff, 0xf0, 0x0, 0x0,
    0x4, 0xbf, 0xff, 0xff, 0xf8, 0x0, 0x0, 0x5d,
    0xff, 0xff, 0xfe, 0x70, 0x0, 0x1, 0xef, 0xff,
    0xff, 0xd6, 0x0, 0x0, 0x0, 0x1f, 0xff, 0xfc,
    0x40, 0x0, 0x0, 0x0, 0x1, 0xff, 0xf8, 0x0,
    0x0, 0x0, 0x0, 0x0, 0x1f, 0xff, 0xf8, 0x0,
    0x0, 0x0, 0x0, 0x0, 0x5f, 0xff, 0xfc, 0x10,
    0x0, 0x0, 0x0, 0x0, 0x2c, 0xff, 0xfe, 0x40,
    0x0, 0x0, 0x0, 0x0, 0x8, 0xff, 0xff, 0x50,
    0x0, 0x0, 0x0, 0x0, 0x4, 0xff, 0xff, 0x50,
    0x0, 0x0, 0x0, 0x0, 0x2, 0xdf, 0xff, 0x10,
    0x0, 0x0, 0x0, 0x0, 0x1, 0xdf, 0xf9, 0x0,
    0x0, 0x0, 0x0, 0x0, 0x2, 0xff, 0xd0, 0x0,
    0x0, 0x0, 0x0, 0x0, 0xf, 0xfe, 0x0, 0x0,
    0x0, 0x0, 0x0, 0x6, 0xff, 0xc0, 0x0, 0x33,
    0x33, 0x33, 0x5a, 0xff, 0xf7, 0x0, 0x7f, 0xff,
    0xff, 0xff, 0xff, 0xfd, 0x0, 0x8, 0xff, 0xff,
    0xff, 0xff, 0xfc, 0x10, 0x0, 0x6f, 0xff, 0xff,
    0xfd, 0xa4, 0x0, 0x0, 0x0,

    /* U+FEDC "ﻜ" */
    0x0, 0x0, 0x0, 0x0, 0x0, 0x0, 0x0, 0x0,
    0x0, 0x0, 0x0, 0x0, 0x0, 0x0, 0x0, 0x6d,
    0x0, 0x0, 0x0, 0x0, 0x0, 0x0, 0x1, 0x8e,
    0xff, 0x0, 0x0, 0x0, 0x0, 0x0, 0x2, 0x9f,
    0xff, 0xff, 0x0, 0x0, 0x0, 0x0, 0x3, 0xaf,
    0xff, 0xff, 0xf9, 0x0, 0x0, 0x0, 0x4, 0xbf,
    0xff, 0xff, 0xf8, 0x10, 0x0, 0x0, 0x1, 0xdf,
    0xff, 0xff, 0xe7, 0x0, 0x0, 0x0, 0x0, 0x1,
    0xff, 0xff, 0xd6, 0x0, 0x0, 0x0, 0x0, 0x0,
    0x1, 0xff, 0xf8, 0x0, 0x0, 0x0, 0x0, 0x0,
    0x0, 0x1, 0xff, 0xff, 0x70, 0x0, 0x0, 0x0,
    0x0, 0x0, 0x0, 0x6f, 0xff, 0xfb, 0x10, 0x0,
    0x0, 0x0, 0x0, 0x0, 0x2, 0xdf, 0xff, 0xe3,
    0x0, 0x0, 0x0, 0x0, 0x0, 0x0, 0x9, 0xff,
    0xff, 0x50, 0x0, 0x0, 0x0, 0x0, 0x0, 0x0,
    0x5f, 0xff, 0xf4, 0x0, 0x0, 0x0, 0x0, 0x0,
    0x0, 0x2, 0xef, 0xff, 0x10, 0x0, 0x0, 0x0,
    0x0, 0x0, 0x0, 0x1d, 0xff, 0x80, 0x0, 0x0,
    0x0, 0x0, 0x0, 0x0, 0x2, 0xff, 0xd0, 0x0,
    0x0, 0x0, 0x0, 0x0, 0x0, 0x0, 0xff, 0xf0,
    0x0, 0x0, 0x0, 0x0, 0x0, 0x0, 0x6, 0xff,
    0xf0, 0x0, 0x0, 0x3, 0x33, 0x33, 0x35, 0xaf,
    0xff, 0xfa, 0x43, 0x30, 0x7f, 0xff, 0xff, 0xff,
    0xff, 0xff, 0xff, 0xff, 0xf4, 0x8f, 0xff, 0xff,
    0xff, 0xff, 0xcb, 0xff, 0xff, 0xf5, 0x6f, 0xff,
    0xff, 0xfd, 0xa4, 0x0, 0x6c, 0xef, 0xf3,

    /* U+FEDE "ﻞ" */
    0x0, 0x0, 0x0, 0x0, 0x0, 0x0, 0x0, 0x4f,
    0xf8, 0x0, 0x0, 0x0, 0x0, 0x0, 0x0, 0x0,
    0x0, 0x0, 0x4, 0xff, 0x80, 0x0, 0x0, 0x0,
    0x0, 0x0, 0x0, 0x0, 0x0, 0x0, 0x4f, 0xf8,
    0x0, 0x0, 0x0, 0x0, 0x0, 0x0, 0x0, 0x0,
    0x0, 0x4, 0xff, 0x80, 0x0, 0x0, 0x0, 0x0,
    0x0, 0x0, 0x0, 0x0, 0x0, 0x4f, 0xf8, 0x0,
    0x0, 0x0, 0x0, 0x0, 0x0, 0x0, 0x0, 0x0,
    0x4, 0xff, 0x80, 0x0, 0x0, 0x0, 0x0, 0x0,
    0x0, 0x0, 0x0, 0x0, 0x4f, 0xf8, 0x0, 0x0,
    0x0, 0x0, 0x0, 0x0, 0x0, 0x0, 0x0, 0x4,
    0xff, 0x80, 0x0, 0x0, 0x0, 0x0, 0x0, 0x0,
    0x0, 0x0, 0x0, 0x4f, 0xf8, 0x0, 0x0, 0x0,
    0x0, 0x0, 0x0, 0x0, 0x0, 0x0, 0x4, 0xff,
    0x80, 0x0, 0x0, 0x0, 0x0, 0x0, 0x0, 0x0,
    0x0, 0x0, 0x4f, 0xf8, 0x0, 0x0, 0x0, 0x0,
    0x0, 0x0, 0x0, 0x0, 0x0, 0x4, 0xff, 0x80,
    0x0, 0x0, 0x0, 0x0, 0x0, 0x0, 0x0, 0x0,
    0x0, 0x4f, 0xf8, 0x0, 0x0, 0x0, 0x0, 0x0,
    0x0, 0x0, 0x0, 0x0, 0x4, 0xff, 0x80, 0x0,
    0x0, 0x4d, 0xa4, 0x0, 0x0, 0x0, 0x0, 0x0,
    0x4f, 0xf8, 0x0, 0x0, 0x8, 0xff, 0x50, 0x0,
    0x0, 0x0, 0x0, 0x4, 0xff, 0x80, 0x0, 0x0,
    0xaf, 0xf2, 0x0, 0x0, 0x0, 0x0, 0x0, 0x4f,
    0xf8, 0x0, 0x0, 0xc, 0xff, 0x0, 0x0, 0x0,
    0x0, 0x0, 0x5, 0xff, 0x80, 0x0, 0x0, 0xdf,
    0xf0, 0x0, 0x0, 0x0, 0x0, 0x0, 0x4f, 0xfa,
    0x0, 0x0, 0xd, 0xff, 0x0, 0x0, 0x0, 0x0,
    0x0, 0x5, 0xff, 0xf6, 0x43, 0x20, 0xcf, 0xf1,
    0x0, 0x0, 0x0, 0x0, 0x0, 0x6f, 0xff, 0xff,
    0xff, 0xa, 0xff, 0x40, 0x0, 0x0, 0x0, 0x0,
    0x9, 0xff, 0xff, 0xff, 0xf0, 0x6f, 0xf9, 0x0,
    0x0, 0x0, 0x0, 0x0, 0xef, 0xf9, 0xdf, 0xfd,
    0x1, 0xff, 0xf2, 0x0, 0x0, 0x0, 0x0, 0x7f,
    0xfb, 0x0, 0x0, 0x0, 0x9, 0xff, 0xe3, 0x0,
    0x0, 0x0, 0x6f, 0xff, 0x40, 0x0, 0x0, 0x0,
    0x1e, 0xff, 0xfa, 0x53, 0x46, 0xcf, 0xff, 0xb0,
    0x0, 0x0, 0x0, 0x0, 0x3f, 0xff, 0xff, 0xff,
    0xff, 0xff, 0xd1, 0x0, 0x0, 0x0, 0x0, 0x0,
    0x3d, 0xff, 0xff, 0xff, 0xff, 0xa1, 0x0, 0x0,
    0x0, 0x0, 0x0, 0x0, 0x6, 0xbe, 0xff, 0xd9,
    0x30, 0x0, 0x0, 0x0, 0x0, 0x0,

    /* U+FEDF "ﻟ" */
    0x0, 0x0, 0x5f, 0xf7, 0x0, 0x0, 0x5f, 0xf7,
    0x0, 0x0, 0x5f, 0xf7, 0x0, 0x0, 0x5f, 0xf7,
    0x0, 0x0, 0x5f, 0xf7, 0x0, 0x0, 0x5f, 0xf7,
    0x0, 0x0, 0x5f, 0xf7, 0x0, 0x0, 0x5f, 0xf7,
    0x0, 0x0, 0x5f, 0xf7, 0x0, 0x0, 0x5f, 0xf7,
    0x0, 0x0, 0x5f, 0xf7, 0x0, 0x0, 0x5f, 0xf7,
    0x0, 0x0, 0x5f, 0xf7, 0x0, 0x0, 0x5f, 0xf7,
    0x0, 0x0, 0x5f, 0xf7, 0x0, 0x0, 0x5f, 0xf7,
    0x0, 0x0, 0x5f, 0xf7, 0x0, 0x0, 0x5f, 0xf7,
    0x0, 0x0, 0x5f, 0xf7, 0x3, 0x33, 0x8f, 0xf7,
    0x7f, 0xff, 0xff, 0xf7, 0x8f, 0xff, 0xff, 0xf7,
    0x6f, 0xff, 0xff, 0xf7,

    /* U+FEE0 "ﻠ" */
    0x0, 0x0, 0x5f, 0xf7, 0x0, 0x0, 0x0, 0x0,
    0x5f, 0xf7, 0x0, 0x0, 0x0, 0x0, 0x5f, 0xf7,
    0x0, 0x0, 0x0, 0x0, 0x5f, 0xf7, 0x0, 0x0,
    0x0, 0x0, 0x5f, 0xf7, 0x0, 0x0, 0x0, 0x0,
    0x5f, 0xf7, 0x0, 0x0, 0x0, 0x0, 0x5f, 0xf7,
    0x0, 0x0, 0x0, 0x0, 0x5f, 0xf7, 0x0, 0x0,
    0x0, 0x0, 0x5f, 0xf7, 0x0, 0x0, 0x0, 0x0,
    0x5f, 0xf7, 0x0, 0x0, 0x0, 0x0, 0x5f, 0xf7,
    0x0, 0x0, 0x0, 0x0, 0x5f, 0xf7, 0x0, 0x0,
    0x0, 0x0, 0x5f, 0xf7, 0x0, 0x0, 0x0, 0x0,
    0x5f, 0xf7, 0x0, 0x0, 0x0, 0x0, 0x5f, 0xf7,
    0x0, 0x0, 0x0, 0x0, 0x5f, 0xf7, 0x0, 0x0,
    0x0, 0x0, 0x5f, 0xf7, 0x0, 0x0, 0x0, 0x0,
    0x6f, 0xf7, 0x0, 0x0, 0x0, 0x0, 0x8f, 0xf9,
    0x0, 0x0, 0x3, 0x36, 0xef, 0xff, 0x63, 0x30,
    0x7f, 0xff, 0xff, 0xff, 0xff, 0xf4, 0x8f, 0xff,
    0xff, 0xff, 0xff, 0xf5, 0x6f, 0xfd, 0x92, 0x19,
    0xdf, 0xf3,

    /* U+FEE2 "ﻢ" */
    0x0, 0x0, 0x0, 0x0, 0x2, 0x31, 0x0, 0x0,
    0x0, 0x0, 0x0, 0x0, 0x0, 0x0, 0x7e, 0xff,
    0xfb, 0x20, 0x0, 0x0, 0x0, 0x0, 0x0, 0x1,
    0xcf, 0xff, 0xff, 0xfe, 0x10, 0x0, 0x0, 0x0,
    0x0, 0x0, 0xcf, 0xff, 0xff, 0xff, 0xfb, 0x0,
    0x0, 0x0, 0x0, 0x0, 0x9f, 0xff, 0x81, 0x5,
    0xff, 0xf2, 0x0, 0x0, 0x0, 0x0, 0x3f, 0xff,
    0x60, 0x0, 0x8, 0xff, 0x60, 0x0, 0x0, 0x0,
    0xd, 0xff, 0xa0, 0x0, 0x0, 0x4f, 0xf9, 0x0,
    0x0, 0x0, 0x0, 0x4d, 0xe1, 0x0, 0x0, 0x2,
    0xff, 0xb0, 0x0, 0x0, 0x0, 0x0, 0x2, 0x0,
    0x0, 0x0, 0x2f, 0xfc, 0x0, 0x0, 0x0, 0x0,
    0x0, 0x0, 0x0, 0x0, 0x4, 0xff, 0xc0, 0x0,
    0x0, 0x0, 0x4c, 0xff, 0xdb, 0x96, 0x30, 0x7f,
    0xff, 0x74, 0x33, 0x0, 0x6f, 0xff, 0xff, 0xff,
    0xff, 0xff, 0xff, 0xff, 0xff, 0xf1, 0x2f, 0xff,
    0xff, 0xff, 0xff, 0xff, 0xff, 0xff, 0xff, 0xff,
    0x28, 0xff, 0x90, 0x1, 0x36, 0x8b, 0xef, 0xf8,
    0x6c, 0xff, 0xf0, 0xcf, 0xe0, 0x0, 0x0, 0x0,
    0x0, 0x15, 0x10, 0x0, 0x0, 0xd, 0xfb, 0x0,
    0x0, 0x0, 0x0, 0x0, 0x0, 0x0, 0x0, 0x0,
    0xdf, 0xb0, 0x0, 0x0, 0x0, 0x0, 0x0, 0x0,
    0x0, 0x0, 0xc, 0xfc, 0x0, 0x0, 0x0, 0x0,
    0x0, 0x0, 0x0, 0x0, 0x0, 0xaf, 0xe0, 0x0,
    0x0, 0x0, 0x0, 0x0, 0x0, 0x0, 0x0, 0x9,
    0xff, 0x0, 0x0, 0x0, 0x0, 0x0, 0x0, 0x0,
    0x0, 0x0, 0x7f, 0xf2, 0x0, 0x0, 0x0, 0x0,
    0x0, 0x0, 0x0, 0x0, 0x5, 0xff, 0x40, 0x0,
    0x0, 0x0, 0x0, 0x0, 0x0, 0x0, 0x0, 0x3f,
    0xf6, 0x0, 0x0, 0x0, 0x0, 0x0, 0x0, 0x0,
    0x0, 0x1, 0x88, 0x30, 0x0, 0x0, 0x0, 0x0,
    0x0, 0x0, 0x0, 0x0,

    /* U+FEE3 "ﻣ" */
    0x0, 0x0, 0x0, 0x0, 0x0, 0x29, 0xef, 0xe9,
    0x10, 0x0, 0x0, 0x0, 0x0, 0x0, 0x4f, 0xff,
    0xff, 0xfe, 0x20, 0x0, 0x0, 0x0, 0x0, 0x3f,
    0xff, 0xff, 0xff, 0xfc, 0x0, 0x0, 0x0, 0x0,
    0x1e, 0xff, 0xe6, 0x37, 0xff, 0xf3, 0x0, 0x0,
    0x0, 0xa, 0xff, 0xd1, 0x0, 0x7, 0xff, 0x90,
    0x0, 0x0, 0x4, 0xff, 0xf3, 0x0, 0x0, 0x1f,
    0xfc, 0x0, 0x0, 0x0, 0xdf, 0xf8, 0x0, 0x0,
    0x0, 0xff, 0xe0, 0x0, 0x0, 0x6f, 0xfe, 0x0,
    0x0, 0x0, 0xe, 0xfe, 0x0, 0x0, 0x1f, 0xff,
    0x50, 0x0, 0x0, 0x0, 0xff, 0xd0, 0x0, 0x1c,
    0xff, 0xfb, 0x30, 0x0, 0x0, 0x1f, 0xfb, 0x4,
    0x7e, 0xff, 0xff, 0xff, 0xd9, 0x75, 0x47, 0xff,
    0x87, 0xff, 0xff, 0xfd, 0xff, 0xff, 0xff, 0xff,
    0xff, 0xf4, 0x8f, 0xff, 0xf5, 0x6, 0xdf, 0xff,
    0xff, 0xff, 0xfe, 0x6, 0xfd, 0x91, 0x0, 0x0,
    0x37, 0xac, 0xef, 0xff, 0x70,

    /* U+FEE4 "ﻤ" */
    0x0, 0x0, 0x0, 0x0, 0x0, 0x29, 0xef, 0xe9,
    0x10, 0x0, 0x0, 0x0, 0x0, 0x0, 0x0, 0x0,
    0x4, 0xff, 0xff, 0xff, 0xe2, 0x0, 0x0, 0x0,
    0x0, 0x0, 0x0, 0x0, 0x3f, 0xff, 0xff, 0xff,
    0xfc, 0x0, 0x0, 0x0, 0x0, 0x0, 0x0, 0x1,
    0xef, 0xfe, 0x63, 0x7f, 0xff, 0x30, 0x0, 0x0,
    0x0, 0x0, 0x0, 0xa, 0xff, 0xd1, 0x0, 0x7,
    0xff, 0x90, 0x0, 0x0, 0x0, 0x0, 0x0, 0x4f,
    0xff, 0x30, 0x0, 0x1, 0xff, 0xc0, 0x0, 0x0,
    0x0, 0x0, 0x0, 0xdf, 0xf8, 0x0, 0x0, 0x0,
    0xff, 0xe0, 0x0, 0x0, 0x0, 0x0, 0x6, 0xff,
    0xe0, 0x0, 0x0, 0x0, 0xef, 0xf0, 0x0, 0x0,
    0x0, 0x0, 0x1f, 0xff, 0x50, 0x0, 0x0, 0x0,
    0xff, 0xf0, 0x0, 0x0, 0x0, 0x1, 0xcf, 0xff,
    0xb3, 0x0, 0x0, 0x1, 0xff, 0xf0, 0x0, 0x0,
    0x4, 0x7e, 0xff, 0xff, 0xff, 0xd9, 0x75, 0x47,
    0xff, 0xfa, 0x43, 0x30, 0x7f, 0xff, 0xff, 0xdf,
    0xff, 0xff, 0xff, 0xff, 0xff, 0xff, 0xff, 0xf5,
    0x8f, 0xff, 0xf5, 0x6, 0xdf, 0xff, 0xff, 0xff,
    0xff, 0xff, 0xff, 0xf6, 0x6f, 0xd9, 0x10, 0x0,
    0x3, 0x7a, 0xce, 0xff, 0xf7, 0x3b, 0xef, 0xf4,

    /* U+FEE5 "ﻥ" */
    0x0, 0x0, 0x0, 0x3, 0xee, 0x50, 0x0, 0x0,
    0x0, 0x0, 0x0, 0x0, 0x0, 0x0, 0x0, 0xbf,
    0xfe, 0x0, 0x0, 0x0, 0x0, 0x0, 0x0, 0x0,
    0x0, 0x0, 0xa, 0xff, 0xd0, 0x0, 0x0, 0x0,
    0x0, 0x0, 0x0, 0x0, 0x0, 0x0, 0x1a, 0xb3,
    0x0, 0x0, 0x79, 0x90, 0x0, 0x0, 0x0, 0x0,
    0x0, 0x0, 0x0, 0x0, 0x0, 0xb, 0xff, 0x10,
    0x0, 0x0, 0x0, 0x0, 0x0, 0x0, 0x0, 0x0,
    0x0, 0xbf, 0xf1, 0x0, 0x0, 0x0, 0x0, 0x0,
    0x0, 0x0, 0x0, 0x0, 0xb, 0xff, 0x10, 0x0,
    0x0, 0x0, 0x0, 0x0, 0x0, 0x0, 0x0, 0x0,
    0xbf, 0xf1, 0x0, 0x0, 0x0, 0x0, 0x0, 0x0,
    0x0, 0x0, 0x0, 0xb, 0xff, 0x10, 0x0, 0x1,
    0x30, 0x0, 0x0, 0x0, 0x0, 0x0, 0x0, 0xbf,
    0xf1, 0x0, 0x0, 0x5f, 0xf6, 0x0, 0x0, 0x0,
    0x0, 0x0, 0xb, 0xff, 0x10, 0x0, 0x9, 0xff,
    0x40, 0x0, 0x0, 0x0, 0x0, 0x0, 0xbf, 0xf1,
    0x0, 0x0, 0xbf, 0xf1, 0x0, 0x0, 0x0, 0x0,
    0x0, 0xb, 0xff, 0x30, 0x0, 0xd, 0xff, 0x0,
    0x0, 0x0, 0x0, 0x0, 0x0, 0xbf, 0xfc, 0x53,
    0x30, 0xdf, 0xf0, 0x0, 0x0, 0x0, 0x0, 0x0,
    0xb, 0xff, 0xff, 0xff, 0x7d, 0xff, 0x0, 0x0,
    0x0, 0x0, 0x0, 0x0, 0xcf, 0xff, 0xff, 0xf8,
    0xbf, 0xf2, 0x0, 0x0, 0x0, 0x0, 0x0, 0xf,
    0xff, 0xbe, 0xff, 0x58, 0xff, 0x70, 0x0, 0x0,
    0x0, 0x0, 0x4, 0xff, 0xb0, 0x0, 0x0, 0x3f,
    0xfe, 0x10, 0x0, 0x0, 0x0, 0x0, 0xcf, 0xf6,
    0x0, 0x0, 0x0, 0xcf, 0xfc, 0x10, 0x0, 0x0,
    0x0, 0x9f, 0xff, 0x0, 0x0, 0x0, 0x3, 0xff,
    0xfe, 0x72, 0x0, 0x26, 0xdf, 0xff, 0x60, 0x0,
    0x0, 0x0, 0x7, 0xff, 0xff, 0xff, 0xff, 0xff,
    0xff, 0xa0, 0x0, 0x0, 0x0, 0x0, 0x6, 0xff,
    0xff, 0xff, 0xff, 0xff, 0x80, 0x0, 0x0, 0x0,
    0x0, 0x0, 0x1, 0x8e, 0xff, 0xff, 0xfa, 0x30,
    0x0, 0x0, 0x0, 0x0, 0x0, 0x0, 0x0, 0x1,
    0x33, 0x20, 0x0, 0x0, 0x0, 0x0, 0x0, 0x0,

    /* U+FEE6 "ﻦ" */
    0x0, 0x0, 0x0, 0x3, 0xee, 0x50, 0x0, 0x0,
    0x0, 0x0, 0x0, 0x0, 0x0, 0x0, 0x0, 0xbf,
    0xfe, 0x0, 0x0, 0x0, 0x0, 0x0, 0x0, 0x0,
    0x0, 0x0, 0xa, 0xff, 0xd0, 0x0, 0x0, 0x0,
    0x0, 0x0, 0x0, 0x0, 0x0, 0x0, 0x1a, 0xb3,
    0x0, 0x0, 0x79, 0x90, 0x0, 0x0, 0x0, 0x0,
    0x0, 0x0, 0x0, 0x0, 0x0, 0xb, 0xff, 0x10,
    0x0, 0x0, 0x0, 0x0, 0x0, 0x0, 0x0, 0x0,
    0x0, 0xbf, 0xf1, 0x0, 0x0, 0x0, 0x0, 0x0,
    0x0, 0x0, 0x0, 0x0, 0xb, 0xff, 0x10, 0x0,
    0x0, 0x0, 0x0, 0x0, 0x0, 0x0, 0x0, 0x0,
    0xbf, 0xf1, 0x0, 0x0, 0x0, 0x0, 0x0, 0x0,
    0x0, 0x0, 0x0, 0xb, 0xff, 0x10, 0x0, 0x1,
    0x30, 0x0, 0x0, 0x0, 0x0, 0x0, 0x0, 0xbf,
    0xf1, 0x0, 0x0, 0x5f, 0xf6, 0x0, 0x0, 0x0,
    0x0, 0x0, 0xb, 0xff, 0x10, 0x0, 0x9, 0xff,
    0x40, 0x0, 0x0, 0x0, 0x0, 0x0, 0xbf, 0xf1,
    0x0, 0x0, 0xbf, 0xf1, 0x0, 0x0, 0x0, 0x0,
    0x0, 0xb, 0xff, 0x30, 0x0, 0xd, 0xff, 0x0,
    0x0, 0x0, 0x0, 0x0, 0x0, 0xbf, 0xfc, 0x53,
    0x30, 0xdf, 0xf0, 0x0, 0x0, 0x0, 0x0, 0x0,
    0xb, 0xff, 0xff, 0xff, 0x7d, 0xff, 0x0, 0x0,
    0x0, 0x0, 0x0, 0x0, 0xcf, 0xff, 0xff, 0xf8,
    0xbf, 0xf2, 0x0, 0x0, 0x0, 0x0, 0x0, 0xf,
    0xff, 0xbe, 0xff, 0x58, 0xff, 0x70, 0x0, 0x0,
    0x0, 0x0, 0x4, 0xff, 0xb0, 0x0, 0x0, 0x3f,
    0xfe, 0x10, 0x0, 0x0, 0x0, 0x0, 0xcf, 0xf6,
    0x0, 0x0, 0x0, 0xcf, 0xfc, 0x10, 0x0, 0x0,
    0x0, 0x9f, 0xff, 0x0, 0x0, 0x0, 0x3, 0xff,
    0xfe, 0x72, 0x0, 0x26, 0xdf, 0xff, 0x60, 0x0,
    0x0, 0x0, 0x7, 0xff, 0xff, 0xff, 0xff, 0xff,
    0xff, 0xa0, 0x0, 0x0, 0x0, 0x0, 0x6, 0xff,
    0xff, 0xff, 0xff, 0xff, 0x80, 0x0, 0x0, 0x0,
    0x0, 0x0, 0x1, 0x8e, 0xff, 0xff, 0xfa, 0x30,
    0x0, 0x0, 0x0, 0x0, 0x0, 0x0, 0x0, 0x1,
    0x33, 0x20, 0x0, 0x0, 0x0, 0x0, 0x0, 0x0,

    /* U+FEE7 "ﻧ" */
    0x0, 0x0, 0x1c, 0xf9, 0x0, 0x0, 0x7, 0xff,
    0xf2, 0x0, 0x0, 0x6f, 0xff, 0x10, 0x0, 0x0,
    0x8b, 0x50, 0x0, 0x0, 0x0, 0x0, 0x0, 0x0,
    0x0, 0x0, 0x0, 0x0, 0x0, 0x0, 0x0, 0x0,
    0x0, 0x0, 0x88, 0x60, 0x0, 0x0, 0x1f, 0xfc,
    0x0, 0x0, 0x1, 0xff, 0xc0, 0x0, 0x0, 0x1f,
    0xfc, 0x0, 0x0, 0x1, 0xff, 0xc0, 0x0, 0x0,
    0x1f, 0xfc, 0x0, 0x0, 0x1, 0xff, 0xc0, 0x0,
    0x0, 0x1f, 0xfc, 0x0, 0x0, 0x1, 0xff, 0xc0,
    0x0, 0x0, 0x1f, 0xfc, 0x0, 0x33, 0x34, 0xff,
    0xc0, 0x7f, 0xff, 0xff, 0xfc, 0x8, 0xff, 0xff,
    0xff, 0xc0, 0x6f, 0xff, 0xff, 0xfc, 0x0,

    /* U+FEE8 "ﻨ" */
    0x0, 0x0, 0x9, 0xfc, 0x10, 0x0, 0x0, 0x0,
    0x3, 0xff, 0xf7, 0x0, 0x0, 0x0, 0x0, 0x2f,
    0xff, 0x50, 0x0, 0x0, 0x0, 0x0, 0x5b, 0x80,
    0x0, 0x0, 0x0, 0x0, 0x0, 0x0, 0x0, 0x0,
    0x0, 0x0, 0x0, 0x0, 0x0, 0x0, 0x0, 0x0,
    0x0, 0x0, 0x0, 0x0, 0x0, 0x0, 0x0, 0x0,
    0x68, 0x80, 0x0, 0x0, 0x0, 0x0, 0xc, 0xff,
    0x0, 0x0, 0x0, 0x0, 0x0, 0xcf, 0xf0, 0x0,
    0x0, 0x0, 0x0, 0xc, 0xff, 0x0, 0x0, 0x0,
    0x0, 0x0, 0xcf, 0xf0, 0x0, 0x0, 0x0, 0x0,
    0xc, 0xff, 0x0, 0x0, 0x0, 0x0, 0x0, 0xcf,
    0xf0, 0x0, 0x0, 0x0, 0x0, 0xc, 0xff, 0x0,
    0x0, 0x0, 0x0, 0x0, 0xdf, 0xf0, 0x0, 0x0,
    0x0, 0x0, 0xe, 0xff, 0x20, 0x0, 0x0, 0x33,
    0x49, 0xff, 0xfb, 0x43, 0x30, 0x7f, 0xff, 0xff,
    0xff, 0xff, 0xff, 0x68, 0xff, 0xff, 0xfe, 0xff,
    0xff, 0xf8, 0x6f, 0xfe, 0xc6, 0x5, 0xbe, 0xff,
    0x50,

    /* U+FEEA "ﻪ" */
    0x0, 0x0, 0x0, 0x0, 0x2, 0xef, 0xe0, 0x0,
    0x0, 0x0, 0x0, 0x2, 0x8c, 0xff, 0xff, 0xe0,
    0x0, 0x0, 0x0, 0x3, 0xcf, 0xff, 0xff, 0xff,
    0xe0, 0x0, 0x0, 0x0, 0x8f, 0xff, 0xff, 0xff,
    0xff, 0xe0, 0x0, 0x0, 0x9, 0xff, 0xff, 0xc7,
    0x30, 0xef, 0xe0, 0x0, 0x0, 0x3f, 0xff, 0xb3,
    0x0, 0x0, 0xef, 0xe0, 0x0, 0x0, 0xaf, 0xfa,
    0x0, 0x0, 0x0, 0xef, 0xe0, 0x0, 0x0, 0xdf,
    0xf1, 0x0, 0x0, 0x0, 0xef, 0xe0, 0x0, 0x0,
    0xdf, 0xf0, 0x0, 0x0, 0x0, 0xef, 0xe0, 0x0,
    0x0, 0xbf, 0xf6, 0x0, 0x0, 0x0, 0xef, 0xe0,
    0x0, 0x0, 0x6f, 0xff, 0xa4, 0x10, 0x1, 0xef,
    0xf0, 0x0, 0x0, 0xc, 0xff, 0xff, 0xff, 0xff,
    0xff, 0xfa, 0x43, 0x30, 0x1, 0xcf, 0xff, 0xff,
    0xff, 0xff, 0xff, 0xff, 0xf5, 0x0, 0x5, 0xbf,
    0xff, 0xff, 0xfe, 0xff, 0xff, 0xf6, 0x0, 0x0,
    0x0, 0x13, 0x32, 0x0, 0x6c, 0xef, 0xf3,

    /* U+FEEB "ﻫ" */
    0x0, 0x0, 0x0, 0x0, 0x0, 0x0, 0x0, 0x0,
    0x0, 0x0, 0x0, 0x5f, 0xca, 0x75, 0x20, 0x0,
    0x0, 0x0, 0x0, 0x0, 0x0, 0x6, 0xff, 0xff,
    0xff, 0xfd, 0x85, 0x0, 0x0, 0x0, 0x0, 0x0,
    0x8f, 0xff, 0xff, 0xff, 0xff, 0xff, 0xb6, 0x10,
    0x0, 0x0, 0x1, 0x4c, 0xff, 0xff, 0xff, 0xff,
    0xff, 0xff, 0x80, 0x0, 0x0, 0x1, 0xff, 0xfa,
    0x45, 0xbf, 0xff, 0xff, 0xff, 0xe3, 0x0, 0x0,
    0x6f, 0xfa, 0x0, 0x0, 0xaf, 0xfd, 0xef, 0xff,
    0xf3, 0x0, 0x9, 0xff, 0x30, 0x0, 0x3, 0xff,
    0xa0, 0x6e, 0xff, 0xd0, 0x0, 0xaf, 0xf3, 0x0,
    0x0, 0x2f, 0xfb, 0x0, 0x2e, 0xff, 0x40, 0x8,
    0xff, 0x80, 0x0, 0x6, 0xff, 0x90, 0x0, 0x7f,
    0xf7, 0x0, 0x4f, 0xff, 0x30, 0x2, 0xef, 0xf4,
    0x0, 0x4, 0xff, 0x90, 0x0, 0xdf, 0xfe, 0x43,
    0xef, 0xfd, 0x0, 0x0, 0x5f, 0xf8, 0x0, 0x4,
    0xff, 0xff, 0xff, 0xff, 0x30, 0x0, 0xc, 0xff,
    0x51, 0x45, 0x7d, 0xff, 0xff, 0xff, 0xc6, 0x45,
    0x7e, 0xff, 0xf1, 0x7f, 0xff, 0xff, 0xff, 0xff,
    0xff, 0xff, 0xff, 0xff, 0xf7, 0x8, 0xff, 0xff,
    0xff, 0xdf, 0xff, 0xff, 0xff, 0xff, 0xf7, 0x0,
    0x6f, 0xfd, 0xb7, 0x30, 0x16, 0xad, 0xff, 0xfc,
    0x82, 0x0, 0x0,

    /* U+FEEC "ﻬ" */
    0x0, 0x0, 0x0, 0x0, 0x0, 0x33, 0x0, 0x0,
    0x0, 0x0, 0x0, 0x0, 0x0, 0x3, 0xbf, 0xff,
    0xfb, 0x20, 0x0, 0x0, 0x0, 0x0, 0x0, 0x7f,
    0xff, 0xff, 0xff, 0xf4, 0x0, 0x0, 0x0, 0x0,
    0x6, 0xff, 0xff, 0xff, 0xff, 0xfe, 0x10, 0x0,
    0x0, 0x0, 0x2f, 0xff, 0xc4, 0x0, 0x4e, 0xff,
    0x70, 0x0, 0x0, 0x0, 0xaf, 0xfc, 0x0, 0x0,
    0x4, 0xff, 0xb0, 0x0, 0x0, 0x0, 0xff, 0xf2,
    0x0, 0x0, 0x0, 0xff, 0xd0, 0x0, 0x0, 0x4,
    0xff, 0xb0, 0x0, 0x0, 0x1, 0xff, 0xc0, 0x0,
    0x0, 0x7, 0xff, 0x60, 0x0, 0x0, 0x7, 0xff,
    0x90, 0x0, 0x0, 0x9, 0xff, 0x30, 0x0, 0x0,
    0x4f, 0xff, 0x40, 0x0, 0x0, 0xa, 0xff, 0x20,
    0x0, 0x19, 0xff, 0xfb, 0x0, 0x0, 0x3, 0x3c,
    0xff, 0x55, 0x7b, 0xff, 0xff, 0xfb, 0x64, 0x31,
    0x7f, 0xff, 0xff, 0xff, 0xff, 0xff, 0xff, 0xff,
    0xff, 0xfa, 0x8f, 0xff, 0xff, 0xff, 0xff, 0xfe,
    0xcf, 0xff, 0xff, 0xfb, 0x6f, 0xff, 0xff, 0xfe,
    0xc9, 0x40, 0xd, 0xff, 0xee, 0xf9, 0x0, 0xa,
    0xff, 0x20, 0x0, 0x0, 0x5, 0xff, 0x90, 0x0,
    0x0, 0x9, 0xff, 0x50, 0x0, 0x0, 0x1, 0xff,
    0xc0, 0x0, 0x0, 0x6, 0xff, 0xb0, 0x0, 0x0,
    0x0, 0xff, 0xd0, 0x0, 0x0, 0x1, 0xff, 0xf7,
    0x0, 0x0, 0x4, 0xff, 0xb0, 0x0, 0x0, 0x0,
    0x8f, 0xff, 0xa3, 0x0, 0x4e, 0xff, 0x70, 0x0,
    0x0, 0x0, 0xc, 0xff, 0xff, 0xff, 0xff, 0xfe,
    0x10, 0x0, 0x0, 0x0, 0x0, 0xbf, 0xff, 0xff,
    0xff, 0xf4, 0x0, 0x0, 0x0, 0x0, 0x0, 0x5,
    0xcf, 0xff, 0xfb, 0x20, 0x0, 0x0, 0x0, 0x0,
    0x0, 0x0, 0x1, 0x33, 0x0, 0x0, 0x0, 0x0,

    /* U+FEEE "ﻮ" */
    0x0, 0x0, 0x0, 0x23, 0x20, 0x0, 0x0, 0x0,
    0x0, 0x0, 0x2a, 0xff, 0xff, 0xfa, 0x40, 0x0,
    0x0, 0x0, 0x5f, 0xff, 0xff, 0xff, 0xff, 0xb0,
    0x0, 0x0, 0x5f, 0xff, 0xff, 0xff, 0xff, 0xfc,
    0x0, 0x0, 0xe, 0xff, 0xe6, 0x10, 0x16, 0xff,
    0xc0, 0x0, 0x6, 0xff, 0xd1, 0x0, 0x0, 0xf,
    0xfc, 0x0, 0x0, 0xbf, 0xf4, 0x0, 0x0, 0x0,
    0xff, 0xc0, 0x0, 0xd, 0xff, 0x0, 0x0, 0x0,
    0xf, 0xfc, 0x0, 0x0, 0xdf, 0xf0, 0x0, 0x0,
    0x0, 0xff, 0xc0, 0x0, 0xb, 0xff, 0x40, 0x0,
    0x0, 0xf, 0xfc, 0x0, 0x0, 0x7f, 0xfd, 0x10,
    0x0, 0x0, 0xff, 0xc0, 0x0, 0x0, 0xef, 0xfe,
    0x84, 0x33, 0x4f, 0xfd, 0x33, 0x31, 0x4, 0xff,
    0xff, 0xff, 0xff, 0xff, 0xff, 0xff, 0x90, 0x5,
    0xff, 0xff, 0xff, 0xff, 0xff, 0xff, 0xfa, 0x0,
    0x1, 0x8c, 0xff, 0xff, 0xff, 0xff, 0xff, 0x80,
    0x0, 0x0, 0x0, 0x0, 0xf, 0xfc, 0x0, 0x0,
    0x0, 0x0, 0x0, 0x0, 0x1, 0xff, 0xc0, 0x0,
    0x0, 0x0, 0x0, 0x0, 0x0, 0x4f, 0xfa, 0x0,
    0x0, 0x0, 0x0, 0x0, 0x0, 0x4e, 0xff, 0x60,
    0x0, 0x0, 0xcf, 0xff, 0xff, 0xff, 0xff, 0xe1,
    0x0, 0x0, 0xc, 0xff, 0xff, 0xff, 0xff, 0xf4,
    0x0, 0x0, 0x0, 0xcf, 0xff, 0xff, 0xff, 0xb2,
    0x0, 0x0, 0x0, 0x2, 0x33, 0x33, 0x32, 0x0,
    0x0, 0x0, 0x0, 0x0,

    /* U+FEF0 "ﻰ" */
    0x0, 0x0, 0x0, 0x0, 0x0, 0x0, 0x0, 0x0,
    0x0, 0x0, 0x0, 0x0, 0x8, 0xeb, 0x10, 0x0,
    0x0, 0x0, 0x0, 0x0, 0x2b, 0x74, 0x33, 0x33,
    0x20, 0xbf, 0xf1, 0x0, 0x0, 0x0, 0x0, 0x0,
    0x1e, 0xff, 0xff, 0xff, 0xff, 0xd, 0xff, 0x0,
    0x0, 0x0, 0x0, 0x0, 0x6, 0xff, 0xff, 0xff,
    0xff, 0xf0, 0xdf, 0xf0, 0x0, 0x0, 0x0, 0x0,
    0x0, 0x3, 0xaf, 0xff, 0xff, 0xfe, 0xd, 0xff,
    0x0, 0x0, 0x0, 0x0, 0x0, 0x0, 0x0, 0x5,
    0xcf, 0xff, 0x20, 0xbf, 0xf3, 0x0, 0x0, 0x0,
    0x0, 0x0, 0x0, 0x0, 0x0, 0xaf, 0xf7, 0x8,
    0xff, 0xa0, 0x0, 0x0, 0x0, 0x0, 0x0, 0x0,
    0x0, 0x6, 0xff, 0x70, 0x2f, 0xff, 0x60, 0x0,
    0x0, 0x0, 0x0, 0x0, 0x0, 0x1, 0xdf, 0xf5,
    0x0, 0xaf, 0xff, 0x91, 0x0, 0x0, 0x0, 0x0,
    0x0, 0x6, 0xef, 0xff, 0x0, 0x1, 0xdf, 0xff,
    0xfc, 0x85, 0x43, 0x34, 0x57, 0xbf, 0xff, 0xff,
    0x50, 0x0, 0x1, 0xcf, 0xff, 0xff, 0xff, 0xff,
    0xff, 0xff, 0xff, 0xff, 0x60, 0x0, 0x0, 0x0,
    0x6d, 0xff, 0xff, 0xff, 0xff, 0xff, 0xff, 0xfa,
    0x20, 0x0, 0x0, 0x0, 0x0, 0x3, 0x8b, 0xdf,
    0xff, 0xfe, 0xc9, 0x51, 0x0, 0x0, 0x0,

    /* U+FEF2 "ﻲ" */
    0x0, 0x0, 0x0, 0x0, 0x0, 0x0, 0x0, 0x0,
    0x0, 0x0, 0x0, 0x0, 0x8, 0xeb, 0x10, 0x0,
    0x0, 0x0, 0x0, 0x0, 0x2b, 0x74, 0x33, 0x33,
    0x20, 0xbf, 0xf1, 0x0, 0x0, 0x0, 0x0, 0x0,
    0x1e, 0xff, 0xff, 0xff, 0xff, 0xd, 0xff, 0x0,
    0x0, 0x0, 0x0, 0x0, 0x6, 0xff, 0xff, 0xff,
    0xff, 0xf0, 0xdf, 0xf0, 0x0, 0x0, 0x0, 0x0,
    0x0, 0x3, 0xaf, 0xff, 0xff, 0xfe, 0xd, 0xff,
    0x0, 0x0, 0x0, 0x0, 0x0, 0x0, 0x0, 0x5,
    0xcf, 0xff, 0x20, 0xbf, 0xf3, 0x0, 0x0, 0x0,
    0x0, 0x0, 0x0, 0x0, 0x0, 0xaf, 0xf7, 0x8,
    0xff, 0xa0, 0x0, 0x0, 0x0, 0x0, 0x0, 0x0,
    0x0, 0x6, 0xff, 0x70, 0x2f, 0xff, 0x60, 0x0,
    0x0, 0x0, 0x0, 0x0, 0x0, 0x1, 0xdf, 0xf5,
    0x0, 0xaf, 0xff, 0x91, 0x0, 0x0, 0x0, 0x0,
    0x0, 0x6, 0xef, 0xff, 0x0, 0x1, 0xdf, 0xff,
    0xfc, 0x85, 0x43, 0x34, 0x57, 0xbf, 0xff, 0xff,
    0x50, 0x0, 0x1, 0xcf, 0xff, 0xff, 0xff, 0xff,
    0xff, 0xff, 0xff, 0xff, 0x60, 0x0, 0x0, 0x0,
    0x6d, 0xff, 0xff, 0xff, 0xff, 0xff, 0xff, 0xfa,
    0x20, 0x0, 0x0, 0x0, 0x0, 0x3, 0x8b, 0xdf,
    0xff, 0xfe, 0xc9, 0x51, 0x0, 0x0, 0x0, 0x0,
    0x0, 0x0, 0x0, 0x0, 0x0, 0x0, 0x0, 0x0,
    0x0, 0x0, 0x0, 0x0, 0x0, 0x0, 0x0, 0x0,
    0x0, 0x0, 0x0, 0x0, 0x0, 0x0, 0x0, 0x0,
    0x0, 0x0, 0x0, 0x0, 0x0, 0x0, 0x0, 0x0,
    0x0, 0x0, 0x0, 0x0, 0x0, 0x0, 0x0, 0x0,
    0x0, 0x45, 0x0, 0x45, 0x0, 0x0, 0x0, 0x0,
    0x0, 0x0, 0x0, 0x0, 0x0, 0x6f, 0xf9, 0x6f,
    0xf9, 0x0, 0x0, 0x0, 0x0, 0x0, 0x0, 0x0,
    0x0, 0x8, 0xff, 0xc9, 0xff, 0xc0, 0x0, 0x0,
    0x0, 0x0, 0x0, 0x0, 0x0, 0x0, 0x2d, 0xe4,
    0x2d, 0xe4, 0x0, 0x0, 0x0, 0x0, 0x0,

    /* U+FEF3 "ﻳ" */
    0x0, 0x0, 0x8, 0x86, 0x0, 0x0, 0x1, 0xff,
    0xc0, 0x0, 0x0, 0x1f, 0xfc, 0x0, 0x0, 0x1,
    0xff, 0xc0, 0x0, 0x0, 0x1f, 0xfc, 0x0, 0x0,
    0x1, 0xff, 0xc0, 0x0, 0x0, 0x1f, 0xfc, 0x0,
    0x0, 0x1, 0xff, 0xc0, 0x0, 0x0, 0x1f, 0xfc,
    0x0, 0x0, 0x1, 0xff, 0xc0, 0x3, 0x33, 0x4f,
    0xfc, 0x7, 0xff, 0xff, 0xff, 0xc0, 0x8f, 0xff,
    0xff, 0xfc, 0x6, 0xff, 0xff, 0xff, 0xc0, 0x0,
    0x0, 0x0, 0x0, 0x0, 0x0, 0x0, 0x0, 0x0,
    0x0, 0x0, 0x0, 0x0, 0x0, 0x3, 0x50, 0x3,
    0x50, 0x3, 0xff, 0xc4, 0xff, 0xb0, 0x6f, 0xfe,
    0x6f, 0xfe, 0x1, 0xcf, 0x61, 0xcf, 0x60,

    /* U+FEF4 "ﻴ" */
    0x0, 0x0, 0x6, 0x88, 0x0, 0x0, 0x0, 0x0,
    0x0, 0xcf, 0xf0, 0x0, 0x0, 0x0, 0x0, 0xc,
    0xff, 0x0, 0x0, 0x0, 0x0, 0x0, 0xcf, 0xf0,
    0x0, 0x0, 0x0, 0x0, 0xc, 0xff, 0x0, 0x0,
    0x0, 0x0, 0x0, 0xcf, 0xf0, 0x0, 0x0, 0x0,
    0x0, 0xc, 0xff, 0x0, 0x0, 0x0, 0x0, 0x0,
    0xcf, 0xf0, 0x0, 0x0, 0x0, 0x0, 0xd, 0xff,
    0x0, 0x0, 0x0, 0x0, 0x0, 0xef, 0xf2, 0x0,
    0x0, 0x3, 0x34, 0x9f, 0xff, 0xb4, 0x33, 0x7,
    0xff, 0xff, 0xff, 0xff, 0xff, 0xf6, 0x8f, 0xff,
    0xff, 0xef, 0xff, 0xff, 0x86, 0xff, 0xec, 0x60,
    0x5b, 0xef, 0xf5, 0x0, 0x0, 0x0, 0x0, 0x0,
    0x0, 0x0, 0x0, 0x0, 0x0, 0x0, 0x0, 0x0,
    0x0, 0x0, 0x0, 0x0, 0x0, 0x0, 0x0, 0x0,
    0x16, 0x20, 0x16, 0x20, 0x0, 0x0, 0xd, 0xff,
    0x2d, 0xff, 0x20, 0x0, 0x0, 0xff, 0xf5, 0xff,
    0xf4, 0x0, 0x0, 0x8, 0xfb, 0x8, 0xfb, 0x0,
    0x0,

    /* U+FEF5 "ﻵ" */
    0x0, 0x1, 0x22, 0x0, 0x0, 0x0, 0xaf, 0xf2,
    0x0, 0xbf, 0xff, 0xff, 0xed, 0x0, 0xaf, 0xf2,
    0x8, 0xff, 0xff, 0xff, 0xff, 0x0, 0xaf, 0xf2,
    0xc, 0xf4, 0x1, 0x24, 0x44, 0x0, 0xaf, 0xf2,
    0x0, 0x0, 0x0, 0x0, 0x0, 0x0, 0xaf, 0xf2,
    0x0, 0x0, 0x0, 0x0, 0x0, 0x0, 0xaf, 0xf2,
    0x0, 0x0, 0xac, 0xc0, 0x0, 0x0, 0xaf, 0xf2,
    0x0, 0x0, 0xdf, 0xf0, 0x0, 0x0, 0xaf, 0xf2,
    0x0, 0x0, 0xdf, 0xf0, 0x0, 0x0, 0xaf, 0xf2,
    0x0, 0x0, 0xdf, 0xf0, 0x0, 0x0, 0xaf, 0xf2,
    0x0, 0x0, 0xdf, 0xf0, 0x0, 0x0, 0xaf, 0xf2,
    0x0, 0x0, 0xdf, 0xf0, 0x0, 0x0, 0xaf, 0xf2,
    0x0, 0x0, 0xdf, 0xf0, 0x0, 0x0, 0xaf, 0xf2,
    0x0, 0x0, 0xdf, 0xf0, 0x0, 0x0, 0xaf, 0xf2,
    0x0, 0x0, 0xdf, 0xf0, 0x0, 0x0, 0xaf, 0xf2,
    0x0, 0x0, 0xdf, 0xf0, 0x0, 0x0, 0xaf, 0xf2,
    0x0, 0x0, 0xdf, 0xf0, 0x0, 0x0, 0xaf, 0xf2,
    0x0, 0x0, 0xdf, 0xf0, 0x0, 0x0, 0xaf, 0xf2,
    0x0, 0x0, 0xdf, 0xf0, 0x0, 0x0, 0xaf, 0xf2,
    0x23, 0x33, 0xdf, 0xf3, 0x33, 0x33, 0xbf, 0xf3,
    0xcf, 0xff, 0xff, 0xff, 0xff, 0xff, 0xff, 0xf4,
    0xcf, 0xff, 0xff, 0xff, 0xff, 0xff, 0xff, 0xf4,
    0xcf, 0xff, 0xff, 0xff, 0xff, 0xff, 0xff, 0xf4,

    /* U+FEF6 "ﻶ" */
    0x0, 0x1, 0x22, 0x0, 0x0, 0x0, 0xaf, 0xf2,
    0x0, 0x0, 0x0, 0xbf, 0xff, 0xff, 0xed, 0x0,
    0xaf, 0xf2, 0x0, 0x0, 0x8, 0xff, 0xff, 0xff,
    0xff, 0x0, 0xaf, 0xf2, 0x0, 0x0, 0xc, 0xf4,
    0x1, 0x24, 0x44, 0x0, 0xaf, 0xf2, 0x0, 0x0,
    0x0, 0x0, 0x0, 0x0, 0x0, 0x0, 0xaf, 0xf2,
    0x0, 0x0, 0x0, 0x0, 0x0, 0x0, 0x0, 0x0,
    0xaf, 0xf2, 0x0, 0x0, 0x0, 0x0, 0xac, 0xc0,
    0x0, 0x0, 0xaf, 0xf2, 0x0, 0x0, 0x0, 0x0,
    0xdf, 0xf0, 0x0, 0x0, 0xaf, 0xf2, 0x0, 0x0,
    0x0, 0x0, 0xdf, 0xf0, 0x0, 0x0, 0xaf, 0xf2,
    0x0, 0x0, 0x0, 0x0, 0xdf, 0xf0, 0x0, 0x0,
    0xaf, 0xf2, 0x0, 0x0, 0x0, 0x0, 0xdf, 0xf0,
    0x0, 0x0, 0xaf, 0xf2, 0x0, 0x0, 0x0, 0x0,
    0xdf, 0xf0, 0x0, 0x0, 0xaf, 0xf2, 0x0, 0x0,
    0x0, 0x0, 0xdf, 0xf0, 0x0, 0x0, 0xaf, 0xf2,
    0x0, 0x0, 0x0, 0x0, 0xdf, 0xf0, 0x0, 0x0,
    0xaf, 0xf2, 0x0, 0x0, 0x0, 0x0, 0xdf, 0xf0,
    0x0, 0x0, 0xaf, 0xf2, 0x0, 0x0, 0x0, 0x0,
    0xdf, 0xf0, 0x0, 0x0, 0xaf, 0xf2, 0x0, 0x0,
    0x0, 0x0, 0xdf, 0xf0, 0x0, 0x0, 0xaf, 0xf2,
    0x0, 0x0, 0x0, 0x0, 0xdf, 0xf0, 0x0, 0x0,
    0xbf, 0xf3, 0x0, 0x0, 0x0, 0x0, 0xdf, 0xf0,
    0x0, 0x0, 0xcf, 0xf4, 0x0, 0x0, 0x23, 0x33,
    0xdf, 0xf3, 0x33, 0x47, 0xff, 0xfc, 0x53, 0x20,
    0xcf, 0xff, 0xff, 0xff, 0xff, 0xff, 0xff, 0xff,
    0xff, 0xf0, 0xcf, 0xff, 0xff, 0xff, 0xff, 0xff,
    0xfe, 0xff, 0xff, 0xf0, 0xcf, 0xff, 0xff, 0xff,
    0xff, 0xfc, 0x70, 0x4a, 0xef, 0xe0,

    /* U+FEF7 "ﻷ" */
    0x0, 0x0, 0x6d, 0xeb, 0x10, 0x0, 0x0, 0x0,
    0x0, 0x7, 0xff, 0xfd, 0x0, 0x0, 0x0, 0x0,
    0x0, 0xc, 0xf3, 0x0, 0x0, 0x0, 0xaf, 0xf2,
    0x0, 0xb, 0xf3, 0x0, 0x0, 0x0, 0xaf, 0xf2,
    0x0, 0x5f, 0xff, 0xff, 0x90, 0x0, 0xaf, 0xf2,
    0x0, 0x5f, 0xff, 0xff, 0x80, 0x0, 0xaf, 0xf2,
    0x0, 0x0, 0x0, 0x0, 0x0, 0x0, 0xaf, 0xf2,
    0x0, 0x0, 0x0, 0x0, 0x0, 0x0, 0xaf, 0xf2,
    0x0, 0x0, 0x9b, 0xb0, 0x0, 0x0, 0xaf, 0xf2,
    0x0, 0x0, 0xdf, 0xf0, 0x0, 0x0, 0xaf, 0xf2,
    0x0, 0x0, 0xdf, 0xf0, 0x0, 0x0, 0xaf, 0xf2,
    0x0, 0x0, 0xdf, 0xf0, 0x0, 0x0, 0xaf, 0xf2,
    0x0, 0x0, 0xdf, 0xf0, 0x0, 0x0, 0xaf, 0xf2,
    0x0, 0x0, 0xdf, 0xf0, 0x0, 0x0, 0xaf, 0xf2,
    0x0, 0x0, 0xdf, 0xf0, 0x0, 0x0, 0xaf, 0xf2,
    0x0, 0x0, 0xdf, 0xf0, 0x0, 0x0, 0xaf, 0xf2,
    0x0, 0x0, 0xdf, 0xf0, 0x0, 0x0, 0xaf, 0xf2,
    0x0, 0x0, 0xdf, 0xf0, 0x0, 0x0, 0xaf, 0xf2,
    0x0, 0x0, 0xdf, 0xf0, 0x0, 0x0, 0xaf, 0xf2,
    0x0, 0x0, 0xdf, 0xf0, 0x0, 0x0, 0xaf, 0xf2,
    0x0, 0x0, 0xdf, 0xf0, 0x0, 0x0, 0xaf, 0xf2,
    0x23, 0x33, 0xdf, 0xf3, 0x33, 0x33, 0xbf, 0xf3,
    0xcf, 0xff, 0xff, 0xff, 0xff, 0xff, 0xff, 0xf4,
    0xcf, 0xff, 0xff, 0xff, 0xff, 0xff, 0xff, 0xf4,
    0xcf, 0xff, 0xff, 0xff, 0xff, 0xff, 0xff, 0xf4,

    /* U+FEF8 "ﻸ" */
    0x0, 0x0, 0x6d, 0xeb, 0x10, 0x0, 0x0, 0x0,
    0x0, 0x0, 0x0, 0x7, 0xff, 0xfd, 0x0, 0x0,
    0x0, 0x0, 0x0, 0x0, 0x0, 0xc, 0xf3, 0x0,
    0x0, 0x0, 0xaf, 0xf2, 0x0, 0x0, 0x0, 0xb,
    0xf3, 0x0, 0x0, 0x0, 0xaf, 0xf2, 0x0, 0x0,
    0x0, 0x5f, 0xff, 0xff, 0x90, 0x0, 0xaf, 0xf2,
    0x0, 0x0, 0x0, 0x5f, 0xff, 0xff, 0x80, 0x0,
    0xaf, 0xf2, 0x0, 0x0, 0x0, 0x0, 0x0, 0x0,
    0x0, 0x0, 0xaf, 0xf2, 0x0, 0x0, 0x0, 0x0,
    0x0, 0x0, 0x0, 0x0, 0xaf, 0xf2, 0x0, 0x0,
    0x0, 0x0, 0x9b, 0xb0, 0x0, 0x0, 0xaf, 0xf2,
    0x0, 0x0, 0x0, 0x0, 0xdf, 0xf0, 0x0, 0x0,
    0xaf, 0xf2, 0x0, 0x0, 0x0, 0x0, 0xdf, 0xf0,
    0x0, 0x0, 0xaf, 0xf2, 0x0, 0x0, 0x0, 0x0,
    0xdf, 0xf0, 0x0, 0x0, 0xaf, 0xf2, 0x0, 0x0,
    0x0, 0x0, 0xdf, 0xf0, 0x0, 0x0, 0xaf, 0xf2,
    0x0, 0x0, 0x0, 0x0, 0xdf, 0xf0, 0x0, 0x0,
    0xaf, 0xf2, 0x0, 0x0, 0x0, 0x0, 0xdf, 0xf0,
    0x0, 0x0, 0xaf, 0xf2, 0x0, 0x0, 0x0, 0x0,
    0xdf, 0xf0, 0x0, 0x0, 0xaf, 0xf2, 0x0, 0x0,
    0x0, 0x0, 0xdf, 0xf0, 0x0, 0x0, 0xaf, 0xf2,
    0x0, 0x0, 0x0, 0x0, 0xdf, 0xf0, 0x0, 0x0,
    0xaf, 0xf2, 0x0, 0x0, 0x0, 0x0, 0xdf, 0xf0,
    0x0, 0x0, 0xaf, 0xf2, 0x0, 0x0, 0x0, 0x0,
    0xdf, 0xf0, 0x0, 0x0, 0xbf, 0xf3, 0x0, 0x0,
    0x0, 0x0, 0xdf, 0xf0, 0x0, 0x0, 0xcf, 0xf4,
    0x0, 0x0, 0x23, 0x33, 0xdf, 0xf3, 0x33, 0x47,
    0xff, 0xfc, 0x53, 0x20, 0xcf, 0xff, 0xff, 0xff,
    0xff, 0xff, 0xff, 0xff, 0xff, 0xf0, 0xcf, 0xff,
    0xff, 0xff, 0xff, 0xff, 0xfe, 0xff, 0xff, 0xf0,
    0xcf, 0xff, 0xff, 0xff, 0xff, 0xfc, 0x70, 0x4a,
    0xef, 0xe0,

    /* U+FEF9 "ﻹ" */
    0x0, 0x0, 0x0, 0x0, 0x0, 0x0, 0xaf, 0xf2,
    0x0, 0x0, 0x0, 0x0, 0x0, 0x0, 0xaf, 0xf2,
    0x0, 0x0, 0x0, 0x0, 0x0, 0x0, 0xaf, 0xf2,
    0x0, 0x0, 0x0, 0x0, 0x0, 0x0, 0xaf, 0xf2,
    0x0, 0x0, 0x0, 0x0, 0x0, 0x0, 0xaf, 0xf2,
    0x0, 0x0, 0x0, 0x0, 0x0, 0x0, 0xaf, 0xf2,
    0x0, 0x0, 0xcf, 0xf0, 0x0, 0x0, 0xaf, 0xf2,
    0x0, 0x0, 0xdf, 0xf0, 0x0, 0x0, 0xaf, 0xf2,
    0x0, 0x0, 0xdf, 0xf0, 0x0, 0x0, 0xaf, 0xf2,
    0x0, 0x0, 0xdf, 0xf0, 0x0, 0x0, 0xaf, 0xf2,
    0x0, 0x0, 0xdf, 0xf0, 0x0, 0x0, 0xaf, 0xf2,
    0x0, 0x0, 0xdf, 0xf0, 0x0, 0x0, 0xaf, 0xf2,
    0x0, 0x0, 0xdf, 0xf0, 0x0, 0x0, 0xaf, 0xf2,
    0x0, 0x0, 0xdf, 0xf0, 0x0, 0x0, 0xaf, 0xf2,
    0x0, 0x0, 0xdf, 0xf0, 0x0, 0x0, 0xaf, 0xf2,
    0x0, 0x0, 0xdf, 0xf0, 0x0, 0x0, 0xaf, 0xf2,
    0x0, 0x0, 0xdf, 0xf0, 0x0, 0x0, 0xaf, 0xf2,
    0x0, 0x0, 0xdf, 0xf0, 0x0, 0x0, 0xaf, 0xf2,
    0x0, 0x0, 0xdf, 0xf0, 0x0, 0x0, 0xaf, 0xf2,
    0x23, 0x33, 0xdf, 0xf3, 0x33, 0x33, 0xbf, 0xf3,
    0xcf, 0xff, 0xff, 0xff, 0xff, 0xff, 0xff, 0xf4,
    0xcf, 0xff, 0xff, 0xff, 0xff, 0xff, 0xff, 0xf4,
    0xcf, 0xff, 0xff, 0xff, 0xff, 0xff, 0xff, 0xf4,
    0x0, 0x0, 0x0, 0x0, 0x0, 0x0, 0x0, 0x0,
    0x0, 0x0, 0x0, 0x0, 0x0, 0x0, 0x0, 0x0,
    0x0, 0x0, 0x6d, 0xec, 0x10, 0x0, 0x0, 0x0,
    0x0, 0x7, 0xff, 0xfd, 0x0, 0x0, 0x0, 0x0,
    0x0, 0xc, 0xf3, 0x0, 0x0, 0x0, 0x0, 0x0,
    0x0, 0xb, 0xf3, 0x0, 0x0, 0x0, 0x0, 0x0,
    0x0, 0x5f, 0xff, 0xff, 0x90, 0x0, 0x0, 0x0,
    0x0, 0x5f, 0xff, 0xff, 0x80, 0x0, 0x0, 0x0,

    /* U+FEFA "ﻺ" */
    0x0, 0x0, 0x0, 0x0, 0x0, 0x0, 0xaf, 0xf2,
    0x0, 0x0, 0x0, 0x0, 0x0, 0x0, 0x0, 0x0,
    0xaf, 0xf2, 0x0, 0x0, 0x0, 0x0, 0x0, 0x0,
    0x0, 0x0, 0xaf, 0xf2, 0x0, 0x0, 0x0, 0x0,
    0x0, 0x0, 0x0, 0x0, 0xaf, 0xf2, 0x0, 0x0,
    0x0, 0x0, 0x0, 0x0, 0x0, 0x0, 0xaf, 0xf2,
    0x0, 0x0, 0x0, 0x0, 0x0, 0x0, 0x0, 0x0,
    0xaf, 0xf2, 0x0, 0x0, 0x0, 0x0, 0xcf, 0xf0,
    0x0, 0x0, 0xaf, 0xf2, 0x0, 0x0, 0x0, 0x0,
    0xdf, 0xf0, 0x0, 0x0, 0xaf, 0xf2, 0x0, 0x0,
    0x0, 0x0, 0xdf, 0xf0, 0x0, 0x0, 0xaf, 0xf2,
    0x0, 0x0, 0x0, 0x0, 0xdf, 0xf0, 0x0, 0x0,
    0xaf, 0xf2, 0x0, 0x0, 0x0, 0x0, 0xdf, 0xf0,
    0x0, 0x0, 0xaf, 0xf2, 0x0, 0x0, 0x0, 0x0,
    0xdf, 0xf0, 0x0, 0x0, 0xaf, 0xf2, 0x0, 0x0,
    0x0, 0x0, 0xdf, 0xf0, 0x0, 0x0, 0xaf, 0xf2,
    0x0, 0x0, 0x0, 0x0, 0xdf, 0xf0, 0x0, 0x0,
    0xaf, 0xf2, 0x0, 0x0, 0x0, 0x0, 0xdf, 0xf0,
    0x0, 0x0, 0xaf, 0xf2, 0x0, 0x0, 0x0, 0x0,
    0xdf, 0xf0, 0x0, 0x0, 0xaf, 0xf2, 0x0, 0x0,
    0x0, 0x0, 0xdf, 0xf0, 0x0, 0x0, 0xaf, 0xf2,
    0x0, 0x0, 0x0, 0x0, 0xdf, 0xf0, 0x0, 0x0,
    0xbf, 0xf3, 0x0, 0x0, 0x0, 0x0, 0xdf, 0xf0,
    0x0, 0x0, 0xcf, 0xf4, 0x0, 0x0, 0x23, 0x33,
    0xdf, 0xf3, 0x33, 0x47, 0xff, 0xfc, 0x53, 0x20,
    0xcf, 0xff, 0xff, 0xff, 0xff, 0xff, 0xff, 0xff,
    0xff, 0xf0, 0xcf, 0xff, 0xff, 0xff, 0xff, 0xff,
    0xfe, 0xff, 0xff, 0xf0, 0xcf, 0xff, 0xff, 0xff,
    0xff, 0xfc, 0x70, 0x4a, 0xef, 0xe0, 0x0, 0x0,
    0x0, 0x0, 0x0, 0x0, 0x0, 0x0, 0x0, 0x0,
    0x0, 0x0, 0x0, 0x0, 0x0, 0x0, 0x0, 0x0,
    0x0, 0x0, 0x0, 0x0, 0x6d, 0xec, 0x10, 0x0,
    0x0, 0x0, 0x0, 0x0, 0x0, 0x7, 0xff, 0xfd,
    0x0, 0x0, 0x0, 0x0, 0x0, 0x0, 0x0, 0xc,
    0xf3, 0x0, 0x0, 0x0, 0x0, 0x0, 0x0, 0x0,
    0x0, 0xb, 0xf3, 0x0, 0x0, 0x0, 0x0, 0x0,
    0x0, 0x0, 0x0, 0x5f, 0xff, 0xff, 0x90, 0x0,
    0x0, 0x0, 0x0, 0x0, 0x0, 0x5f, 0xff, 0xff,
    0x80, 0x0, 0x0, 0x0, 0x0, 0x0,

    /* U+FEFB "ﻻ" */
    0x0, 0x0, 0x0, 0x0, 0x0, 0x0, 0xaf, 0xf2,
    0x0, 0x0, 0x0, 0x0, 0x0, 0x0, 0xaf, 0xf2,
    0x0, 0x0, 0x0, 0x0, 0x0, 0x0, 0xaf, 0xf2,
    0x0, 0x0, 0x0, 0x0, 0x0, 0x0, 0xaf, 0xf2,
    0x0, 0x0, 0x0, 0x0, 0x0, 0x0, 0xaf, 0xf2,
    0x0, 0x0, 0x0, 0x0, 0x0, 0x0, 0xaf, 0xf2,
    0x0, 0x0, 0xcf, 0xf0, 0x0, 0x0, 0xaf, 0xf2,
    0x0, 0x0, 0xdf, 0xf0, 0x0, 0x0, 0xaf, 0xf2,
    0x0, 0x0, 0xdf, 0xf0, 0x0, 0x0, 0xaf, 0xf2,
    0x0, 0x0, 0xdf, 0xf0, 0x0, 0x0, 0xaf, 0xf2,
    0x0, 0x0, 0xdf, 0xf0, 0x0, 0x0, 0xaf, 0xf2,
    0x0, 0x0, 0xdf, 0xf0, 0x0, 0x0, 0xaf, 0xf2,
    0x0, 0x0, 0xdf, 0xf0, 0x0, 0x0, 0xaf, 0xf2,
    0x0, 0x0, 0xdf, 0xf0, 0x0, 0x0, 0xaf, 0xf2,
    0x0, 0x0, 0xdf, 0xf0, 0x0, 0x0, 0xaf, 0xf2,
    0x0, 0x0, 0xdf, 0xf0, 0x0, 0x0, 0xaf, 0xf2,
    0x0, 0x0, 0xdf, 0xf0, 0x0, 0x0, 0xaf, 0xf2,
    0x0, 0x0, 0xdf, 0xf0, 0x0, 0x0, 0xaf, 0xf2,
    0x0, 0x0, 0xdf, 0xf0, 0x0, 0x0, 0xaf, 0xf2,
    0x23, 0x33, 0xdf, 0xf3, 0x33, 0x33, 0xbf, 0xf3,
    0xcf, 0xff, 0xff, 0xff, 0xff, 0xff, 0xff, 0xf4,
    0xcf, 0xff, 0xff, 0xff, 0xff, 0xff, 0xff, 0xf4,
    0xcf, 0xff, 0xff, 0xff, 0xff, 0xff, 0xff, 0xf4,

    /* U+FEFC "ﻼ" */
    0x0, 0x0, 0x0, 0x0, 0x0, 0x0, 0xaf, 0xf2,
    0x0, 0x0, 0x0, 0x0, 0x0, 0x0, 0x0, 0x0,
    0xaf, 0xf2, 0x0, 0x0, 0x0, 0x0, 0x0, 0x0,
    0x0, 0x0, 0xaf, 0xf2, 0x0, 0x0, 0x0, 0x0,
    0x0, 0x0, 0x0, 0x0, 0xaf, 0xf2, 0x0, 0x0,
    0x0, 0x0, 0x0, 0x0, 0x0, 0x0, 0xaf, 0xf2,
    0x0, 0x0, 0x0, 0x0, 0x0, 0x0, 0x0, 0x0,
    0xaf, 0xf2, 0x0, 0x0, 0x0, 0x0, 0xcf, 0xf0,
    0x0, 0x0, 0xaf, 0xf2, 0x0, 0x0, 0x0, 0x0,
    0xdf, 0xf0, 0x0, 0x0, 0xaf, 0xf2, 0x0, 0x0,
    0x0, 0x0, 0xdf, 0xf0, 0x0, 0x0, 0xaf, 0xf2,
    0x0, 0x0, 0x0, 0x0, 0xdf, 0xf0, 0x0, 0x0,
    0xaf, 0xf2, 0x0, 0x0, 0x0, 0x0, 0xdf, 0xf0,
    0x0, 0x0, 0xaf, 0xf2, 0x0, 0x0, 0x0, 0x0,
    0xdf, 0xf0, 0x0, 0x0, 0xaf, 0xf2, 0x0, 0x0,
    0x0, 0x0, 0xdf, 0xf0, 0x0, 0x0, 0xaf, 0xf2,
    0x0, 0x0, 0x0, 0x0, 0xdf, 0xf0, 0x0, 0x0,
    0xaf, 0xf2, 0x0, 0x0, 0x0, 0x0, 0xdf, 0xf0,
    0x0, 0x0, 0xaf, 0xf2, 0x0, 0x0, 0x0, 0x0,
    0xdf, 0xf0, 0x0, 0x0, 0xaf, 0xf2, 0x0, 0x0,
    0x0, 0x0, 0xdf, 0xf0, 0x0, 0x0, 0xaf, 0xf2,
    0x0, 0x0, 0x0, 0x0, 0xdf, 0xf0, 0x0, 0x0,
    0xbf, 0xf3, 0x0, 0x0, 0x0, 0x0, 0xdf, 0xf0,
    0x0, 0x0, 0xcf, 0xf4, 0x0, 0x0, 0x23, 0x33,
    0xdf, 0xf3, 0x33, 0x47, 0xff, 0xfc, 0x53, 0x20,
    0xcf, 0xff, 0xff, 0xff, 0xff, 0xff, 0xff, 0xff,
    0xff, 0xf0, 0xcf, 0xff, 0xff, 0xff, 0xff, 0xff,
    0xfe, 0xff, 0xff, 0xf0, 0xcf, 0xff, 0xff, 0xff,
    0xff, 0xfc, 0x70, 0x4a, 0xef, 0xe0
};


/*---------------------
 *  GLYPH DESCRIPTION
 *--------------------*/

static const lv_font_fmt_txt_glyph_dsc_t glyph_dsc[] = {
    {.bitmap_index = 0, .adv_w = 0, .box_w = 0, .box_h = 0, .ofs_x = 0, .ofs_y = 0} /* id = 0 reserved */,
    {.bitmap_index = 0, .adv_w = 121, .box_w = 0, .box_h = 0, .ofs_x = 0, .ofs_y = 0},
    {.bitmap_index = 0, .adv_w = 94, .box_w = 5, .box_h = 20, .ofs_x = 1, .ofs_y = 0},
    {.bitmap_index = 50, .adv_w = 162, .box_w = 8, .box_h = 7, .ofs_x = 1, .ofs_y = 13},
    {.bitmap_index = 78, .adv_w = 325, .box_w = 20, .box_h = 20, .ofs_x = 0, .ofs_y = 0},
    {.bitmap_index = 278, .adv_w = 279, .box_w = 17, .box_h = 28, .ofs_x = 0, .ofs_y = -4},
    {.bitmap_index = 516, .adv_w = 432, .box_w = 25, .box_h = 20, .ofs_x = 1, .ofs_y = 0},
    {.bitmap_index = 766, .adv_w = 297, .box_w = 18, .box_h = 21, .ofs_x = 1, .ofs_y = -1},
    {.bitmap_index = 955, .adv_w = 93, .box_w = 4, .box_h = 7, .ofs_x = 1, .ofs_y = 13},
    {.bitmap_index = 969, .adv_w = 140, .box_w = 8, .box_h = 25, .ofs_x = 1, .ofs_y = -4},
    {.bitmap_index = 1069, .adv_w = 140, .box_w = 7, .box_h = 25, .ofs_x = 0, .ofs_y = -4},
    {.bitmap_index = 1157, .adv_w = 156, .box_w = 10, .box_h = 9, .ofs_x = 0, .ofs_y = 12},
    {.bitmap_index = 1202, .adv_w = 223, .box_w = 13, .box_h = 12, .ofs_x = 0, .ofs_y = 3},
    {.bitmap_index = 1280, .adv_w = 96, .box_w = 4, .box_h = 7, .ofs_x = 1, .ofs_y = -3},
    {.bitmap_index = 1294, .adv_w = 165, .box_w = 8, .box_h = 3, .ofs_x = 1, .ofs_y = 7},
    {.bitmap_index = 1306, .adv_w = 98, .box_w = 4, .box_h = 4, .ofs_x = 1, .ofs_y = 0},
    {.bitmap_index = 1314, .adv_w = 148, .box_w = 13, .box_h = 26, .ofs_x = -1, .ofs_y = -3},
    {.bitmap_index = 1483, .adv_w = 317, .box_w = 18, .box_h = 20, .ofs_x = 1, .ofs_y = 0},
    {.bitmap_index = 1663, .adv_w = 168, .box_w = 8, .box_h = 20, .ofs_x = 0, .ofs_y = 0},
    {.bitmap_index = 1743, .adv_w = 262, .box_w = 16, .box_h = 20, .ofs_x = 0, .ofs_y = 0},
    {.bitmap_index = 1903, .adv_w = 264, .box_w = 16, .box_h = 20, .ofs_x = 0, .ofs_y = 0},
    {.bitmap_index = 2063, .adv_w = 267, .box_w = 16, .box_h = 20, .ofs_x = 0, .ofs_y = 0},
    {.bitmap_index = 2223, .adv_w = 277, .box_w = 16, .box_h = 20, .ofs_x = 1, .ofs_y = 0},
    {.bitmap_index = 2383, .adv_w = 284, .box_w = 16, .box_h = 20, .ofs_x = 1, .ofs_y = 0},
    {.bitmap_index = 2543, .adv_w = 256, .box_w = 16, .box_h = 20, .ofs_x = 0, .ofs_y = 0},
    {.bitmap_index = 2703, .adv_w = 284, .box_w = 16, .box_h = 20, .ofs_x = 1, .ofs_y = 0},
    {.bitmap_index = 2863, .adv_w = 283, .box_w = 16, .box_h = 20, .ofs_x = 1, .ofs_y = 0},
    {.bitmap_index = 3023, .adv_w = 98, .box_w = 4, .box_h = 12, .ofs_x = 1, .ofs_y = 0},
    {.bitmap_index = 3047, .adv_w = 97, .box_w = 4, .box_h = 15, .ofs_x = 1, .ofs_y = -3},
    {.bitmap_index = 3077, .adv_w = 223, .box_w = 13, .box_h = 14, .ofs_x = 0, .ofs_y = 2},
    {.bitmap_index = 3168, .adv_w = 223, .box_w = 13, .box_h = 8, .ofs_x = 0, .ofs_y = 5},
    {.bitmap_index = 3220, .adv_w = 223, .box_w = 13, .box_h = 14, .ofs_x = 0, .ofs_y = 2},
    {.bitmap_index = 3311, .adv_w = 198, .box_w = 13, .box_h = 20, .ofs_x = 0, .ofs_y = 0},
    {.bitmap_index = 3441, .adv_w = 436, .box_w = 27, .box_h = 24, .ofs_x = 0, .ofs_y = -4},
    {.bitmap_index = 3765, .adv_w = 331, .box_w = 21, .box_h = 20, .ofs_x = 0, .ofs_y = 0},
    {.bitmap_index = 3975, .adv_w = 316, .box_w = 17, .box_h = 20, .ofs_x = 2, .ofs_y = 0},
    {.bitmap_index = 4145, .adv_w = 312, .box_w = 19, .box_h = 20, .ofs_x = 0, .ofs_y = 0},
    {.bitmap_index = 4335, .adv_w = 347, .box_w = 19, .box_h = 20, .ofs_x = 2, .ofs_y = 0},
    {.bitmap_index = 4525, .adv_w = 294, .box_w = 15, .box_h = 20, .ofs_x = 2, .ofs_y = 0},
    {.bitmap_index = 4675, .adv_w = 258, .box_w = 14, .box_h = 20, .ofs_x = 2, .ofs_y = 0},
    {.bitmap_index = 4815, .adv_w = 336, .box_w = 19, .box_h = 20, .ofs_x = 0, .ofs_y = 0},
    {.bitmap_index = 5005, .adv_w = 354, .box_w = 18, .box_h = 20, .ofs_x = 2, .ofs_y = 0},
    {.bitmap_index = 5185, .adv_w = 135, .box_w = 4, .box_h = 20, .ofs_x = 2, .ofs_y = 0},
    {.bitmap_index = 5225, .adv_w = 224, .box_w = 13, .box_h = 20, .ofs_x = -1, .ofs_y = 0},
    {.bitmap_index = 5355, .adv_w = 322, .box_w = 18, .box_h = 20, .ofs_x = 2, .ofs_y = 0},
    {.bitmap_index = 5535, .adv_w = 239, .box_w = 13, .box_h = 20, .ofs_x = 2, .ofs_y = 0},
    {.bitmap_index = 5665, .adv_w = 421, .box_w = 22, .box_h = 20, .ofs_x = 2, .ofs_y = 0},
    {.bitmap_index = 5885, .adv_w = 355, .box_w = 18, .box_h = 20, .ofs_x = 2, .ofs_y = 0},
    {.bitmap_index = 6065, .adv_w = 363, .box_w = 22, .box_h = 20, .ofs_x = 0, .ofs_y = 0},
    {.bitmap_index = 6285, .adv_w = 302, .box_w = 17, .box_h = 20, .ofs_x = 2, .ofs_y = 0},
    {.bitmap_index = 6455, .adv_w = 366, .box_w = 23, .box_h = 24, .ofs_x = 0, .ofs_y = -4},
    {.bitmap_index = 6731, .adv_w = 324, .box_w = 17, .box_h = 20, .ofs_x = 2, .ofs_y = 0},
    {.bitmap_index = 6901, .adv_w = 279, .box_w = 17, .box_h = 20, .ofs_x = 0, .ofs_y = 0},
    {.bitmap_index = 7071, .adv_w = 259, .box_w = 16, .box_h = 20, .ofs_x = 0, .ofs_y = 0},
    {.bitmap_index = 7231, .adv_w = 340, .box_w = 18, .box_h = 20, .ofs_x = 2, .ofs_y = 0},
    {.bitmap_index = 7411, .adv_w = 309, .box_w = 20, .box_h = 20, .ofs_x = 0, .ofs_y = 0},
    {.bitmap_index = 7611, .adv_w = 476, .box_w = 30, .box_h = 20, .ofs_x = 0, .ofs_y = 0},
    {.bitmap_index = 7911, .adv_w = 310, .box_w = 19, .box_h = 20, .ofs_x = 0, .ofs_y = 0},
    {.bitmap_index = 8101, .adv_w = 285, .box_w = 18, .box_h = 20, .ofs_x = 0, .ofs_y = 0},
    {.bitmap_index = 8281, .adv_w = 298, .box_w = 17, .box_h = 20, .ofs_x = 1, .ofs_y = 0},
    {.bitmap_index = 8451, .adv_w = 147, .box_w = 7, .box_h = 25, .ofs_x = 2, .ofs_y = -4},
    {.bitmap_index = 8539, .adv_w = 148, .box_w = 12, .box_h = 26, .ofs_x = -2, .ofs_y = -3},
    {.bitmap_index = 8695, .adv_w = 147, .box_w = 7, .box_h = 25, .ofs_x = 0, .ofs_y = -4},
    {.bitmap_index = 8783, .adv_w = 241, .box_w = 15, .box_h = 11, .ofs_x = 0, .ofs_y = 4},
    {.bitmap_index = 8866, .adv_w = 254, .box_w = 16, .box_h = 2, .ofs_x = 0, .ofs_y = -6},
    {.bitmap_index = 8882, .adv_w = 145, .box_w = 7, .box_h = 5, .ofs_x = 1, .ofs_y = 17},
    {.bitmap_index = 8900, .adv_w = 263, .box_w = 14, .box_h = 15, .ofs_x = 1, .ofs_y = 0},
    {.bitmap_index = 9005, .adv_w = 305, .box_w = 17, .box_h = 21, .ofs_x = 2, .ofs_y = 0},
    {.bitmap_index = 9184, .adv_w = 253, .box_w = 15, .box_h = 15, .ofs_x = 0, .ofs_y = 0},
    {.bitmap_index = 9297, .adv_w = 306, .box_w = 17, .box_h = 21, .ofs_x = 0, .ofs_y = 0},
    {.bitmap_index = 9476, .adv_w = 263, .box_w = 16, .box_h = 15, .ofs_x = 0, .ofs_y = 0},
    {.bitmap_index = 9596, .adv_w = 159, .box_w = 10, .box_h = 21, .ofs_x = 1, .ofs_y = 0},
    {.bitmap_index = 9701, .adv_w = 287, .box_w = 16, .box_h = 20, .ofs_x = 0, .ofs_y = -5},
    {.bitmap_index = 9861, .adv_w = 300, .box_w = 15, .box_h = 21, .ofs_x = 2, .ofs_y = 0},
    {.bitmap_index = 10019, .adv_w = 127, .box_w = 4, .box_h = 21, .ofs_x = 2, .ofs_y = 0},
    {.bitmap_index = 10061, .adv_w = 123, .box_w = 8, .box_h = 26, .ofs_x = -2, .ofs_y = -5},
    {.bitmap_index = 10165, .adv_w = 267, .box_w = 15, .box_h = 21, .ofs_x = 2, .ofs_y = 0},
    {.bitmap_index = 10323, .adv_w = 132, .box_w = 4, .box_h = 21, .ofs_x = 2, .ofs_y = 0},
    {.bitmap_index = 10365, .adv_w = 467, .box_w = 26, .box_h = 15, .ofs_x = 2, .ofs_y = 0},
    {.bitmap_index = 10560, .adv_w = 297, .box_w = 15, .box_h = 15, .ofs_x = 2, .ofs_y = 0},
    {.bitmap_index = 10673, .adv_w = 280, .box_w = 17, .box_h = 15, .ofs_x = 0, .ofs_y = 0},
    {.bitmap_index = 10801, .adv_w = 305, .box_w = 17, .box_h = 20, .ofs_x = 2, .ofs_y = -5},
    {.bitmap_index = 10971, .adv_w = 306, .box_w = 17, .box_h = 20, .ofs_x = 0, .ofs_y = -5},
    {.bitmap_index = 11141, .adv_w = 177, .box_w = 9, .box_h = 15, .ofs_x = 2, .ofs_y = 0},
    {.bitmap_index = 11209, .adv_w = 211, .box_w = 13, .box_h = 15, .ofs_x = 0, .ofs_y = 0},
    {.bitmap_index = 11307, .adv_w = 182, .box_w = 11, .box_h = 19, .ofs_x = 0, .ofs_y = 0},
    {.bitmap_index = 11412, .adv_w = 293, .box_w = 15, .box_h = 15, .ofs_x = 1, .ofs_y = 0},
    {.bitmap_index = 11525, .adv_w = 235, .box_w = 15, .box_h = 15, .ofs_x = 0, .ofs_y = 0},
    {.bitmap_index = 11638, .adv_w = 400, .box_w = 26, .box_h = 15, .ofs_x = 0, .ofs_y = 0},
    {.bitmap_index = 11833, .adv_w = 248, .box_w = 16, .box_h = 15, .ofs_x = 0, .ofs_y = 0},
    {.bitmap_index = 11953, .adv_w = 238, .box_w = 17, .box_h = 20, .ofs_x = -1, .ofs_y = -5},
    {.bitmap_index = 12123, .adv_w = 241, .box_w = 13, .box_h = 15, .ofs_x = 1, .ofs_y = 0},
    {.bitmap_index = 12221, .adv_w = 155, .box_w = 8, .box_h = 25, .ofs_x = 1, .ofs_y = -4},
    {.bitmap_index = 12321, .adv_w = 121, .box_w = 3, .box_h = 27, .ofs_x = 2, .ofs_y = -3},
    {.bitmap_index = 12362, .adv_w = 155, .box_w = 9, .box_h = 25, .ofs_x = 0, .ofs_y = -4},
    {.bitmap_index = 12475, .adv_w = 223, .box_w = 12, .box_h = 4, .ofs_x = 1, .ofs_y = 7},
    {.bitmap_index = 12499, .adv_w = 121, .box_w = 0, .box_h = 0, .ofs_x = 0, .ofs_y = 0},
    {.bitmap_index = 12499, .adv_w = 94, .box_w = 4, .box_h = 7, .ofs_x = 1, .ofs_y = 0},
    {.bitmap_index = 12513, .adv_w = 0, .box_w = 7, .box_h = 6, .ofs_x = 0, .ofs_y = 19},
    {.bitmap_index = 12534, .adv_w = 95, .box_w = 5, .box_h = 15, .ofs_x = 1, .ofs_y = 0},
    {.bitmap_index = 12572, .adv_w = 198, .box_w = 12, .box_h = 20, .ofs_x = 0, .ofs_y = 0},
    {.bitmap_index = 12692, .adv_w = 258, .box_w = 14, .box_h = 13, .ofs_x = 1, .ofs_y = 0},
    {.bitmap_index = 12783, .adv_w = 117, .box_w = 10, .box_h = 26, .ofs_x = -1, .ofs_y = 0},
    {.bitmap_index = 12913, .adv_w = 117, .box_w = 7, .box_h = 28, .ofs_x = 0, .ofs_y = 0},
    {.bitmap_index = 13011, .adv_w = 247, .box_w = 13, .box_h = 31, .ofs_x = 1, .ofs_y = -8},
    {.bitmap_index = 13213, .adv_w = 117, .box_w = 7, .box_h = 31, .ofs_x = 0, .ofs_y = -8},
    {.bitmap_index = 13322, .adv_w = 419, .box_w = 25, .box_h = 22, .ofs_x = 0, .ofs_y = -8},
    {.bitmap_index = 13597, .adv_w = 117, .box_w = 4, .box_h = 23, .ofs_x = 2, .ofs_y = 0},
    {.bitmap_index = 13643, .adv_w = 402, .box_w = 23, .box_h = 22, .ofs_x = 1, .ofs_y = -8},
    {.bitmap_index = 13896, .adv_w = 259, .box_w = 14, .box_h = 22, .ofs_x = 1, .ofs_y = 0},
    {.bitmap_index = 14050, .adv_w = 402, .box_w = 23, .box_h = 18, .ofs_x = 1, .ofs_y = 0},
    {.bitmap_index = 14257, .adv_w = 402, .box_w = 23, .box_h = 21, .ofs_x = 1, .ofs_y = 0},
    {.bitmap_index = 14499, .adv_w = 320, .box_w = 18, .box_h = 26, .ofs_x = 1, .ofs_y = -11},
    {.bitmap_index = 14733, .adv_w = 320, .box_w = 18, .box_h = 26, .ofs_x = 1, .ofs_y = -11},
    {.bitmap_index = 14967, .adv_w = 320, .box_w = 18, .box_h = 33, .ofs_x = 1, .ofs_y = -11},
    {.bitmap_index = 15264, .adv_w = 262, .box_w = 14, .box_h = 15, .ofs_x = 1, .ofs_y = 0},
    {.bitmap_index = 15369, .adv_w = 262, .box_w = 14, .box_h = 22, .ofs_x = 1, .ofs_y = 0},
    {.bitmap_index = 15523, .adv_w = 131, .box_w = 7, .box_h = 21, .ofs_x = 0, .ofs_y = -7},
    {.bitmap_index = 15597, .adv_w = 131, .box_w = 7, .box_h = 29, .ofs_x = 0, .ofs_y = -7},
    {.bitmap_index = 15699, .adv_w = 570, .box_w = 33, .box_h = 21, .ofs_x = 1, .ofs_y = -7},
    {.bitmap_index = 16046, .adv_w = 570, .box_w = 33, .box_h = 31, .ofs_x = 1, .ofs_y = -7},
    {.bitmap_index = 16558, .adv_w = 632, .box_w = 37, .box_h = 23, .ofs_x = 1, .ofs_y = -7},
    {.bitmap_index = 16984, .adv_w = 632, .box_w = 37, .box_h = 30, .ofs_x = 1, .ofs_y = -7},
    {.bitmap_index = 17539, .adv_w = 374, .box_w = 21, .box_h = 23, .ofs_x = 1, .ofs_y = 0},
    {.bitmap_index = 17781, .adv_w = 374, .box_w = 21, .box_h = 23, .ofs_x = 1, .ofs_y = 0},
    {.bitmap_index = 18023, .adv_w = 279, .box_w = 15, .box_h = 26, .ofs_x = 1, .ofs_y = -11},
    {.bitmap_index = 18218, .adv_w = 279, .box_w = 15, .box_h = 33, .ofs_x = 1, .ofs_y = -11},
    {.bitmap_index = 18466, .adv_w = 78, .box_w = 7, .box_h = 4, .ofs_x = -1, .ofs_y = 0},
    {.bitmap_index = 18480, .adv_w = 461, .box_w = 27, .box_h = 22, .ofs_x = 1, .ofs_y = 0},
    {.bitmap_index = 18777, .adv_w = 386, .box_w = 22, .box_h = 30, .ofs_x = 1, .ofs_y = -8},
    {.bitmap_index = 19107, .adv_w = 398, .box_w = 23, .box_h = 23, .ofs_x = 1, .ofs_y = 0},
    {.bitmap_index = 19372, .adv_w = 323, .box_w = 18, .box_h = 29, .ofs_x = 1, .ofs_y = -6},
    {.bitmap_index = 19633, .adv_w = 319, .box_w = 17, .box_h = 24, .ofs_x = 2, .ofs_y = -10},
    {.bitmap_index = 19837, .adv_w = 332, .box_w = 19, .box_h = 24, .ofs_x = 1, .ofs_y = -7},
    {.bitmap_index = 20065, .adv_w = 259, .box_w = 14, .box_h = 16, .ofs_x = 1, .ofs_y = 0},
    {.bitmap_index = 20177, .adv_w = 247, .box_w = 13, .box_h = 23, .ofs_x = 1, .ofs_y = -8},
    {.bitmap_index = 20327, .adv_w = 419, .box_w = 24, .box_h = 22, .ofs_x = 1, .ofs_y = -8},
    {.bitmap_index = 20591, .adv_w = 419, .box_w = 24, .box_h = 29, .ofs_x = 1, .ofs_y = -15},
    {.bitmap_index = 20939, .adv_w = 0, .box_w = 7, .box_h = 6, .ofs_x = 0, .ofs_y = 15},
    {.bitmap_index = 20960, .adv_w = 0, .box_w = 9, .box_h = 8, .ofs_x = 0, .ofs_y = 13},
    {.bitmap_index = 20996, .adv_w = 0, .box_w = 7, .box_h = 6, .ofs_x = 0, .ofs_y = -4},
    {.bitmap_index = 21017, .adv_w = 0, .box_w = 7, .box_h = 3, .ofs_x = 0, .ofs_y = 15},
    {.bitmap_index = 21028, .adv_w = 0, .box_w = 9, .box_h = 8, .ofs_x = 0, .ofs_y = 13},
    {.bitmap_index = 21064, .adv_w = 0, .box_w = 7, .box_h = 3, .ofs_x = 0, .ofs_y = -3},
    {.bitmap_index = 21075, .adv_w = 0, .box_w = 8, .box_h = 6, .ofs_x = 0, .ofs_y = 13},
    {.bitmap_index = 21099, .adv_w = 0, .box_w = 6, .box_h = 7, .ofs_x = 0, .ofs_y = 13},
    {.bitmap_index = 21120, .adv_w = 0, .box_w = 9, .box_h = 4, .ofs_x = 0, .ofs_y = 17},
    {.bitmap_index = 21138, .adv_w = 0, .box_w = 6, .box_h = 5, .ofs_x = 0, .ofs_y = 15},
    {.bitmap_index = 21153, .adv_w = 0, .box_w = 6, .box_h = 5, .ofs_x = 0, .ofs_y = -6},
    {.bitmap_index = 21168, .adv_w = 0, .box_w = 2, .box_h = 5, .ofs_x = 0, .ofs_y = -5},
    {.bitmap_index = 21173, .adv_w = 0, .box_w = 7, .box_h = 7, .ofs_x = 0, .ofs_y = 12},
    {.bitmap_index = 21198, .adv_w = 151, .box_w = 5, .box_h = 4, .ofs_x = 2, .ofs_y = 8},
    {.bitmap_index = 21208, .adv_w = 135, .box_w = 4, .box_h = 21, .ofs_x = 2, .ofs_y = 0},
    {.bitmap_index = 21250, .adv_w = 227, .box_w = 12, .box_h = 21, .ofs_x = 1, .ofs_y = 0},
    {.bitmap_index = 21376, .adv_w = 306, .box_w = 17, .box_h = 21, .ofs_x = 1, .ofs_y = 0},
    {.bitmap_index = 21555, .adv_w = 257, .box_w = 14, .box_h = 21, .ofs_x = 1, .ofs_y = 0},
    {.bitmap_index = 21702, .adv_w = 305, .box_w = 18, .box_h = 20, .ofs_x = 1, .ofs_y = 0},
    {.bitmap_index = 21882, .adv_w = 236, .box_w = 13, .box_h = 21, .ofs_x = 1, .ofs_y = 0},
    {.bitmap_index = 22019, .adv_w = 347, .box_w = 20, .box_h = 21, .ofs_x = 1, .ofs_y = 0},
    {.bitmap_index = 22229, .adv_w = 347, .box_w = 20, .box_h = 21, .ofs_x = 1, .ofs_y = 0},
    {.bitmap_index = 22439, .adv_w = 239, .box_w = 13, .box_h = 21, .ofs_x = 1, .ofs_y = 0},
    {.bitmap_index = 22576, .adv_w = 412, .box_w = 18, .box_h = 20, .ofs_x = 4, .ofs_y = 0},
    {.bitmap_index = 22756, .adv_w = 96, .box_w = 4, .box_h = 7, .ofs_x = 1, .ofs_y = -3},
    {.bitmap_index = 22770, .adv_w = 96, .box_w = 4, .box_h = 7, .ofs_x = 1, .ofs_y = -3},
    {.bitmap_index = 22784, .adv_w = 155, .box_w = 10, .box_h = 9, .ofs_x = 0, .ofs_y = 12},
    {.bitmap_index = 22829, .adv_w = 402, .box_w = 23, .box_h = 14, .ofs_x = 1, .ofs_y = 0},
    {.bitmap_index = 22990, .adv_w = 386, .box_w = 22, .box_h = 23, .ofs_x = 1, .ofs_y = -8},
    {.bitmap_index = 23243, .adv_w = 0, .box_w = 2, .box_h = 5, .ofs_x = 0, .ofs_y = 12},
    {.bitmap_index = 23248, .adv_w = 117, .box_w = 9, .box_h = 27, .ofs_x = -1, .ofs_y = 0},
    {.bitmap_index = 23370, .adv_w = 402, .box_w = 23, .box_h = 20, .ofs_x = 1, .ofs_y = 0},
    {.bitmap_index = 23600, .adv_w = 402, .box_w = 23, .box_h = 25, .ofs_x = 1, .ofs_y = -11},
    {.bitmap_index = 23888, .adv_w = 320, .box_w = 18, .box_h = 26, .ofs_x = 1, .ofs_y = -11},
    {.bitmap_index = 24122, .adv_w = 262, .box_w = 14, .box_h = 24, .ofs_x = 1, .ofs_y = 0},
    {.bitmap_index = 24290, .adv_w = 131, .box_w = 9, .box_h = 30, .ofs_x = 0, .ofs_y = -7},
    {.bitmap_index = 24425, .adv_w = 131, .box_w = 9, .box_h = 32, .ofs_x = 0, .ofs_y = -7},
    {.bitmap_index = 24569, .adv_w = 461, .box_w = 27, .box_h = 15, .ofs_x = 1, .ofs_y = 0},
    {.bitmap_index = 24772, .adv_w = 461, .box_w = 27, .box_h = 25, .ofs_x = 1, .ofs_y = 0},
    {.bitmap_index = 25110, .adv_w = 408, .box_w = 23, .box_h = 23, .ofs_x = 1, .ofs_y = 0},
    {.bitmap_index = 25375, .adv_w = 408, .box_w = 23, .box_h = 29, .ofs_x = 1, .ofs_y = 0},
    {.bitmap_index = 25709, .adv_w = 332, .box_w = 19, .box_h = 21, .ofs_x = 1, .ofs_y = -7},
    {.bitmap_index = 25909, .adv_w = 410, .box_w = 23, .box_h = 21, .ofs_x = 1, .ofs_y = -4},
    {.bitmap_index = 26151, .adv_w = 259, .box_w = 14, .box_h = 16, .ofs_x = 1, .ofs_y = 0},
    {.bitmap_index = 26263, .adv_w = 259, .box_w = 14, .box_h = 23, .ofs_x = 1, .ofs_y = 0},
    {.bitmap_index = 26424, .adv_w = 259, .box_w = 14, .box_h = 22, .ofs_x = 1, .ofs_y = 0},
    {.bitmap_index = 26578, .adv_w = 419, .box_w = 24, .box_h = 22, .ofs_x = 1, .ofs_y = -8},
    {.bitmap_index = 26842, .adv_w = 514, .box_w = 30, .box_h = 13, .ofs_x = 1, .ofs_y = -5},
    {.bitmap_index = 27037, .adv_w = 514, .box_w = 30, .box_h = 20, .ofs_x = 1, .ofs_y = -5},
    {.bitmap_index = 27337, .adv_w = 98, .box_w = 4, .box_h = 4, .ofs_x = 1, .ofs_y = 0},
    {.bitmap_index = 27345, .adv_w = 151, .box_w = 5, .box_h = 4, .ofs_x = 2, .ofs_y = 8},
    {.bitmap_index = 27355, .adv_w = 132, .box_w = 4, .box_h = 21, .ofs_x = 2, .ofs_y = 0},
    {.bitmap_index = 27397, .adv_w = 227, .box_w = 12, .box_h = 21, .ofs_x = 1, .ofs_y = 0},
    {.bitmap_index = 27523, .adv_w = 306, .box_w = 17, .box_h = 21, .ofs_x = 1, .ofs_y = 0},
    {.bitmap_index = 27702, .adv_w = 297, .box_w = 17, .box_h = 20, .ofs_x = 1, .ofs_y = 0},
    {.bitmap_index = 27872, .adv_w = 303, .box_w = 17, .box_h = 20, .ofs_x = 1, .ofs_y = 0},
    {.bitmap_index = 28042, .adv_w = 257, .box_w = 12, .box_h = 21, .ofs_x = 1, .ofs_y = 0},
    {.bitmap_index = 28168, .adv_w = 347, .box_w = 20, .box_h = 21, .ofs_x = 1, .ofs_y = 0},
    {.bitmap_index = 28378, .adv_w = 347, .box_w = 20, .box_h = 21, .ofs_x = 1, .ofs_y = 0},
    {.bitmap_index = 28588, .adv_w = 239, .box_w = 13, .box_h = 21, .ofs_x = 1, .ofs_y = 0},
    {.bitmap_index = 28725, .adv_w = 0, .box_w = 0, .box_h = 0, .ofs_x = 0, .ofs_y = 0},
    {.bitmap_index = 28725, .adv_w = 0, .box_w = 0, .box_h = 0, .ofs_x = 0, .ofs_y = 0},
    {.bitmap_index = 28725, .adv_w = 0, .box_w = 0, .box_h = 0, .ofs_x = 0, .ofs_y = 0},
    {.bitmap_index = 28725, .adv_w = 134, .box_w = 10, .box_h = 27, .ofs_x = -1, .ofs_y = 0},
    {.bitmap_index = 28860, .adv_w = 426, .box_w = 27, .box_h = 25, .ofs_x = 1, .ofs_y = -11},
    {.bitmap_index = 29198, .adv_w = 139, .box_w = 9, .box_h = 25, .ofs_x = -1, .ofs_y = -11},
    {.bitmap_index = 29311, .adv_w = 175, .box_w = 13, .box_h = 25, .ofs_x = -1, .ofs_y = -11},
    {.bitmap_index = 29474, .adv_w = 426, .box_w = 27, .box_h = 20, .ofs_x = 1, .ofs_y = 0},
    {.bitmap_index = 29744, .adv_w = 139, .box_w = 10, .box_h = 23, .ofs_x = -1, .ofs_y = 0},
    {.bitmap_index = 29859, .adv_w = 175, .box_w = 13, .box_h = 23, .ofs_x = -1, .ofs_y = 0},
    {.bitmap_index = 30009, .adv_w = 479, .box_w = 30, .box_h = 25, .ofs_x = 1, .ofs_y = 0},
    {.bitmap_index = 30384, .adv_w = 287, .box_w = 18, .box_h = 25, .ofs_x = -1, .ofs_y = 0},
    {.bitmap_index = 30609, .adv_w = 289, .box_w = 20, .box_h = 25, .ofs_x = -1, .ofs_y = 0},
    {.bitmap_index = 30859, .adv_w = 342, .box_w = 21, .box_h = 26, .ofs_x = 1, .ofs_y = -11},
    {.bitmap_index = 31132, .adv_w = 284, .box_w = 18, .box_h = 26, .ofs_x = -1, .ofs_y = -11},
    {.bitmap_index = 31366, .adv_w = 296, .box_w = 21, .box_h = 26, .ofs_x = -1, .ofs_y = -11},
    {.bitmap_index = 31639, .adv_w = 275, .box_w = 17, .box_h = 24, .ofs_x = 1, .ofs_y = 0},
    {.bitmap_index = 31843, .adv_w = 158, .box_w = 11, .box_h = 32, .ofs_x = 0, .ofs_y = -8},
    {.bitmap_index = 32019, .adv_w = 158, .box_w = 11, .box_h = 31, .ofs_x = 0, .ofs_y = -8},
    {.bitmap_index = 32190, .adv_w = 426, .box_w = 27, .box_h = 23, .ofs_x = 1, .ofs_y = 0},
    {.bitmap_index = 32501, .adv_w = 235, .box_w = 15, .box_h = 23, .ofs_x = -1, .ofs_y = 0},
    {.bitmap_index = 32674, .adv_w = 253, .box_w = 18, .box_h = 23, .ofs_x = -1, .ofs_y = 0},
    {.bitmap_index = 32881, .adv_w = 426, .box_w = 27, .box_h = 29, .ofs_x = 1, .ofs_y = 0},
    {.bitmap_index = 33273, .adv_w = 221, .box_w = 15, .box_h = 29, .ofs_x = -1, .ofs_y = 0},
    {.bitmap_index = 33491, .adv_w = 253, .box_w = 18, .box_h = 29, .ofs_x = -1, .ofs_y = 0},
    {.bitmap_index = 33752, .adv_w = 367, .box_w = 23, .box_h = 22, .ofs_x = 1, .ofs_y = -8},
    {.bitmap_index = 34005, .adv_w = 314, .box_w = 20, .box_h = 12, .ofs_x = 1, .ofs_y = 0},
    {.bitmap_index = 34125, .adv_w = 139, .box_w = 8, .box_h = 20, .ofs_x = -1, .ofs_y = -6},
    {.bitmap_index = 34205, .adv_w = 223, .box_w = 16, .box_h = 12, .ofs_x = -1, .ofs_y = -8},
    {.bitmap_index = 34301, .adv_w = 445, .box_w = 28, .box_h = 21, .ofs_x = 1, .ofs_y = -4},
    {.bitmap_index = 34595, .adv_w = 336, .box_w = 21, .box_h = 17, .ofs_x = -1, .ofs_y = 0},
    {.bitmap_index = 34774, .adv_w = 375, .box_w = 26, .box_h = 17, .ofs_x = -1, .ofs_y = 0},
    {.bitmap_index = 34995, .adv_w = 485, .box_w = 30, .box_h = 15, .ofs_x = 1, .ofs_y = -11},
    {.bitmap_index = 35220, .adv_w = 485, .box_w = 30, .box_h = 22, .ofs_x = 1, .ofs_y = -11},
    {.bitmap_index = 35550, .adv_w = 0, .box_w = 4, .box_h = 4, .ofs_x = 0, .ofs_y = 7},
    {.bitmap_index = 35558, .adv_w = 0, .box_w = 4, .box_h = 4, .ofs_x = 0, .ofs_y = -5},
    {.bitmap_index = 35566, .adv_w = 0, .box_w = 8, .box_h = 4, .ofs_x = 0, .ofs_y = 13},
    {.bitmap_index = 35582, .adv_w = 0, .box_w = 8, .box_h = 4, .ofs_x = 0, .ofs_y = -5},
    {.bitmap_index = 35598, .adv_w = 0, .box_w = 8, .box_h = 7, .ofs_x = 0, .ofs_y = 13},
    {.bitmap_index = 35626, .adv_w = 0, .box_w = 8, .box_h = 7, .ofs_x = 0, .ofs_y = -7},
    {.bitmap_index = 35654, .adv_w = 0, .box_w = 8, .box_h = 7, .ofs_x = 0, .ofs_y = 8},
    {.bitmap_index = 35682, .adv_w = 0, .box_w = 8, .box_h = 7, .ofs_x = 0, .ofs_y = -9},
    {.bitmap_index = 35710, .adv_w = 0, .box_w = 4, .box_h = 8, .ofs_x = 0, .ofs_y = 9},
    {.bitmap_index = 35726, .adv_w = 0, .box_w = 4, .box_h = 8, .ofs_x = 0, .ofs_y = -10},
    {.bitmap_index = 35742, .adv_w = 392, .box_w = 25, .box_h = 14, .ofs_x = 1, .ofs_y = -9},
    {.bitmap_index = 35917, .adv_w = 139, .box_w = 9, .box_h = 21, .ofs_x = -1, .ofs_y = -7},
    {.bitmap_index = 36012, .adv_w = 175, .box_w = 13, .box_h = 21, .ofs_x = -1, .ofs_y = -7},
    {.bitmap_index = 36149, .adv_w = 309, .box_w = 20, .box_h = 29, .ofs_x = 0, .ofs_y = -8},
    {.bitmap_index = 36439, .adv_w = 309, .box_w = 20, .box_h = 29, .ofs_x = 0, .ofs_y = -8},
    {.bitmap_index = 36729, .adv_w = 510, .box_w = 32, .box_h = 29, .ofs_x = 1, .ofs_y = -8},
    {.bitmap_index = 37193, .adv_w = 309, .box_w = 20, .box_h = 22, .ofs_x = 0, .ofs_y = -8},
    {.bitmap_index = 37413, .adv_w = 309, .box_w = 20, .box_h = 29, .ofs_x = 0, .ofs_y = -8},
    {.bitmap_index = 37703, .adv_w = 510, .box_w = 32, .box_h = 25, .ofs_x = 1, .ofs_y = -8},
    {.bitmap_index = 38103, .adv_w = 309, .box_w = 20, .box_h = 29, .ofs_x = 0, .ofs_y = -8},
    {.bitmap_index = 38393, .adv_w = 309, .box_w = 20, .box_h = 29, .ofs_x = 0, .ofs_y = -8},
    {.bitmap_index = 38683, .adv_w = 510, .box_w = 32, .box_h = 29, .ofs_x = 1, .ofs_y = -8},
    {.bitmap_index = 39147, .adv_w = 309, .box_w = 20, .box_h = 32, .ofs_x = 0, .ofs_y = -8},
    {.bitmap_index = 39467, .adv_w = 309, .box_w = 20, .box_h = 32, .ofs_x = 0, .ofs_y = -8},
    {.bitmap_index = 39787, .adv_w = 510, .box_w = 32, .box_h = 32, .ofs_x = 1, .ofs_y = -8},
    {.bitmap_index = 40299, .adv_w = 309, .box_w = 20, .box_h = 29, .ofs_x = 0, .ofs_y = -8},
    {.bitmap_index = 40589, .adv_w = 309, .box_w = 20, .box_h = 29, .ofs_x = 0, .ofs_y = -8},
    {.bitmap_index = 40879, .adv_w = 510, .box_w = 32, .box_h = 29, .ofs_x = 1, .ofs_y = -8},
    {.bitmap_index = 41343, .adv_w = 309, .box_w = 20, .box_h = 22, .ofs_x = 0, .ofs_y = -8},
    {.bitmap_index = 41563, .adv_w = 309, .box_w = 20, .box_h = 29, .ofs_x = 0, .ofs_y = -8},
    {.bitmap_index = 41853, .adv_w = 510, .box_w = 32, .box_h = 25, .ofs_x = 1, .ofs_y = -8},
    {.bitmap_index = 42253, .adv_w = 521, .box_w = 31, .box_h = 32, .ofs_x = 0, .ofs_y = -8},
    {.bitmap_index = 42749, .adv_w = 521, .box_w = 31, .box_h = 22, .ofs_x = 0, .ofs_y = -8},
    {.bitmap_index = 43090, .adv_w = 573, .box_w = 35, .box_h = 24, .ofs_x = 0, .ofs_y = -8},
    {.bitmap_index = 43510, .adv_w = 573, .box_w = 35, .box_h = 31, .ofs_x = 0, .ofs_y = -8},
    {.bitmap_index = 44053, .adv_w = 557, .box_w = 36, .box_h = 32, .ofs_x = 0, .ofs_y = -8},
    {.bitmap_index = 44629, .adv_w = 557, .box_w = 36, .box_h = 22, .ofs_x = 0, .ofs_y = -8},
    {.bitmap_index = 45025, .adv_w = 591, .box_w = 38, .box_h = 24, .ofs_x = 0, .ofs_y = -8},
    {.bitmap_index = 45481, .adv_w = 591, .box_w = 38, .box_h = 31, .ofs_x = 0, .ofs_y = -8},
    {.bitmap_index = 46070, .adv_w = 140, .box_w = 8, .box_h = 25, .ofs_x = 1, .ofs_y = -3},
    {.bitmap_index = 46170, .adv_w = 140, .box_w = 7, .box_h = 25, .ofs_x = 0, .ofs_y = -3},
    {.bitmap_index = 46258, .adv_w = 667, .box_w = 39, .box_h = 32, .ofs_x = 1, .ofs_y = 0},
    {.bitmap_index = 46882, .adv_w = 134, .box_w = 10, .box_h = 26, .ofs_x = -1, .ofs_y = 0},
    {.bitmap_index = 47012, .adv_w = 134, .box_w = 10, .box_h = 26, .ofs_x = -1, .ofs_y = 0},
    {.bitmap_index = 47142, .adv_w = 134, .box_w = 9, .box_h = 28, .ofs_x = 0, .ofs_y = 0},
    {.bitmap_index = 47268, .adv_w = 134, .box_w = 9, .box_h = 28, .ofs_x = 0, .ofs_y = 0},
    {.bitmap_index = 47394, .adv_w = 274, .box_w = 17, .box_h = 31, .ofs_x = 1, .ofs_y = -8},
    {.bitmap_index = 47658, .adv_w = 134, .box_w = 9, .box_h = 31, .ofs_x = 0, .ofs_y = -8},
    {.bitmap_index = 47798, .adv_w = 392, .box_w = 26, .box_h = 21, .ofs_x = 0, .ofs_y = -9},
    {.bitmap_index = 48071, .adv_w = 139, .box_w = 10, .box_h = 22, .ofs_x = -1, .ofs_y = 0},
    {.bitmap_index = 48181, .adv_w = 175, .box_w = 13, .box_h = 22, .ofs_x = -1, .ofs_y = 0},
    {.bitmap_index = 48324, .adv_w = 134, .box_w = 7, .box_h = 23, .ofs_x = 2, .ofs_y = 0},
    {.bitmap_index = 48405, .adv_w = 134, .box_w = 7, .box_h = 23, .ofs_x = 2, .ofs_y = 0},
    {.bitmap_index = 48486, .adv_w = 426, .box_w = 27, .box_h = 22, .ofs_x = 1, .ofs_y = -8},
    {.bitmap_index = 48783, .adv_w = 139, .box_w = 8, .box_h = 22, .ofs_x = -1, .ofs_y = -8},
    {.bitmap_index = 48871, .adv_w = 175, .box_w = 13, .box_h = 22, .ofs_x = -1, .ofs_y = -8},
    {.bitmap_index = 49014, .adv_w = 285, .box_w = 18, .box_h = 22, .ofs_x = 1, .ofs_y = 0},
    {.bitmap_index = 49212, .adv_w = 285, .box_w = 18, .box_h = 22, .ofs_x = 1, .ofs_y = 0},
    {.bitmap_index = 49410, .adv_w = 426, .box_w = 27, .box_h = 18, .ofs_x = 1, .ofs_y = 0},
    {.bitmap_index = 49653, .adv_w = 426, .box_w = 27, .box_h = 18, .ofs_x = 1, .ofs_y = 0},
    {.bitmap_index = 49896, .adv_w = 139, .box_w = 11, .box_h = 21, .ofs_x = -1, .ofs_y = 0},
    {.bitmap_index = 50012, .adv_w = 175, .box_w = 13, .box_h = 21, .ofs_x = -1, .ofs_y = 0},
    {.bitmap_index = 50149, .adv_w = 426, .box_w = 27, .box_h = 21, .ofs_x = 1, .ofs_y = 0},
    {.bitmap_index = 50433, .adv_w = 139, .box_w = 11, .box_h = 24, .ofs_x = -1, .ofs_y = 0},
    {.bitmap_index = 50565, .adv_w = 175, .box_w = 13, .box_h = 24, .ofs_x = -1, .ofs_y = 0},
    {.bitmap_index = 50721, .adv_w = 332, .box_w = 21, .box_h = 26, .ofs_x = 1, .ofs_y = -11},
    {.bitmap_index = 50994, .adv_w = 284, .box_w = 18, .box_h = 23, .ofs_x = -1, .ofs_y = -8},
    {.bitmap_index = 51201, .adv_w = 296, .box_w = 21, .box_h = 23, .ofs_x = -1, .ofs_y = -8},
    {.bitmap_index = 51443, .adv_w = 332, .box_w = 21, .box_h = 26, .ofs_x = 1, .ofs_y = -11},
    {.bitmap_index = 51716, .adv_w = 284, .box_w = 18, .box_h = 15, .ofs_x = -1, .ofs_y = 0},
    {.bitmap_index = 51851, .adv_w = 296, .box_w = 21, .box_h = 15, .ofs_x = -1, .ofs_y = 0},
    {.bitmap_index = 52009, .adv_w = 332, .box_w = 21, .box_h = 33, .ofs_x = 1, .ofs_y = -11},
    {.bitmap_index = 52356, .adv_w = 284, .box_w = 18, .box_h = 22, .ofs_x = -1, .ofs_y = 0},
    {.bitmap_index = 52554, .adv_w = 296, .box_w = 21, .box_h = 22, .ofs_x = -1, .ofs_y = 0},
    {.bitmap_index = 52785, .adv_w = 275, .box_w = 17, .box_h = 15, .ofs_x = 1, .ofs_y = 0},
    {.bitmap_index = 52913, .adv_w = 275, .box_w = 17, .box_h = 15, .ofs_x = 1, .ofs_y = 0},
    {.bitmap_index = 53041, .adv_w = 275, .box_w = 17, .box_h = 22, .ofs_x = 1, .ofs_y = 0},
    {.bitmap_index = 53228, .adv_w = 158, .box_w = 11, .box_h = 22, .ofs_x = 0, .ofs_y = -8},
    {.bitmap_index = 53349, .adv_w = 158, .box_w = 11, .box_h = 22, .ofs_x = 0, .ofs_y = -8},
    {.bitmap_index = 53470, .adv_w = 158, .box_w = 11, .box_h = 29, .ofs_x = 0, .ofs_y = -8},
    {.bitmap_index = 53630, .adv_w = 602, .box_w = 38, .box_h = 21, .ofs_x = 1, .ofs_y = -7},
    {.bitmap_index = 54029, .adv_w = 376, .box_w = 23, .box_h = 14, .ofs_x = -1, .ofs_y = 0},
    {.bitmap_index = 54190, .adv_w = 412, .box_w = 28, .box_h = 14, .ofs_x = -1, .ofs_y = 0},
    {.bitmap_index = 54386, .adv_w = 602, .box_w = 38, .box_h = 31, .ofs_x = 1, .ofs_y = -7},
    {.bitmap_index = 54975, .adv_w = 376, .box_w = 23, .box_h = 24, .ofs_x = -1, .ofs_y = 0},
    {.bitmap_index = 55251, .adv_w = 412, .box_w = 28, .box_h = 24, .ofs_x = -1, .ofs_y = 0},
    {.bitmap_index = 55587, .adv_w = 657, .box_w = 41, .box_h = 23, .ofs_x = 1, .ofs_y = -7},
    {.bitmap_index = 56059, .adv_w = 439, .box_w = 27, .box_h = 16, .ofs_x = -1, .ofs_y = 0},
    {.bitmap_index = 56275, .adv_w = 465, .box_w = 31, .box_h = 16, .ofs_x = -1, .ofs_y = 0},
    {.bitmap_index = 56523, .adv_w = 657, .box_w = 41, .box_h = 30, .ofs_x = 1, .ofs_y = -7},
    {.bitmap_index = 57138, .adv_w = 439, .box_w = 27, .box_h = 23, .ofs_x = -1, .ofs_y = 0},
    {.bitmap_index = 57449, .adv_w = 465, .box_w = 31, .box_h = 23, .ofs_x = -1, .ofs_y = 0},
    {.bitmap_index = 57806, .adv_w = 400, .box_w = 25, .box_h = 23, .ofs_x = 1, .ofs_y = 0},
    {.bitmap_index = 58094, .adv_w = 386, .box_w = 24, .box_h = 23, .ofs_x = -1, .ofs_y = 0},
    {.bitmap_index = 58370, .adv_w = 412, .box_w = 28, .box_h = 23, .ofs_x = -1, .ofs_y = 0},
    {.bitmap_index = 58692, .adv_w = 400, .box_w = 25, .box_h = 23, .ofs_x = 1, .ofs_y = 0},
    {.bitmap_index = 58980, .adv_w = 386, .box_w = 24, .box_h = 23, .ofs_x = -1, .ofs_y = 0},
    {.bitmap_index = 59256, .adv_w = 412, .box_w = 28, .box_h = 23, .ofs_x = -1, .ofs_y = 0},
    {.bitmap_index = 59578, .adv_w = 321, .box_w = 20, .box_h = 26, .ofs_x = 1, .ofs_y = -11},
    {.bitmap_index = 59838, .adv_w = 281, .box_w = 18, .box_h = 15, .ofs_x = -1, .ofs_y = 0},
    {.bitmap_index = 59973, .adv_w = 335, .box_w = 23, .box_h = 15, .ofs_x = -1, .ofs_y = 0},
    {.bitmap_index = 60146, .adv_w = 321, .box_w = 20, .box_h = 33, .ofs_x = 1, .ofs_y = -11},
    {.bitmap_index = 60476, .adv_w = 281, .box_w = 18, .box_h = 22, .ofs_x = -1, .ofs_y = 0},
    {.bitmap_index = 60674, .adv_w = 335, .box_w = 23, .box_h = 22, .ofs_x = -1, .ofs_y = 0},
    {.bitmap_index = 60927, .adv_w = 479, .box_w = 30, .box_h = 22, .ofs_x = 1, .ofs_y = 0},
    {.bitmap_index = 61257, .adv_w = 287, .box_w = 18, .box_h = 22, .ofs_x = -1, .ofs_y = 0},
    {.bitmap_index = 61455, .adv_w = 289, .box_w = 20, .box_h = 22, .ofs_x = -1, .ofs_y = 0},
    {.bitmap_index = 61675, .adv_w = 413, .box_w = 26, .box_h = 30, .ofs_x = 1, .ofs_y = -8},
    {.bitmap_index = 62065, .adv_w = 287, .box_w = 18, .box_h = 22, .ofs_x = -1, .ofs_y = 0},
    {.bitmap_index = 62263, .adv_w = 289, .box_w = 20, .box_h = 22, .ofs_x = -1, .ofs_y = 0},
    {.bitmap_index = 62483, .adv_w = 424, .box_w = 27, .box_h = 23, .ofs_x = 1, .ofs_y = 0},
    {.bitmap_index = 62794, .adv_w = 235, .box_w = 15, .box_h = 23, .ofs_x = -1, .ofs_y = 0},
    {.bitmap_index = 62967, .adv_w = 253, .box_w = 18, .box_h = 23, .ofs_x = -1, .ofs_y = 0},
    {.bitmap_index = 63174, .adv_w = 359, .box_w = 23, .box_h = 29, .ofs_x = 1, .ofs_y = -6},
    {.bitmap_index = 63508, .adv_w = 130, .box_w = 8, .box_h = 23, .ofs_x = -1, .ofs_y = 0},
    {.bitmap_index = 63600, .adv_w = 157, .box_w = 12, .box_h = 23, .ofs_x = -1, .ofs_y = 0},
    {.bitmap_index = 63738, .adv_w = 330, .box_w = 21, .box_h = 24, .ofs_x = 1, .ofs_y = -10},
    {.bitmap_index = 63990, .adv_w = 314, .box_w = 19, .box_h = 14, .ofs_x = -1, .ofs_y = 0},
    {.bitmap_index = 64123, .adv_w = 349, .box_w = 24, .box_h = 14, .ofs_x = -1, .ofs_y = 0},
    {.bitmap_index = 64291, .adv_w = 367, .box_w = 23, .box_h = 25, .ofs_x = 1, .ofs_y = -8},
    {.bitmap_index = 64579, .adv_w = 367, .box_w = 23, .box_h = 25, .ofs_x = 1, .ofs_y = -8},
    {.bitmap_index = 64867, .adv_w = 139, .box_w = 9, .box_h = 21, .ofs_x = -1, .ofs_y = 0},
    {.bitmap_index = 64962, .adv_w = 175, .box_w = 13, .box_h = 21, .ofs_x = -1, .ofs_y = 0},
    {.bitmap_index = 65099, .adv_w = 285, .box_w = 18, .box_h = 15, .ofs_x = 1, .ofs_y = 0},
    {.bitmap_index = 65234, .adv_w = 336, .box_w = 21, .box_h = 17, .ofs_x = -1, .ofs_y = 0},
    {.bitmap_index = 65413, .adv_w = 291, .box_w = 20, .box_h = 24, .ofs_x = -1, .ofs_y = -9},
    {.bitmap_index = 65653, .adv_w = 274, .box_w = 17, .box_h = 23, .ofs_x = 1, .ofs_y = -8},
    {.bitmap_index = 65849, .adv_w = 392, .box_w = 25, .box_h = 14, .ofs_x = 1, .ofs_y = -9},
    {.bitmap_index = 66024, .adv_w = 392, .box_w = 25, .box_h = 21, .ofs_x = 1, .ofs_y = -16},
    {.bitmap_index = 66287, .adv_w = 139, .box_w = 9, .box_h = 21, .ofs_x = -1, .ofs_y = -7},
    {.bitmap_index = 66382, .adv_w = 175, .box_w = 13, .box_h = 21, .ofs_x = -1, .ofs_y = -7},
    {.bitmap_index = 66519, .adv_w = 310, .box_w = 16, .box_h = 23, .ofs_x = 2, .ofs_y = 0},
    {.bitmap_index = 66703, .adv_w = 328, .box_w = 20, .box_h = 23, .ofs_x = 2, .ofs_y = 0},
    {.bitmap_index = 66933, .adv_w = 310, .box_w = 16, .box_h = 25, .ofs_x = 2, .ofs_y = 0},
    {.bitmap_index = 67133, .adv_w = 328, .box_w = 20, .box_h = 25, .ofs_x = 2, .ofs_y = 0},
    {.bitmap_index = 67383, .adv_w = 310, .box_w = 16, .box_h = 31, .ofs_x = 2, .ofs_y = -8},
    {.bitmap_index = 67631, .adv_w = 328, .box_w = 20, .box_h = 31, .ofs_x = 2, .ofs_y = -8},
    {.bitmap_index = 67941, .adv_w = 310, .box_w = 16, .box_h = 23, .ofs_x = 2, .ofs_y = 0},
    {.bitmap_index = 68125, .adv_w = 328, .box_w = 20, .box_h = 23, .ofs_x = 2, .ofs_y = 0}
};

/*---------------------
 *  CHARACTER MAPPING
 *--------------------*/

static const uint16_t unicode_list_1[] = {
    0x0, 0x56c, 0x575, 0x57b, 0x57f
};

static const uint16_t unicode_list_6[] = {
    0x0, 0x5, 0xd, 0xf, 0x18, 0x1f, 0x28, 0x2b,
    0x30, 0x36, 0x41, 0x45, 0x48, 0x49, 0x4a, 0x53,
    0x59, 0x5a, 0x5b, 0x77, 0x78, 0x79, 0x7a, 0x7b,
    0x7c, 0x7d, 0x7e, 0x7f, 0x80, 0x1992, 0x1993, 0x1994,
    0xf4d8, 0xf4de, 0xf4df, 0xf4e0, 0xf4ee, 0xf4ef, 0xf4f0, 0xf4f2,
    0xf4f3, 0xf4f4, 0xf502, 0xf503, 0xf504, 0xf510, 0xf512, 0xf514,
    0xf516, 0xf517, 0xf518, 0xf51a, 0xf51b, 0xf51c, 0xf526, 0xf52e,
    0xf52f, 0xf530, 0xf532, 0xf533, 0xf534, 0xf536, 0xf538, 0xf539,
    0xf53a, 0xf53b, 0xf53c, 0xf53d, 0xf53e, 0xf53f, 0xf540, 0xf544,
    0xf545, 0xf584, 0xf585, 0xf586, 0xf5eb, 0xf5ec, 0xf5ee, 0xf5f1,
    0xf5f2, 0xf5f4, 0xf5f7, 0xf5f8, 0xf5fa, 0xf5fd, 0xf5fe, 0xf600,
    0xf611, 0xf612, 0xf614, 0xf618, 0xf619, 0xf61b, 0xf694, 0xf695,
    0xf696, 0xf697, 0xf6b0, 0xf6b1, 0xf6b2, 0xf6b3, 0xf6c5, 0xf6c6,
    0xf779
};

static const uint8_t glyph_id_ofs_list_7[] = {
    0, 0, 1, 2, 3, 0, 4, 0,
    5, 0, 6, 7, 8, 9, 10, 0,
    11, 12, 13, 14, 15, 16, 17, 18,
    19, 0, 20, 21, 22, 0, 23, 24,
    25, 0, 26, 27, 28, 0, 29, 30,
    31, 32, 33, 0, 34, 35, 36, 0,
    37, 0, 38, 39, 40, 0, 41, 42,
    43, 44, 44, 45, 46, 0, 47, 48,
    49, 0, 50, 51, 52, 0, 53, 54,
    55, 0, 56, 57, 58, 0, 59, 60,
    61, 0, 62, 63, 64, 0, 65, 66,
    67, 0, 68, 69, 70, 0, 71, 72,
    73, 74, 74, 75, 76, 77, 78, 79,
    80, 0, 81, 82, 83, 0, 84, 0,
    85, 0, 86, 87, 88, 89, 90, 91,
    92, 93, 94, 95, 96
};

/*Collect the unicode lists and glyph_id offsets*/
static const lv_font_fmt_txt_cmap_t cmaps[] =
{
    {
        .range_start = 32, .range_length = 95, .glyph_id_start = 1,
        .unicode_list = NULL, .glyph_id_ofs_list = NULL, .list_length = 0, .type = LV_FONT_FMT_TXT_CMAP_FORMAT0_TINY
    },
    {
        .range_start = 160, .range_length = 1408, .glyph_id_start = 96,
        .unicode_list = unicode_list_1, .glyph_id_ofs_list = NULL, .list_length = 5, .type = LV_FONT_FMT_TXT_CMAP_SPARSE_TINY
    },
    {
        .range_start = 1569, .range_length = 26, .glyph_id_start = 101,
        .unicode_list = NULL, .glyph_id_ofs_list = NULL, .list_length = 0, .type = LV_FONT_FMT_TXT_CMAP_FORMAT0_TINY
    },
    {
        .range_start = 1600, .range_length = 23, .glyph_id_start = 127,
        .unicode_list = NULL, .glyph_id_ofs_list = NULL, .list_length = 0, .type = LV_FONT_FMT_TXT_CMAP_FORMAT0_TINY
    },
    {
        .range_start = 1624, .range_length = 1, .glyph_id_start = 150,
        .unicode_list = NULL, .glyph_id_ofs_list = NULL, .list_length = 0, .type = LV_FONT_FMT_TXT_CMAP_FORMAT0_TINY
    },
    {
        .range_start = 1632, .range_length = 18, .glyph_id_start = 151,
        .unicode_list = NULL, .glyph_id_ofs_list = NULL, .list_length = 0, .type = LV_FONT_FMT_TXT_CMAP_FORMAT0_TINY
    },
    {
        .range_start = 1657, .range_length = 63354, .glyph_id_start = 169,
        .unicode_list = unicode_list_6, .glyph_id_ofs_list = NULL, .list_length = 105, .type = LV_FONT_FMT_TXT_CMAP_SPARSE_TINY
    },
    {
        .range_start = 65152, .range_length = 125, .glyph_id_start = 274,
        .unicode_list = NULL, .glyph_id_ofs_list = glyph_id_ofs_list_7, .list_length = 125, .type = LV_FONT_FMT_TXT_CMAP_FORMAT0_FULL
    }
};

/*-----------------
 *    KERNING
 *----------------*/


/*Pair left and right glyphs for kerning*/
static const uint16_t kern_pair_glyph_ids[] =
{
    8, 15,
    9, 26,
    16, 26,
    24, 15,
    92, 26
};

/* Kerning between the respective left and right glyphs
 * 4.4 format which needs to scaled with `kern_scale`*/
static const int8_t kern_pair_values[] =
{
    -26, -4, -8, -13, -8
};

/*Collect the kern pair's data in one place*/
static const lv_font_fmt_txt_kern_pair_t kern_pairs =
{
    .glyph_ids = kern_pair_glyph_ids,
    .values = kern_pair_values,
    .pair_cnt = 5,
    .glyph_ids_size = 1
};

/*--------------------
 *  ALL CUSTOM DATA
 *--------------------*/

#if LVGL_VERSION_MAJOR == 8
/*Store all the custom data of the font*/
static  lv_font_fmt_txt_glyph_cache_t cache;
#endif

#if LVGL_VERSION_MAJOR >= 8
static const lv_font_fmt_txt_dsc_t font_dsc = {
#else
static lv_font_fmt_txt_dsc_t font_dsc = {
#endif
    .glyph_bitmap = glyph_bitmap,
    .glyph_dsc = glyph_dsc,
    .cmaps = cmaps,
    .kern_dsc = &kern_pairs,
    .kern_scale = 16,
    .cmap_num = 8,
    .bpp = 4,
    .kern_classes = 0,
    .bitmap_format = 0,
#if LVGL_VERSION_MAJOR == 8
    .cache = &cache
#endif
};



/*-----------------
 *  PUBLIC FONT
 *----------------*/

/*Initialize a public general font descriptor*/
#if LVGL_VERSION_MAJOR >= 8
const lv_font_t font_alexandria_28 = {
#else
lv_font_t font_alexandria_28 = {
#endif
    .get_glyph_dsc = lv_font_get_glyph_dsc_fmt_txt,    /*Function pointer to get glyph's data*/
    .get_glyph_bitmap = lv_font_get_bitmap_fmt_txt,    /*Function pointer to get glyph's bitmap*/
    .line_height = 48,          /*The maximum line height required by the font*/
    .base_line = 16,             /*Baseline measured from the bottom of the line*/
#if !(LVGL_VERSION_MAJOR == 6 && LVGL_VERSION_MINOR == 0)
    .subpx = LV_FONT_SUBPX_NONE,
#endif
#if LV_VERSION_CHECK(7, 4, 0) || LVGL_VERSION_MAJOR >= 8
    .underline_position = -3,
    .underline_thickness = 1,
#endif
    .dsc = &font_dsc,          /*The custom font data. Will be accessed by `get_glyph_bitmap/dsc` */
#if LV_VERSION_CHECK(8, 2, 0) || LVGL_VERSION_MAJOR >= 9
    .fallback = NULL,
#endif
    .user_data = NULL,
};



#endif /*#if FONT_ALEXANDRIA_28*/

